2.6842372483 1.7569755278
-2.2738918001 -0.0496177223
1.0351324618 1.0222510569
-2.4833862661 0.2489599849
-2.7671679290 1.2024033139
2.7500799369 -1.1016069295
2.7543715454 -0.5379887872
0.8947613871 2.9131633083
3.3033466702 -1.2020697700
3.7014197931 -0.8085223475
1.6575175400 1.3457672070
1.2010094008 1.6719207528
2.1056931466 -0.6452343768
1.9060445274 1.5109904680
3.0282387259 -1.0099322688
1.6761381058 1.9892253629
1.6848850676 -2.7638825238
-0.2870971438 2.5464343075
3.6912169858 -1.0593297363
-0.2631269744 2.2848712665
2.1944348812 2.4935179272
-1.4963100883 1.1788060345
0.9624425568 1.7939085225
0.5223687961 1.3260440879
-2.2714196337 0.7167664966
-1.2536850412 -0.2396829492
1.5711503299 0.6950632030
3.8067204535 -0.8885304940
3.4223553764 -1.7912127874
1.2745735441 0.8040602712
3.8237894271 -0.7460431667
3.5791445380 -1.5116977832
2.1819805453 2.5082596289
3.4659538871 -1.4987017738
2.8312084450 -0.4790382764
1.1769719680 3.4906876930
3.6311395354 -1.1116242657
1.5815831994 -1.8704303408
-0.5198698372 1.5014453591
0.5824419137 0.7152691023
-1.0606800545 1.5599959281
0.9903723892 1.7872168426
-0.4074885779 2.9399998416
3.6034619671 -1.2485608947
-2.2933500064 -0.2562163467
0.8748134103 2.3365508045
-1.5471079717 0.5153424865
-2.2554603391 -0.5400901864
2.0040563736 1.7802874244
-0.0327209936 2.3816852513
-2.6290493997 0.8198027544
0.0939888441 2.7376471566
-1.1300132962 0.4233597357
0.9412820962 0.9447882193
1.9230904471 1.2920876382
0.6992469222 1.1324281606
2.8156137166 -2.0754096414
1.7276680303 3.5252357004
0.3173233277 3.8745716842
2.9598474848 -1.3642134460
2.2632673710 1.6043952876
3.2545707956 -2.4886780523
2.6171285927 2.0770663759
2.0315265826 1.0550806505
2.7743151605 0.7572874286
-1.0238419434 2.2561455614
1.6331704977 1.0145717163
0.6749373112 0.2344494974
1.8678985620 -2.3215243634
1.6802464108 1.5100252621
1.6172308282 1.8172337864
0.0561789613 3.4830206420
1.2644383681 2.5770987350
0.3400856903 1.7236327944
-0.3109762111 1.1397036366
1.4648810202 0.8331442440
0.7585551573 2.8203127264
3.0540146153 -1.8320091198
0.7288857654 2.6233572821
1.2905546615 1.8415393675
-1.9815449060 0.0754611019
3.0757856956 -2.0649612870
-1.9143192523 0.4504259764
2.2895812372 1.7276227688
1.7024931532 0.3580829116
2.9074336777 -1.7663478543
2.6218474869 -0.8517679681
1.8333349275 2.1143112915
3.0398585588 -2.2715475520
-0.1228248821 2.1977794064
3.6315104937 -1.7459255944
3.1147974424 -1.9095918347
-0.3525556494 1.7444347791
1.9720546713 1.9525991238
-2.5627174078 -0.0691470730
0.7910518296 3.0915348752
-1.4848027756 1.5361474973
2.8864887018 -2.4725621724
-2.7646381241 0.1060807438
-2.7461119725 -0.3101600376
1.9495388934 0.7542150595
0.2623509944 1.9463485151
2.5198467147 -2.3827780771
-1.7822911777 -0.6243410953
-0.8979645810 1.4360869612
1.6491084109 3.7280002329
3.7415303770 -1.4931419125
1.8642276094 2.7675707396
1.2925942801 3.4395743472
-2.2362966623 -0.2725666801
3.4774120130 -1.6585545864
0.0963608141 2.0217506966
1.6143681387 1.7050118360
0.3449436346 1.9865706703
-0.1016463746 1.5247416639
1.7358526879 0.9979585574
-0.4972606431 1.7394622141
1.7958079552 1.8879699720
2.4341137771 -1.3662590570
0.0135152965 3.4525555873
2.7075396275 -0.7471047343
1.1264780353 2.1731505393
1.5703491963 2.1631083816
0.2084320473 0.1028786728
-1.9058300862 0.5382248544
-1.9319969022 0.4968136912
1.2622760831 1.6173518225
-1.1319401574 1.7988815155
0.3513379827 2.2325824237
-2.2010558235 -0.7955145729
1.7697353555 2.7380788566
1.9338522060 2.3431469298
2.7273122995 0.6719027572
-0.8016919963 3.2711941775
2.7346356127 -1.3475783368
2.0670668313 -2.0152803458
-3.4646012211 -0.1596658278
3.4973491114 -2.3683408993
-2.2636418416 -0.4118744562
1.2361982569 0.8858620805
2.2565759403 -1.3526511026
-1.7104793768 -0.3316369497
2.1492125796 -2.1791569338
-1.9730375192 0.4361456492
-1.8938176213 0.1479604834
2.3803830186 -0.8603178814
2.8461134563 -1.4885723313
-0.6386629514 1.8999546630
-0.6994643625 0.1153016118
-0.9711466098 2.1701572013
-2.7750018608 0.7778423695
1.0789749565 1.4794898855
2.3962089540 2.5285902453
-0.0687562634 3.5721405039
2.5799398654 2.0537160031
3.1096717203 -1.9147777514
1.4499828904 1.3394637588
0.9471245878 1.9974072060
2.1010729689 -1.2567323505
3.4319155713 -1.8472503905
-1.8082296255 -0.8372234138
2.8284810250 -1.2771023185
1.5093756015 2.7452253886
-3.2027499014 -2.0711173139
-1.6282409793 1.9487841743
2.6061844002 -2.1859523074
-2.2318347728 -1.3703913673
2.8151415972 -0.9661352469
2.9705167640 1.0278609596
-0.2316031057 3.3706236456
-2.5830065775 -0.7748696110
1.0620796528 2.7551658929
1.5812672251 1.2514183056
0.5392123252 1.1988663352
1.9852033927 -1.6720816588
0.9457573738 1.5770022967
0.0148596153 1.4941338365
3.7927312853 -1.8749449987
0.0432300248 1.9136924723
3.1295172044 -1.6431609020
0.9060194720 1.4446497944
-0.0265200047 2.0093695413
0.6483627671 1.3280245977
1.0717822826 2.7121945346
-1.8039303055 0.2489293207
2.9189389218 -1.9714699433
0.8604529558 1.5231148614
1.2870780908 3.4806333090
2.7753023763 -0.8534693557
1.1885899747 2.0964805149
1.7907961963 1.8538919671
3.1293121550 -1.9238765467
2.5139138670 -0.1217601917
2.9678886327 -1.3324713399
1.2726912490 1.6289892988
-0.0280493187 2.4326025204
-1.6501373086 2.0771593055
-1.4336285707 0.3193749957
-1.6460282395 -0.2149474199
2.6709233581 0.8191858780
2.6314540644 -1.0511102218
2.4284715950 2.9217311296
-0.4989359110 2.7254422499
1.5817259908 0.2565110683
1.6123068173 2.5312910350
-3.1317393823 -0.8270822177
0.2520971701 0.0037963434
3.1055244786 -1.9931075661
2.6619391287 -1.3818317574
1.3481361045 2.3517481244
1.2752546000 2.7139943481
-0.6223209084 1.6184427843
0.3816346348 2.2790311690
0.5728310419 1.8953856167
3.1323712842 -0.9882550525
2.4446662464 1.5700561870
-1.2172943523 0.9153909485
3.0297907908 -1.7430881619
2.8053194789 1.3290899374
3.5636649851 -0.2706781015
1.3677461223 2.9043085337
-2.1989251134 -1.1751930583
4.0542684186 -1.0001158797
2.1133542781 -1.8554464020
2.4155505216 0.9354033118
2.6122933038 -1.7975258511
-2.3360459170 1.4331909182
2.2993557967 2.2529365032
0.3947516610 2.9409666704
-0.2910394225 1.5190495058
2.8409777970 -1.8565449844
2.7914222307 -1.5261995207
2.1324045993 1.8273772138
-0.6270475737 2.3260434279
0.2452269501 2.0201227395
2.8584139557 -1.0482934706
-1.9671960248 0.4909684333
-0.1527240224 2.3303425230
2.2502684306 -1.3698389608
3.4338923087 -1.6051123962
3.6129268274 -2.0621457112
3.9564480417 -0.5874918441
-1.6070962086 -0.6083305388
-2.6463432687 -0.3113878172
-3.4588367681 1.2491968925
1.3337885011 1.7698720231
1.0646805704 2.1378133742
-1.7991141584 0.0284174472
2.2292538908 1.9764589238
-0.7051651960 1.8992579211
1.5369438504 2.1125661531
3.2216523484 -1.2268520357
2.3016447378 0.5553737508
3.0200394110 -1.5695152322
-1.6408674951 3.1665694543
0.2919340333 1.6663732570
3.8631050171 -0.2894384541
-2.5790547456 -0.3579888416
2.4943393326 -1.7829007816
0.8210383683 1.8912481123
1.9891840482 -1.5360134362
0.3083943707 1.7546005824
0.8312054720 2.5977491630
-0.6175976355 2.5817794544
-2.4756505038 0.6728308748
-2.4095648248 -1.3435338878
1.2624050232 1.8689601472
2.3212318396 -2.3706439746
1.6955596140 -0.5652498926
1.7008329566 3.6831816540
2.2144008724 -1.8261016760
-3.0435534288 -0.6666730684
-1.6116133797 0.6263575468
3.0158776595 -1.6264413846
-2.8355796756 -0.5384576946
2.3910904512 -1.8613499025
0.2926200788 2.2404015536
-2.7600618385 -1.2103996215
2.5615594633 -2.3789363571
1.5179580474 3.3856029237
4.0750110105 -2.1963806563
3.2084962473 2.2414136790
-1.1643098410 -0.0058511704
-1.4998939039 0.8436358698
-2.1215098596 0.9557902079
-2.3483532120 -0.4108362105
1.1332054800 1.2424333949
-1.1393095522 0.1796640004
2.7968035242 -2.5468615983
2.3493037191 2.8824713281
1.3883013719 2.8700564256
2.9866968723 -1.6860789367
1.8355685258 2.5784643787
1.9311133213 2.9890639344
2.9115310520 -0.1988642086
0.8162354336 2.8675502944
1.4016732846 2.4638788128
2.3927506823 -1.7707046780
1.2932923379 2.0561534194
1.0197651920 1.6195834176
1.9757070273 2.6606989538
1.8979759439 0.0363418560
1.1112497925 0.3684038355
1.1695794012 2.7683003426
-0.1305098907 2.8461480581
-0.9250012106 3.7403509835
0.5253825782 2.3731945658
3.5484891211 -1.2819430767
-1.2210483189 -0.2367010185
2.9990286103 -0.4190321045
0.2262099408 1.6428147673
2.2680669145 -1.1082219832
0.8269215514 2.5706227324
0.7181841062 2.6200562821
2.5465270262 -2.7035742253
-1.0703467429 0.1537912184
3.0662445495 -0.7944030717
3.1028184579 -1.5102603112
1.2059749002 1.0126995462
0.8622291223 3.0083498584
0.4962392845 1.3057974662
-1.5845166568 0.4234711260
-2.3928203441 -0.4217790204
1.5210511650 2.7041900637
2.6490378723 -0.9155434719
1.8343150532 0.7964231918
-1.2113484873 -0.6860336378
2.8963056762 -1.1323929727
3.2354402472 -2.8936356572
-0.1364560536 2.7365475875
-0.1111805381 1.2986306953
-2.7363485108 -1.1128553868
-2.8774971079 0.0535285473
2.7758680299 -1.3133297726
1.5414231471 0.3746217160
-1.3632503112 2.8945276412
1.4150586130 2.5868892601
2.6052159634 -0.8660892532
3.8331715318 -1.6554013972
3.0902229198 -2.3479624613
2.3358234581 0.3859775345
3.4222216558 -1.2058660591
3.5313118351 -1.1511334781
-1.5030024004 -0.6508960336
-1.9929520049 -0.5448358292
-0.8888957653 1.6052936582
0.7248989102 2.8360601398
1.8199329110 1.2941135610
-1.3307225417 0.6750679394
-0.4655213854 2.5469542094
1.9693593482 0.7130281279
0.3537143897 1.8223503169
2.4620920823 -2.1357681408
2.0246173400 1.9169598397
-1.9031255612 -1.1964299359
2.3565865726 -1.6681820736
2.9586450276 2.4350255618
1.7993892597 3.8058080438
2.3506568628 -1.2028690912
2.3691901921 -1.9415626539
0.9380274309 0.9365211543
-2.7363101136 3.2311586592
-0.5992185162 1.2800991298
-0.3388912236 3.8520956501
3.1740512067 -1.5010026376
-2.2474310738 -0.8616801917
2.7375201603 2.1737565397
2.2686273965 0.2249115469
2.7204194878 -2.8046705921
2.6206388033 -0.9024293540
-0.9359376968 3.0648919065
2.7224175973 1.9326262128
-2.3947256427 0.8042160674
2.3874023315 -3.3201501599
1.5919223313 3.0172118569
2.1053714205 2.2301271928
4.3979557804 -0.9810530645
-2.9253067297 0.0339652321
3.5778273025 -1.3462332075
3.6197644710 -1.9779087433
0.3132475147 1.1668955440
-0.3358565918 2.8138593975
1.3586592993 2.7151401818
3.1309312567 -1.7062739386
-1.2484331602 -0.8278383515
-1.3293240835 -0.0144827392
0.8420836548 1.7833434792
-0.6861959487 -0.0209504485
2.5067063726 -1.1401151111
3.6134336699 -2.2334723105
-3.1868978884 -0.7105878395
2.3479605314 1.0757021623
1.2066861742 2.1858683576
2.1483962799 -0.9298919561
1.3616543603 2.1796617604
-2.0029914703 1.9393579474
2.9844660224 2.2272289962
2.3937107383 -2.8040372477
3.5849814335 -1.1576550074
0.3590201690 2.8651285337
-0.3866623608 2.8626680976
2.9949877944 2.1716114606
0.1923484890 2.1217309898
0.5137390719 2.2690700190
3.3243391014 -0.4468157191
2.5204222695 -1.9960501562
2.4658229985 -1.2651220117
3.7248523997 -1.0665682047
3.4594430508 -2.7994767979
1.6863622502 1.1293067753
3.0641806588 -1.4468606443
3.6267492332 2.1103866924
-1.1608559001 -0.5840039559
3.0026649237 -1.2306745983
2.0256305767 -0.7049172403
-2.9044336085 -0.6464183554
1.9078258542 0.8266415430
0.3902330339 1.6781001606
0.3236141491 2.0835675997
2.8430918972 -1.9373015088
-2.0312656968 2.5853067384
2.5224634423 1.0439288301
1.3954348985 1.7709507071
2.3828222128 -0.6805367804
0.2726983744 1.7409666975
-1.6022635203 0.6029194835
2.9318896293 1.3313333007
-0.4918504822 2.7378684730
3.7114461912 -1.8792009125
1.2360738773 2.1704650222
-0.1973031860 1.8835074237
1.2666418005 3.1061738613
1.1689832549 2.5881871482
-0.5657828032 1.3020926860
-0.4386704657 1.8781635552
2.5690784736 -1.7609826768
-3.1076875203 -0.8717048794
-3.0870130469 -1.2693669698
3.3006185389 -2.2488708289
1.5306542761 -1.9712120239
3.3117528224 -2.4575155503
3.0462527424 -0.5371350054
3.1912868644 -1.0841589596
2.4140869206 -1.3516293560
2.0336470874 1.7310487929
1.2754352721 1.9188178282
2.2465833340 -1.5902250385
3.2578549207 -1.7149173976
1.1242209155 2.1503493900
3.0262998350 -1.1878739942
1.1558215495 1.8306388190
-0.8278201298 -0.1316540240
-1.4412506960 0.8480448851
3.3844350180 -2.2315553657
0.3191175448 1.3666854164
3.0402956912 -1.2567575305
1.1697639344 1.1187265836
3.3919988727 -1.8283323395
3.6811194840 -2.5793224747
-1.3501472697 -0.9261480465
2.6722653822 -1.9132773937
0.8814230127 1.3280256717
1.0712012592 1.3679042338
1.3652684389 2.4874093815
-3.2835853120 -1.2454211617
1.0349167503 2.0290435960
3.2663795205 -1.2109699833
0.0966535480 2.3266832361
0.5512493700 0.9551539570
4.1988020110 -2.4232667678
2.6687476009 -1.1293898405
-1.6652493004 -1.1971542836
1.7232958098 2.7274236432
1.7985728556 1.2316834899
3.1417833318 0.6561109996
2.1777672626 -2.0133105025
1.1863632976 2.3151868675
2.6222490879 -2.4822488177
1.4117955071 1.3682477786
3.4997791649 -1.2034175014
0.2684237651 2.0545915901
1.7009558539 1.1562655229
0.4854080939 2.4564522304
0.6078459297 1.6979454754
0.3731974277 0.5417212310
0.0626162401 2.7689692452
2.7396724055 -1.3412555629
1.5280307461 2.3899640667
3.2320620401 1.5357090790
3.7005283717 0.1973006220
3.2539358810 1.5121177798
3.1467265706 -2.2978827180
-3.5638139109 -1.6942225591
2.3386341040 -1.7896585580
2.9368943077 -1.9799286761
1.1006365972 -0.2570828401
1.0376733482 3.2026254278
0.5906038863 2.1398227322
2.4561147733 -1.1434659857
-1.0227183558 2.1122139126
3.1752641833 -1.3163470935
-1.4608109363 -0.4551177306
3.2290509502 -0.8087309005
2.9661201451 -2.0495647322
-0.3382770543 2.3076039698
4.2391118373 -1.2016635849
0.9877203986 0.9822952179
-2.8498833550 -2.2001287544
0.8685571692 2.4717341886
2.2913515498 -1.7109337752
-2.3881190792 1.3023777523
0.1503875857 2.0985310145
-2.4986952608 -0.0042572751
0.3704544426 1.7048465226
-2.0806132562 -0.5775188394
3.7746921370 -1.5284275312
3.3575421569 -1.8495642652
4.0793759903 -1.2298641184
3.6662383249 -1.4630368833
0.7425326851 1.5266142362
0.4214785922 2.9330609374
-0.1368609968 2.4082319393
0.4577019611 3.9603817970
2.0283697905 1.9151507885
3.2052782006 -0.4507270075
-0.2351259149 2.5395060470
1.3424262095 3.5918095857
2.4861688357 -1.6255164073
1.7343753185 0.9297145475
0.1680383881 2.4838322916
1.5909076043 0.5960984443
2.5876434698 -1.3180248462
0.1191359871 3.4300725628
0.8051930400 1.6266601526
0.1124882454 3.1629343232
-1.1344966127 0.0990350910
1.0095577709 -0.1469932430
1.7534302310 1.5218844030
0.5287774402 1.8054898327
2.4235606202 1.3591929928
0.3026300305 1.6973368209
-0.1279140092 2.6092225683
3.5040381843 -1.9762825159
4.2732081760 -2.3758928388
-0.3241720177 3.1388445201
3.4639696231 -0.2760849635
2.1235692373 -1.0049552088
0.8897154212 2.6709847198
3.5680399294 -2.0005360209
1.5917089644 0.5351820020
2.7328009517 0.5000483303
-1.7695161339 1.2156400526
2.9796029835 1.7510365124
0.4786431464 1.3700785939
3.1595548892 -1.7263971038
2.3440939399 -1.3878777397
-1.9725507375 0.7304997080
-3.2056920074 -0.6272009472
-2.5093524292 -0.4319809918
2.7391438372 -1.3113043659
3.4172728612 -0.8418823901
-0.0152121035 2.3531578819
-3.0576686272 0.1077543243
2.7383703835 -2.2061355409
1.0732750370 2.1946006447
0.3500603816 3.3491113804
1.5771078833 0.9002440696
3.0609638358 -2.1096126573
1.9171949357 0.2604861865
2.8474990937 -1.6771048809
0.5390031632 1.6108505425
0.3258492776 1.8034023094
2.7442361192 -1.3696205309
1.7856318047 0.2901698813
2.5073157655 2.8016758567
0.7015926937 1.5393589513
-1.8215910036 1.1169205351
-1.5380564744 1.6719101069
1.9950914256 1.5807909422
2.3175310913 -1.8964752838
3.7752004866 -0.3607322701
-0.4486366345 3.4062197734
0.9228085917 1.7034478869
3.5252301582 -1.4174034984
2.8085670076 -1.8287636315
3.4207241556 1.6406302862
3.3129428628 -1.7172731323
2.9713358966 -1.6956919044
-0.8155165772 2.3634761003
2.1707610839 -1.4740604549
-2.1041363549 -0.7753312839
2.5112315992 -2.4375547063
-2.2151423004 1.3659862760
1.9332698488 1.1441847792
-0.3762407760 0.7742290649
-2.3250587396 0.4406686603
3.6026996878 -1.6286884986
2.0239979393 1.1933577383
-2.6687208723 -0.2504085654
-0.3079970992 2.0577155325
-1.8511038760 -0.6534438390
3.0202347992 -1.7887227540
2.3552845351 -0.4814193862
1.8384519618 2.1963423903
0.4757964259 2.3877262280
-2.0082002813 -0.4703865017
1.1576733633 0.7332750176
0.4688758733 1.7714328274
0.8522384544 1.5171700417
1.2614327849 2.3673313711
-0.9261445734 0.0482588793
-1.1421195058 -0.6183667235
-2.0152980113 -1.7086742031
1.5520910172 1.7981565407
3.7367821610 1.4773489244
0.8846096109 1.3700791622
2.0946381158 1.2282275427
1.3596704996 1.0054049377
-2.1832013823 -0.8306625389
0.1219849199 2.1897287492
1.4165379347 2.4618900026
3.1161630722 -1.8120546224
3.6987053613 -2.4606566800
1.3284553553 1.7444221640
2.9197168214 -2.4160524204
3.6746810072 -2.0544980494
-1.9640174343 -0.0359881676
0.9497113533 0.9647947641
-0.6827205619 4.0253608242
3.6138099674 -2.7397281159
3.5691684216 -2.3405899739
3.3761787619 -0.8674365542
-1.7208958628 0.8010816481
1.0641996993 1.3316790428
0.7928477466 1.9562351771
3.1168871755 2.3456399589
0.8329550419 1.7050305506
1.5942514623 1.5087439175
-0.8213103616 -0.1462700234
2.8269369047 -0.7842105944
1.3655951140 2.0664393092
1.6722883555 2.5243115896
0.6537099987 2.1503122229
-1.8298221021 2.8916091943
0.1534837545 2.5532534079
-1.3018368691 3.4880296021
1.2419043840 1.2409911923
2.4066787832 -2.4964635889
3.0659209608 -1.4684891965
0.7247734606 2.4518847563
0.6214120099 4.0641788363
-1.3141858122 2.5338816326
0.2048723683 1.7918999810
-2.1576774893 -0.5117832225
-2.4730133535 0.1488698182
2.4733769891 3.7877272686
-2.4438758525 -1.2546642794
-0.9175870383 1.0269952366
0.5784061126 2.0343581330
1.8508742783 -2.1444139961
-0.4383139128 0.3652955531
1.0969836199 2.2451365272
-0.3697601284 1.8886242395
-1.6589057414 0.1001515641
3.9518774678 -0.7645797045
4.1535365520 -1.5720493497
2.8262480336 -0.9030128154
0.4557307985 0.7059312471
2.4424633309 -2.1018762808
1.8989868469 1.9306351971
1.0154791586 1.9071037806
1.9472304348 0.2572859149
-3.7402694120 0.3448065218
-1.3608501982 0.5199163379
2.6711290005 0.0691146428
-0.8125495039 0.1115365368
0.0817499772 3.0916323657
0.2099874250 0.4454389962
2.5994904301 -1.3651780453
0.1062233356 2.0525267779
-2.5953913793 0.1692709471
2.1578041622 -0.8349805449
1.9783452438 1.3228822633
0.7944011568 2.3627695460
-1.6069027650 -1.4906582844
1.8458721154 2.4951842430
1.1139850654 3.0602399705
3.1866744467 -1.4663286703
1.7316743379 0.9980763841
2.2371414550 -0.9076774416
-3.2477943101 -0.7832955195
0.6789503761 1.4714338562
0.7432078139 1.7271301026
0.3455962164 1.4537054828
3.3416187289 -1.8699783154
0.5089525092 3.0906209420
1.5057556923 0.3134064825
-0.0193387403 3.3516073028
-1.9701377388 0.0754132174
2.3026066663 -1.1850950687
2.2208701111 2.2224211322
1.4099449805 1.3313429235
-0.3025278117 1.9412054501
1.2941406267 1.3209575406
1.7451603662 1.4777291447
-2.0543813933 1.1578544409
3.5176908284 -1.2559505025
-1.2443070618 0.8030397170
2.8836850751 0.8965760095
2.6827653396 0.7893913063
2.7451969452 -0.3629776397
-0.4421228907 2.9831433486
0.5347664357 2.3058521806
-2.8080487469 0.4344008130
2.4027889428 -1.5665434694
2.3052772016 -0.0478529042
-1.0203767313 -1.0576679983
-0.6935533179 0.9595404151
2.8824401512 -0.8966625704
2.2531932631 -2.1516842540
0.4700016489 2.4855502916
-0.0130784361 2.2684737749
1.1879633489 2.9941895604
1.0103690951 1.9690981893
2.1299389731 -1.0226581712
-2.7050288952 0.8496902644
2.4867082771 1.8083335671
2.2671315457 2.0474735934
4.2418272788 -2.4613647890
1.2525453091 -1.0599845156
2.7175220141 -1.3356357682
0.2532131415 2.2160640834
2.2491002338 3.3705194334
2.5197740740 2.4731186820
3.5376467198 -0.8521273188
1.5155253083 3.4388904228
2.0880051097 1.8577057543
2.4121552924 -1.4486349413
2.6366491820 -0.5836816202
-0.1328103850 2.0872482478
-3.5967587518 -1.2672848370
-2.2468965225 0.6910271100
2.9330928917 -0.5238927890
-1.9033722458 -0.0589894740
0.2204258205 1.6461480319
0.8748080279 1.3271487230
0.6545187524 2.6652547097
2.4162250732 1.8681130577
-0.8995283283 2.3808934929
-0.1462533466 1.8327745468
3.2468173326 -2.8485155114
3.2262415670 -1.3927469805
-1.4653905858 0.4371347279
0.4188487250 1.7662041699
-0.0463261688 4.0500327895
2.6358759737 -1.1720327309
1.4121550637 1.1329148354
0.3305454809 2.1621731432
3.3566900382 -2.0934074000
0.5657792251 0.7836277079
2.8301849659 -2.3412073393
2.3603630257 -0.1989539444
2.5481013211 0.1565610922
2.6630791902 0.8813327665
3.3348955292 -3.1222567112
2.9372084494 -1.5081648836
1.3733297974 3.2708638135
-0.4925163678 1.3734885320
-2.0468616571 -0.1315613151
-2.6999992264 0.1988579512
-3.4672297433 -1.3486381338
-0.3445752644 2.7982989539
3.0089638782 -0.5019752224
-1.3072189554 1.5379967459
2.8357215019 -1.0517393741
2.8032858150 1.5035900967
3.7840850039 -1.2563715710
2.9393640135 -1.4581308143
2.2567214983 -1.7276457176
0.1495584414 1.7867069262
-2.7572722037 -0.5831367127
3.7975067752 1.4108135764
1.0351496692 2.1168954995
-4.3170034480 0.3025783356
2.4676055598 -0.8341330910
-1.3880508207 0.2645680588
1.0581505517 1.8671782626
1.1702498505 2.8842838045
-0.6000087501 4.0558666424
1.6771205091 1.9176488695
3.2093735542 1.0759953597
0.6586130841 1.8153189747
-0.4493128708 2.8578896567
-2.3289993993 0.0609500723
-2.3948023466 0.2992757795
0.7712092702 2.8773005428
0.1085929074 1.1398360606
0.1663340361 -1.0180057315
-2.4611195545 0.8066803874
2.3690373527 0.3473008545
0.8028391703 1.0207162087
2.6879851027 -2.3258494432
2.4963339629 -0.8582329321
3.2533797080 -0.6147975947
3.3815848173 -0.8036289272
3.6042237996 -1.7220647529
1.5817865806 1.8139717672
1.9030965208 1.9216125783
2.6565769437 -1.1860358666
0.2711393129 4.4773556999
3.6486422723 -1.8839457191
-2.0678077464 0.0623681173
0.5221244317 2.5023195825
2.3710612642 1.8253451193
2.0544151102 2.2491815933
1.6987413361 3.5522718912
1.4319299766 2.9507114867
0.2055536136 2.6098062145
2.6417019750 -0.9511677330
1.6708625227 2.4988611539
-2.5051575412 -0.9213200751
3.1317953841 -2.0235513328
1.6663705965 2.5244613230
1.6742501426 1.8171477769
-2.1469781406 -0.3149543662
1.7738220488 0.4756627791
1.6002191518 2.4534267018
2.9641475525 -2.3880553129
1.7423186988 1.6313480990
2.3197116485 1.8502445433
1.4804382638 2.3646909866
1.4523070477 1.5672084404
2.7054705905 -0.6503947300
-0.8563993443 0.2088136543
2.6514000126 -1.9462025739
-1.6840521924 -0.6923644028
2.5076611844 2.8821754764
1.4407944314 4.0174228930
0.9006542363 1.6904488712
-2.9884218222 -0.5737879607
0.8903033619 2.7336900687
-2.7747398551 -0.2110447321
0.9245600133 0.4154115501
3.0977806833 -1.7210609470
-0.8787973712 2.6904567356
-0.1319507644 2.9767398343
-0.3719890514 2.7885192396
1.6970823362 1.0763008573
1.6852700295 0.4498887007
2.6858796182 -1.2705911618
1.8884210303 2.8156907732
-1.3270679991 0.5025467685
-3.1259702713 0.7492695004
0.7914855831 1.8200695574
-2.2472409037 1.7273232295
1.5019724430 2.0401424391
2.5500907651 -2.0182346591
2.1954469299 2.6394810154
-0.1877912574 2.4194071180
-2.6689003452 -0.8233535855
1.1398108790 2.9780285525
2.0050741910 1.4628068526
-0.2688860606 2.2225309903
1.5593721276 2.1022634684
0.9881628815 2.2321640224
0.9506947442 2.5358629051
4.0211065166 -1.5018171456
-1.8478679733 -0.7505750895
1.4914626310 2.7369150820
0.7396937514 1.6949954838
3.3211526696 -1.5263635725
2.4294289646 0.9962820832
-2.5704217537 -0.8623319887
2.6908600353 -1.3468495371
1.0414338385 1.5431103366
0.4417939717 0.9815488390
1.4485777211 1.9392347001
-1.5319873189 0.3680360128
0.8686210651 2.9145970566
-0.9956099491 2.4056769369
1.3954888295 1.1482534885
0.2497767019 3.3813835878
2.6834409298 1.1389057005
2.6380872619 -1.8640783710
3.3572712917 -0.7626239254
1.1165236644 1.9604433908
2.1027401437 -1.6561053060
2.6261275473 -1.5629113967
-1.6185518029 1.3107786506
-1.4447869700 1.2310470937
-1.0662484304 -0.1705768140
-0.6041972916 2.1501562233
-2.2574161308 -0.3277881932
2.9751758781 -0.5626386733
-2.7691458082 0.8370456238
-1.5993288831 -0.2356444438
2.8952086907 -0.8630030517
0.4542227016 1.3750409897
1.1140379840 1.2955827956
1.2716085392 2.1608919644
-0.5310816255 3.1946685842
2.7318587760 -1.9226121682
2.1691666980 1.9209698610
1.0060837831 2.3168019138
-3.2984709148 0.0791228856
0.3741943066 3.8496794128
0.7540347555 1.3827452632
2.6945947215 -0.9047294188
2.4382595130 1.9013494218
1.8273107803 1.9408366694
0.6011086974 1.4592834127
3.4199495323 1.7098346191
-0.6376481744 3.0925922972
1.0574891488 3.5615714741
0.7462399195 0.2851478906
1.4481260617 4.3594878559
-1.3181520316 0.9990952849
2.4809456822 -0.6469588038
0.3702075558 1.5756937164
3.0052775343 -1.6541834169
1.0881849931 1.4059035633
0.6553020978 0.9346465827
0.9300042472 2.1749036139
1.9917838981 -1.2517565924
3.2547185081 -1.0955585935
-0.4715820162 1.8970479708
4.0432578235 -1.7237587234
1.6530057295 3.3244902430
0.6539881357 2.2888560704
2.4810475055 -1.9915628411
0.9495698469 2.3272517262
2.6854140755 1.4602308207
2.4523489696 -2.4143352836
1.6861372076 1.5918663503
-0.3905795503 3.4042183064
2.8915743570 -2.5502094403
3.1074079008 -0.7619305469
2.5881873228 -1.5233140062
0.1211216444 3.5738805284
1.3063639500 1.1016524007
-1.0595892470 -0.0066106268
-2.7570035035 0.0322208404
2.9267082675 -1.8899535749
3.0609622940 -1.5843176323
1.6526394597 2.5110374776
3.0108913601 -1.8875113612
3.1801514367 -0.9769613497
-0.2110027407 4.6295000641
3.2146765932 -1.3842812889
-1.6137415259 -0.5409688741
3.5647052149 -0.6271039667
0.4492997742 3.0138411025
1.0307045538 1.5647417837
-1.9864597406 -0.2328781299
1.0989213183 1.9030628749
2.0840647247 -1.3876583663
1.6788455061 2.2209404436
-1.5943529802 0.2432202109
-1.8904351745 0.6849393943
1.4681819566 1.4200676683
3.6548506023 -1.9330031928
1.1765820341 1.8014593744
2.7247830870 -1.4054470867
3.5134858672 -0.2816477262
-1.6937663080 -0.3102486987
2.5470775224 2.7505183299
-1.7533476441 -0.3364189936
1.3045041589 1.2757793005
3.1577271548 -2.4850718772
3.7668663755 -2.2761354405
0.7441525214 2.6448420922
2.9482253508 -2.5053014303
2.9290037152 -1.5802985888
2.6163914900 2.3244459070
-3.1327868817 0.9263722896
2.9464130792 -1.3962459906
0.2301243975 2.2685916103
-2.8163294621 -0.8637515446
1.0851871808 1.0037144001
2.4873611320 -2.1218739387
-1.6782627772 0.1349385570
2.4460841439 0.0940599605
3.5808599123 -1.0916904289
1.0107314325 1.8058389700
2.9945355667 -1.9943658145
-2.3453286630 0.1354892369
1.7061425936 1.0812096589
3.1293721092 -0.9049876362
-0.6619176495 0.4053244231
2.8327326173 -1.5649401860
-2.9509468353 0.4526285041
-0.1049181691 3.2419369350
-2.9158275277 -1.0205667528
2.9338520518 -1.6721230578
0.5349473895 2.2813466438
1.3281509124 2.7805127543
-0.9615715739 1.9507587712
-0.5750158304 1.7269926761
0.4575689573 2.1681722942
-0.4254793939 2.5809296282
1.0883802495 2.9423826535
-2.5461645386 -0.7744374039
1.1616790910 1.6022789969
3.4505220878 -2.1572826542
0.7724847020 2.3620589960
0.7432096192 2.0159671552
-3.7618131028 -1.0695665006
-2.7064244728 -1.3376057643
-1.8854132613 -2.1873648510
0.4945605624 1.8290491666
-0.0437670815 3.2536749890
3.0751776198 -2.4692435247
3.8026337313 -0.5971975344
0.3697808842 2.4568787934
1.9312110200 1.9027158964
-0.6559604640 1.6458931696
0.4967441729 2.1949922853
1.2174023644 3.1211373218
3.3910081653 -2.9125368339
-1.8307510036 -0.0632729066
3.3416930992 -2.0025774945
0.8753659506 -0.0313662205
3.0643495360 -0.4161756251
0.1844219773 1.5680300090
0.9097514764 1.1035457855
3.8308913001 -2.8321334444
2.8840551262 -1.1768212768
1.3372275281 1.9391318729
0.0561260252 2.4040819398
0.9493643285 0.6394850381
1.2102733254 3.2778704910
1.9357664149 -1.0693835036
2.9616265183 -1.2058832593
3.0688258022 -1.2422339457
3.1051338176 -1.3953403045
3.2363168918 -1.6951813991
1.9155452275 1.0875493154
1.7638064497 2.0762707359
2.1764938972 1.2877649122
-0.9697582811 1.7272261837
1.2368871013 2.0631108901
2.8554449312 -1.8113928432
3.8757173033 -1.3117632566
0.2077737653 2.1771570307
3.4609768903 -2.2589546093
1.6204928796 1.4006842820
3.2396890814 -2.1636683367
0.8361838895 1.2934045680
0.7305265672 1.9179883428
3.4030512379 -1.2117021588
2.6163722779 1.1365445243
-0.3732715426 -0.4348623312
1.8523842450 2.2104065335
2.9928474395 -0.7872016039
2.6294383647 -2.0678522113
-1.6486931061 -0.8839973939
3.3110301694 -1.4282536976
0.5254383909 3.9123754543
-1.4120476407 -0.0316281861
2.0163148357 1.1422945693
-2.8666043203 1.1048409536
0.9894933646 1.6454284314
2.0723039915 2.0315583036
3.3311875469 -1.3142433846
3.0674870097 -1.6163363797
2.2822325385 -1.7860948175
-2.2824188061 0.7887600675
1.3978786670 1.8454402689
2.4596908861 1.7158964028
3.9153012913 -1.9669685133
3.7719335949 -2.1365772217
3.9537973913 -1.8569223006
4.3414831317 -0.8983184510
3.2776234883 -2.2856072643
2.2644269066 -1.9853219746
0.5076016817 1.6719333526
0.8311770376 3.2935571124
1.2998971826 2.9934559403
1.6705659653 1.8951200472
-2.5677458155 0.4389658918
-1.0128898916 3.0115173850
-0.1484010425 2.8657160297
2.4360740541 3.0982185238
2.0630038099 1.7704534436
1.2151108178 2.5750969770
1.7515802012 -1.0596264681
-2.4843003560 -0.4534344634
-0.7296242478 3.1858169257
1.5896242836 1.7075254671
2.4303239751 -0.4649293600
1.5601431068 1.9627519058
2.6173482665 0.9558525809
1.8720131605 -2.2437458561
1.7547154238 2.3333844992
1.5706479836 3.0478091680
1.7225870123 2.8201118220
2.9239771805 -0.0661427751
0.0861750338 4.0135048166
2.5858885270 -0.7991630243
1.1171995311 2.9989147906
-1.8602839145 -0.0797927391
-0.3549567130 1.6557397040
3.1865721091 -0.5952185020
2.9922631497 -2.0957001410
1.5252213247 3.1691514822
3.1130739415 -0.9516916988
-0.9037407582 2.0011484469
0.9927943246 1.2219380343
2.6281914394 -1.8354842073
0.6489032200 2.7023398022
0.4465472983 2.9402599670
-2.0619369498 0.4540374372
2.8382054686 1.8426512900
3.1911687367 -2.0373768950
1.5768394603 0.3471601378
2.3494651336 -1.8905851626
1.4992020527 3.6626094326
2.7894680397 -1.1052395578
0.3251230029 2.4599287018
-1.3122607400 0.7459177245
-0.0184479341 2.4436031707
2.3983687999 -2.2659889482
1.7531543314 1.4819355970
-0.9695081199 0.6207686967
3.1091405952 -1.0516894035
-1.2562611894 1.7342821259
1.9781825680 1.7276481603
3.0753137880 -1.6550688605
-0.5758558250 4.4895549878
-1.7186972368 3.6170103689
2.6535303598 -0.9061472053
1.3417970539 0.8265492738
0.5335290223 2.7184356574
-0.4090392811 0.8745796288
1.1005503464 1.6266606863
2.4321273225 -2.1261056407
2.0460930590 1.0691846518
0.9091965085 1.7928478988
-1.6108048697 0.2494466439
-3.4387307482 -0.1751374433
2.7777980368 1.1652527380
-2.2802639299 0.3003461917
2.9409342122 -1.3216704706
0.8447267966 3.6932258451
2.2189665063 0.3366631906
0.4336085934 2.5508977115
-0.8273873424 0.4471150120
3.5253007442 -1.6924965737
1.9367312061 -2.1962295975
0.5212428309 2.4237471196
1.8327154876 2.3477179561
0.8362210546 2.8762061106
1.5059256090 1.9261550917
-1.0031886148 1.0513641275
3.7792325822 -2.1966291419
2.4066053163 -1.0342647465
2.7382970937 1.6900889284
-0.8754456810 -1.4745997702
-2.2484898541 0.1388375949
2.8090419779 0.9717698981
-0.3094592827 4.6558047864
2.9060098655 -1.7736843306
0.6665089381 0.2281286355
-2.7832074938 0.1647226876
1.0498163011 1.9043027619
-1.9137532550 0.0561844534
1.7636892528 1.8319357166
3.4951090381 -2.7299136303
3.3469828389 -0.6680445610
0.9377357895 1.1000351633
-0.3457407647 2.4622323783
-1.7363468713 0.2581345931
1.7733189982 -1.5412340240
3.6141711411 1.4850965988
-1.8032258060 -0.1109888366
2.2707535898 -1.5717130701
-0.3775874363 1.7691397014
3.1397919479 -2.1819378283
-3.4352215757 -1.1561534081
1.2838865347 0.9255935363
1.2810963716 2.4238195973
-1.4345897680 -0.6925000938
-1.6978993309 0.3023127903
1.1843065955 0.7458986807
1.0740898834 0.8912384770
1.6508149808 1.8466496174
-1.9921855623 0.2552364850
3.7603338341 -1.4111225040
0.9068125132 1.6467300658
1.2587723978 0.8042391523
0.1110315213 1.4809831856
2.2001604507 1.8846699789
0.7799327334 1.4841111323
2.2405917122 1.1885846633
-0.9614897306 2.9230945258
2.2056242342 2.3867854183
2.6988658376 2.3742830842
3.1717948591 -2.3427270404
1.3089967497 2.1995174779
2.4657656777 -1.2757562780
2.4576262581 2.9129905230
-0.8859409904 -1.0111023246
1.4095784482 2.3125929909
-2.5263217391 0.2433123903
1.8783624617 2.6812208290
2.4875076942 0.5885514353
1.2002617125 1.9395088235
2.3549471957 1.6399477602
-0.6967007845 2.2739718813
3.4043613567 -1.2295897857
2.6066648405 -1.3170416884
4.2685919654 -1.0342485878
3.5839731590 -0.7845321184
0.4167869673 3.8151289476
-2.0369961286 -0.9367029640
0.1132271189 3.2073105680
-2.3890892704 0.5422439587
-2.9224260304 -0.3609319381
3.2380601636 -2.3021071505
-2.6342355934 -0.5283077365
1.0136075534 1.4723718426
-2.4860959914 -0.7132289438
3.9398762006 -0.2615779294
0.7970491419 2.7649593435
-1.9638132573 -1.2536794306
1.1304869472 3.0237444092
-2.4592869567 -0.6414904634
2.7202894786 -1.8223838643
2.4295479408 2.2215939306
-3.0128846971 -0.0742569194
2.9757834747 -1.1985233818
0.6388240652 1.7590295400
0.3317339868 1.1721473347
1.0324222122 1.6623557590
0.3124813354 2.7624643385
0.2155212187 3.7147928283
-0.4695717050 1.5943241507
1.5905794691 1.8159307155
0.8294029289 2.4637957331
0.6813252148 2.6109462476
3.8857526171 0.1316579380
2.5495794100 1.6586463661
0.5284895085 1.7826465823
1.6818154072 2.3432267711
3.3919719944 -0.4308674541
0.9969601721 0.8326548732
2.4415499858 -1.3024489749
3.1150527091 -1.4291491090
3.3797871388 -1.3767347262
1.3007265292 2.4111169463
1.4184845467 -0.3001213655
-1.2396940652 -0.1901383540
0.4056766904 1.8466183866
-2.4644194220 -0.2599833976
1.3578976505 1.3434254838
1.2398519441 2.9167996158
-2.3494140213 0.1017802342
3.2388892803 -1.2370494427
0.9724316625 3.0855326556
-1.3420988355 -0.5091798030
1.5045356824 1.0690585835
0.9972114155 1.6697153941
-0.2072201601 2.6048647014
3.2378557630 -1.3264103389
0.4377411541 1.7730352707
2.7649385987 -1.2690368619
2.6977614634 -2.2468545862
0.3956000373 1.3566853711
3.1962266671 2.3915356990
1.4411349367 2.8334543428
-1.7948891396 -0.6654641170
3.4263273874 -1.5308812052
-2.7075691447 0.5272743240
-1.4673273976 0.7549493741
0.7127209155 1.1042399515
0.8082108133 1.3475065742
1.0720874828 2.0865190526
1.2232191236 2.3413207995
4.4553750897 -1.4236174401
0.8277089170 2.6754182881
-2.6903993126 0.5645434729
0.0477101756 3.2890252669
-1.4791207614 -0.7678781529
2.9450345776 -1.8253779830
2.1081365375 -1.8662514034
1.4296577745 1.6471591649
1.7932381010 1.3613478656
4.0973862409 -1.7605052043
2.6973517499 -0.5751199293
2.3575557775 3.0089345549
4.6564069513 -1.7402977932
1.3577219726 2.5799066900
0.3355480442 2.6537304144
-2.3017293490 -0.7188024672
0.7695201802 1.4206309696
1.0688686247 1.8470320031
-1.8247082732 0.4919793463
0.7891624893 1.1489168742
-0.7342492682 3.2727404608
3.7325795265 -2.2565221680
0.9492476962 2.5383105732
0.7378989381 2.8727517431
-0.4289442634 1.5899339132
-1.9111460602 -1.4899338846
-0.2384505971 1.7160420589
0.0190544417 2.6378563830
-0.9800816389 0.4156689776
0.2915201729 1.4903419940
1.1972933693 1.9476307504
1.5910056991 -0.9813037269
1.2769536543 1.2639803117
1.8109515402 1.3957673772
-1.3196002520 0.8312068654
2.4860543692 2.8001037656
2.1190637208 0.3868175875
-0.5198499392 3.2567904341
0.6725470998 1.0827189289
1.3724686541 3.3201710648
3.0490545558 0.5932662475
3.8193218022 0.3144088409
-0.4108399909 1.4114975617
2.7015903718 -1.1528688748
-1.2080930906 0.5822064696
-1.4332447730 0.0888398923
2.9604868353 2.3309737803
-3.1074147654 0.5089498096
1.1342125549 1.1147657310
2.5847689964 1.7500193431
3.3609211290 -2.9214557409
-0.2353577010 2.2407383235
-0.1116877143 1.8735265199
2.9495426111 -0.5649493487
0.6783267386 1.9374761424
2.9841076846 -2.1988918927
1.6637885892 1.6703031681
2.3348472244 -1.9582213643
1.2553894267 1.4986439377
2.4116967261 1.4731417386
-1.6142029013 -0.6022112678
1.6113080579 1.8600843921
-2.5989231852 0.3786318319
3.0805301497 -1.3382011985
4.0232056972 -2.5462160193
2.8706244718 -1.4542345208
-0.5173608807 3.1048132705
2.5667084746 -2.4803265350
0.3633183513 2.5195609818
-0.0240612205 3.6885794718
3.2964262632 -1.7787522175
-2.7928965637 0.1871198410
1.5550428969 0.0587540650
-3.0655222008 -0.7438333384
1.7952648713 1.2817289458
-1.6324272957 -0.7233091407
-0.3041243521 1.6055510864
0.4978604873 2.3569427488
3.4950751128 -1.0187624886
-0.7639190638 1.9523182009
3.7674084098 -1.3293751898
-0.1408665881 1.2825062273
2.4876387948 -0.9789744368
0.8844096911 1.2723198249
1.8454498893 2.6970585891
-2.5038290909 -1.4616869334
3.4648621003 -0.8116458875
1.6756851632 1.6778554119
0.2830815151 2.5356774355
3.1534411850 -0.3803200315
1.1868500194 1.4300358353
3.9311384007 -1.5885498707
2.9115584717 -2.2365864331
0.5403589535 1.0580235733
-2.0128387831 0.7236415180
-2.5127879596 -1.2605795134
1.8267665167 1.4614756048
0.5656596337 1.6604089048
3.4452540498 -0.7499493842
3.3617809189 -2.4041354978
-2.3030100350 0.0755014283
-0.9173087614 3.2589664089
-1.7833013532 -0.1704490607
-0.3409987714 2.1224575190
2.9934197304 -0.8085033062
0.9741963965 3.0762793866
-1.1513266806 0.3960399468
0.7202389837 0.2824579190
-2.1562182427 -1.4810107893
2.9303760252 -0.7577294408
1.3538671983 2.3131971120
1.1386850189 2.6017989778
0.7563741788 2.3421980861
1.1136418932 0.9219393111
-1.2297337938 -0.4323846743
-0.8114265083 3.2672578718
-2.8130314993 -0.5781931591
2.5437796178 -1.7348649831
0.2577966744 1.8243665428
0.7735478768 2.5378856390
4.2607459670 -0.9516521669
0.6678838577 2.0711065272
3.0960158000 -2.0307132242
-1.0729152444 0.7539533044
1.5091263248 0.3466394696
3.3007308659 -2.9030165822
3.2623350405 -2.0533969913
0.8298274638 3.5602999562
0.0972437811 2.1358421502
1.3085765595 2.3516784873
1.7831427290 2.1902704928
-1.8676623850 -0.3623326681
3.2097894985 2.7353104498
2.6865377405 1.1805826684
-0.2752631647 2.6306778346
-0.6021976814 3.3566526446
-1.6248949548 1.3469599523
3.2038303380 1.3733071651
2.2895689109 -2.6392899459
0.7423540509 2.2463428145
2.7030563521 -1.1914666579
-1.9791497136 -0.5827768239
-0.5768900896 3.1880131337
0.7984995809 0.8373952762
0.8315194257 2.9707630196
-0.0186290101 2.7439647135
3.8223913681 -2.1504649588
0.9136100174 2.9291837129
-1.0619650622 2.3518605965
-2.3233281827 0.6666920324
-2.1386490162 -0.8336852466
-1.9974997427 -1.2872696065
0.6094508131 2.8664710174
-1.4662896631 -0.3691494273
3.0292951540 -0.9690712094
-2.6442573917 -0.7372661542
-0.0007365282 3.4941247337
3.4878504972 -1.8506550227
3.3157129622 1.3240487084
-1.4140413410 -1.7513057758
2.2064221825 0.4097103593
-1.9070896238 -0.7311325298
3.9763363716 -0.8778377829
2.9217132025 -1.5474894744
1.9449196065 1.4317511452
0.3961975750 2.8086778454
-0.6677420095 -0.1742152447
1.9305715771 2.4184372354
-2.5080801554 -0.1944353267
-0.1922745954 1.9709180205
-2.0240781247 0.9286211782
2.9674128691 2.6042990929
0.2003609844 1.4452575674
3.8213093813 -1.1137804763
-2.9791267911 0.6972935779
-1.1571810427 0.3314389064
0.9099287889 1.0789054350
2.4550364633 -1.1988454315
-2.2666388531 -1.7934451272
1.6806705937 1.8638808490
1.7063089756 1.4256360154
0.3196861451 2.2246754829
-1.6812395099 -0.3729193697
3.3840310766 -1.1348093108
2.1005250363 1.8180753068
-2.5264440906 -0.4362119906
1.9610649952 1.7905140825
0.1749069098 3.5614912385
3.2852693726 -1.7418297947
-2.4679650378 -1.3094685368
1.1947904032 1.3984611758
0.5395783358 2.3920207107
1.6436803284 1.3890594479
1.6537322077 2.1068736450
0.4877202881 2.0169237213
1.5928114167 0.5563256284
3.7441390835 -1.1817879809
2.1809443307 -1.2688630124
1.3388829470 2.8738849235
-0.1745369239 1.7765569812
0.2517396140 0.5536111760
1.2429481261 2.3278256305
2.0645203649 2.2712374008
2.6591360895 -1.0089775458
2.3784259458 1.2715008638
0.0590164332 1.5799860620
2.5819249310 -1.5808523837
2.8039081889 -1.9045204914
0.2282690880 2.1747314152
0.5898661750 1.9521197313
1.7063213480 -1.5638080518
3.1106116636 -1.0529499053
0.6192523729 2.4342017689
-1.9918410855 1.4253310375
-0.1886544007 0.1093493126
0.3936525381 3.0204616805
1.9206262644 3.0707229572
3.2999255816 -1.5789089381
2.7861754341 -1.0452514538
0.5798565157 2.8153082742
1.9924640535 -1.3744803686
0.6692383153 1.6647884705
1.2488000933 1.2345287176
1.8254702879 1.0886497908
-0.3291155694 2.8366680748
-0.5829120109 1.0370598432
3.1598484371 1.6994353497
2.2763241214 -2.1652059617
-1.1747686531 -0.2967263056
0.6107505192 1.8670935485
0.8852559438 1.9014214276
2.5266060964 -0.9650292055
1.2408686560 0.9191885620
0.5946615050 3.0099468527
1.6629309172 1.5738081595
2.9793171587 -2.2774288292
1.8647319348 1.5142366110
2.2327312581 1.8770051827
-2.4653699098 3.0766903069
3.4410340735 -1.7903958694
0.6094540894 2.3372148173
1.9059400671 2.2946524631
1.7004582438 1.7714157266
-1.9741975702 1.1817767918
1.5967405297 2.2777184933
-3.1712420989 1.6522134135
0.8067199342 1.0120391819
2.8062709027 -0.6020073212
-2.3911002658 -1.0263864947
-2.3757077509 0.9221756532
2.8664588774 -2.8266610387
-1.4526740315 -0.0587299427
-2.3813313553 -1.1887490272
1.8696187415 1.5991573087
1.0745788915 1.7899705952
2.3178636036 0.7933701623
-2.6950802005 -0.7925370922
3.1980029183 -1.4588751345
1.2917256288 1.7769526046
-1.5083685294 1.0277772283
0.5642889877 2.9079707761
3.7060213984 -0.5553137729
3.6792389165 -0.8933286165
2.2925234339 1.5047032971
-1.7840782647 -1.5158346641
-2.6184724004 -0.8934728088
-1.6076024173 -0.0560085978
3.3440583248 -1.8121078808
2.4631950392 -1.4382621524
0.2273414410 3.0457732950
1.0313546842 2.1069800863
-2.1201344260 -0.9798564744
-1.6000007941 -0.0421262407
-1.8672032623 1.2626184070
1.6532554553 1.4526596832
3.7144644487 -2.6200652547
-1.5455034672 -1.6384975466
0.6994120577 1.0951358278
0.3132212322 2.1099017233
0.5850828054 1.9851297787
-2.1675946227 0.6745375722
-0.2524399190 1.9169191505
1.0245817929 3.3313078673
1.6099070586 2.0168625372
1.1104594974 2.0516598715
-0.4462762370 2.9479851525
-0.4959468887 1.3326180081
3.1327294014 2.2052519202
-1.8927151917 -1.4356315863
2.5855863609 -1.8044049818
2.6653098076 0.0247623743
-3.0017139085 -0.7405245472
-0.0874326777 1.6143847945
0.8058659054 1.5317048989
-2.0358287299 2.3482521124
0.5604090017 2.4456496144
-0.3330667066 2.3039625522
2.2429951948 -1.8281365385
1.7490598330 -2.1725790511
0.8470855842 1.9520966963
-2.2633416016 -0.5304201522
3.1455043716 -1.0361104246
1.9028014596 -1.0861538113
0.8536690101 2.2039183968
1.6410970943 3.3471113028
-1.7343703278 -0.2134397505
3.5956176299 -0.8932948673
1.8228755255 2.2678883059
0.4698524522 1.9366822676
1.2901493363 2.7234317361
3.2123789332 2.9369319224
1.9805367620 -2.1408741956
-0.6797015031 3.2185215973
0.5146025621 1.0145173662
2.2224078723 1.5003740207
2.6802445767 -1.3807126048
3.1670986997 -1.7976980713
3.8297518137 -2.3368416600
1.5096024241 2.1174435315
2.2590850410 -1.7178241268
1.8208938857 1.8285912377
0.3734516341 0.7976379631
-1.2120677860 -1.1352783849
-1.3720154667 -0.9010614880
-2.5414274122 -0.9666496878
2.0336401125 -1.8135531054
1.2459045422 3.1457435970
2.3100430080 -0.7615584608
3.8927648516 -0.7190540280
1.6143835614 1.5839458172
0.4126829358 2.1262501495
1.3247440498 2.4309412593
3.4853456168 -1.3623928173
-0.4055542962 2.9585857976
2.7889249954 1.0282995380
1.6653103597 2.9733279581
3.0299695742 -1.7692611236
0.8061679409 1.0376053477
2.0564728788 -1.0902867948
1.3061247508 1.6607959795
2.8983164449 -1.2226232714
1.4196384770 2.2345900247
1.3967328759 1.8398657002
1.8925650646 3.1836845656
-1.4244483376 0.4837723892
-0.3535733025 1.6462349028
3.5892632699 -1.5375820462
2.6591982731 -0.8224447058
1.8131430708 -2.4486884940
2.3926325190 1.4947908444
-0.4767336271 1.7888184297
-1.9019229883 -0.3697966685
-1.7288523356 -0.3438425061
-1.8667964949 0.1039142677
3.1947942283 -1.7380639991
-3.7091867278 -1.2621083265
-1.4645863494 0.4675880081
3.5133742895 -2.4167340422
-2.7921178577 0.8151134790
-2.0270184658 -0.2304567620
3.3951917226 -1.1127358306
3.5682650295 -0.5975205429
0.8468502827 3.3264075446
2.2734721166 -0.3708890301
-2.4730689141 -2.0896594078
-1.8497957119 0.0270648827
-1.2818571710 -0.3667599889
2.9930411604 -0.8719468125
-0.6813000327 1.2906453842
2.9257126513 -0.9932694041
0.3937232990 3.2430083456
1.6029250067 0.1005006040
0.0259343130 1.5738491416
-3.1081705093 -1.1659457113
2.5743169370 1.4375163644
2.9189303718 -3.6591458089
1.7517669507 0.6586539393
-0.6470737480 3.7395764658
0.4863501380 2.0274224927
3.2976749007 -1.5039048538
2.7731789431 -1.9958719234
2.7645683384 -1.8636822650
-3.0991376943 0.6153870076
0.6894947514 2.0579347708
1.8296587216 1.7683372108
3.4923986746 1.1010851311
-2.2683784714 -0.4851401125
3.4676422227 -2.4037383048
-1.9359448677 -0.8873497212
1.0281701296 2.3093712336
3.4207070481 -1.9373127244
0.1114054182 2.2359443376
-1.9975441439 0.5253955209
0.8213413798 1.4996626161
3.1268875976 -1.5153110701
4.0155341974 -0.9438870815
3.0656537286 -0.6269901494
2.7750129968 -1.1202140801
1.5436422085 1.6310926132
0.6693089170 1.0443484783
3.0262342992 -1.5086490292
2.2244976732 2.1325723977
2.7961937151 -1.7390430303
-0.4027905000 1.0474217864
0.8362080276 2.5670477585
2.9522100294 -0.9491714501
0.5327726917 4.1032467527
3.1971312575 -1.3025199400
2.8272253464 -1.1568311978
0.3701474699 2.6550730647
2.6961276069 -0.9211519175
1.3259319419 2.4628593074
1.6137545511 1.6317916582
1.8124250467 -1.4155686895
-0.5841179311 1.9430071098
0.6865594640 1.5014618590
-0.2236706745 2.5651650742
2.2313349733 -1.1385427568
-2.2987569849 -0.0189863935
-0.7156718100 0.0666061324
1.5679333229 3.0891275912
-1.9336099714 2.1851946265
-0.1806900908 3.2643272328
-2.0010721527 0.7829780831
-1.9635401720 -1.2184758120
2.2347925975 -1.0896614854
-0.6279004916 -1.0915711611
-2.2119838810 0.0277944705
0.7292589949 1.9424888416
0.8983697527 1.8445109301
3.5002140822 -0.0302118974
2.3837524258 -1.5754980601
3.4507879453 -1.8084664899
0.7192519463 0.3492484845
0.9526258190 0.5528330237
1.6379897662 2.1341359575
-1.0079077060 0.8350546567
-1.9922311093 0.1492192782
0.8748374855 2.0587013128
1.3546704447 2.2800363186
-2.1453899641 0.1983250399
-0.6088422014 2.9179287101
3.2379627214 1.9027409090
1.0489892085 1.6398435221
1.9690675482 3.0194320826
-1.2206379015 -0.3177779587
-1.5996121597 0.1952800313
-0.9695951945 2.6889665990
0.3648960938 2.0000989332
3.1049985310 2.7912840584
-0.7326426932 4.2428596419
2.6898879099 -0.9682284305
2.2443335864 -1.8857299566
0.7972288463 3.7578275082
3.7744836816 -1.3856699368
0.4844334724 2.4792959930
-1.6161558847 -0.3161979841
1.4991153256 3.2455340188
0.1461134048 1.0308515005
-1.8633079234 -0.0583784800
0.6928661669 1.9260237196
0.9988047523 2.1243886885
-0.4854182916 2.0640351651
-0.2972946980 3.2690947456
-3.4405393174 0.6122768327
1.5899345600 1.2060105222
-2.3913569147 0.1276210770
0.8492094779 2.1928891543
3.0310984682 -1.2108231284
-1.8458622239 -1.9214940313
3.4114996383 -0.9909915028
1.1119932491 2.2386110888
1.6609400803 1.9671281809
0.3926891315 1.6342522974
2.8150713733 -1.6497665610
-1.1298664658 0.1969299395
2.7936070187 -1.9141848031
0.5717207326 3.1813181937
3.8158304724 -1.5612887135
-2.9271974197 -0.3750641505
1.4898132020 2.6371431849
0.4528200846 2.4955348609
2.4116973605 -2.0181082510
2.4654947180 -1.5440331861
1.9337234989 1.3674166542
3.3233199644 -0.9873508208
0.3665858204 0.9169466917
-2.6330635599 0.3263372019
-0.7330648766 0.5450838961
2.6416020841 0.7800820871
1.7339720806 1.2749931476
3.1920497566 -0.4494543083
0.3265677490 2.9228919144
1.5328534868 -1.4269318838
3.3470782145 -0.5511803824
-0.5626423187 0.7124927584
-1.0465942348 -0.7755615710
-1.9921338101 -0.0694902452
2.7108881454 -0.8613798087
2.8245148161 -1.2556046474
-0.6462962618 0.6930754023
0.6701674703 0.2614956850
2.7811588772 -2.0704919265
-0.1771307556 2.2113044254
1.1187369214 1.6402362985
3.1413777563 0.7084030508
1.8778465967 2.1660959038
3.1512890022 -1.9274742326
2.6026147617 -1.3562877978
2.5478179119 -2.6352180834
-2.0290603148 0.1893554420
-2.9131633469 -1.2509075207
2.8305722907 -0.5244495100
2.9996706044 -1.2228203051
2.4718521694 -1.6666817124
2.9518662481 -0.1951920217
1.6841897456 1.1567022076
1.9317913877 1.3037941682
3.6001217854 -1.8134716784
0.8167089724 2.2274148380
3.3974501615 -1.3719969341
0.9951876670 2.3762678916
1.0126593945 3.0236618119
3.9369553068 -1.0802415787
1.1526574802 1.1592271569
2.8106191542 -1.8679324681
1.8834105823 -2.2817657754
0.9982067969 1.3706741229
1.1021533029 2.0865501290
2.7423105812 -1.7992771083
4.0219566513 -0.8436515069
-0.9729753006 -0.4281823964
2.9985842423 -0.8091572018
1.0304088669 2.2336645507
3.3668486109 1.2645257672
2.8367192141 -1.7884026802
-2.1372370704 1.1068139115
-1.9250182866 0.2858796509
0.1531275619 0.6475672671
1.5187843899 1.2602718976
2.3167435116 1.6762464980
-0.1983864994 3.0364421750
0.4203500532 1.2357123784
1.4996124723 0.7066965840
2.0795579229 1.4656085748
1.8654509262 1.6333506245
1.7555876481 1.1110297535
2.5301389200 -1.4010909747
-1.7044928509 0.4404659999
2.0800462780 3.2605495898
2.5248950107 2.1042241271
0.3659298942 2.5123192283
0.7765717287 1.2956937698
4.2806287134 -1.6983262866
0.8481854485 2.8392961530
2.4415676540 1.7430012653
3.8410568387 -2.6664363138
3.0264502563 -1.3644224734
-2.9067859679 -0.8141123097
1.9128625685 -1.3529948944
-1.7467231043 0.2097560981
1.2318918135 1.5051433224
-2.6263031008 0.2425693994
-1.5506123701 -0.0006045304
1.8682251500 1.8686385677
3.4427628902 -1.7114534827
-2.7419413914 0.5354637423
3.7499027734 -1.0556644796
1.7801831398 3.0341622827
-0.8360238577 0.2550843613
2.5245269154 -2.2943900859
2.1093336275 0.3040610271
2.8938633987 0.0534183618
-1.9216198436 2.2488896073
-0.1706984029 2.2207830262
-2.6868305148 1.1665809213
1.0963438578 2.6844514160
2.1547735164 -1.8855621471
1.8540957887 2.0013227451
-0.6772966877 0.3888708869
0.2023847057 1.8499816256
1.9304390510 -1.4433953922
3.4210511480 -1.2257015338
3.4649005843 2.1529361246
1.7992623030 1.6455361689
-1.1001573183 0.9324647367
-0.0805095383 1.0675951264
-1.1178762938 -0.7572626519
1.2686417311 -0.1203129583
-0.3993849636 3.6072125069
3.1213660033 -1.7178237668
1.3070360086 1.0618053568
-0.6977040298 0.8900308026
1.8253009565 2.8179469788
2.2611064828 -2.4423034470
2.7655402777 -0.9438614167
-2.2999458629 -1.0116213837
3.0405849250 -1.2709734227
0.4489760588 2.2576729393
0.3936288631 3.2849453106
0.8326212713 1.7555945534
3.1935114529 -1.5205957288
3.1934705685 -2.4905084123
-1.5717593638 -0.2558589471
2.4033371616 0.1720286895
2.0229303784 1.8210218612
-2.6431880948 -0.5854078671
-0.3525901006 3.7093911335
-0.3935718673 2.7563034270
1.6823677184 1.4988840682
3.0780559154 -0.3233395666
0.7488850426 1.0427984005
-1.6192579027 0.2090394257
1.3510524530 1.1939564647
3.0630502090 -2.2460211597
3.3657236726 -1.3266753156
-0.5687385790 3.5275567747
0.7894667784 3.3998466722
3.5084864838 -1.0863848769
0.5104349752 0.8430500496
3.0811458585 -0.6748158819
2.7172017334 -1.9971432979
-2.0457591625 -0.1151904049
0.6970033107 2.8311578561
1.1733158840 1.3516655328
-0.2353628270 1.4413485692
-2.1430431457 1.4260604805
0.2355395783 0.8512179043
1.8878703885 -3.0294804468
4.5002636312 -1.4788218589
-1.7803546822 -0.4001821341
3.6176229263 -0.7415656944
0.6654844976 3.6058538965
2.9166916503 -1.4840769996
3.5901357047 -1.4854786045
1.6902599164 0.8482902044
2.1992898418 -1.1571187847
0.1475183805 1.7940819630
0.8140610006 2.7840282098
-0.5031158994 1.7866401380
3.0641988639 0.8526074503
1.9514526960 1.1309321353
-2.0144594183 1.6349315597
1.1640636246 2.4324378595
2.7028914238 -2.2837903374
-2.2179085535 0.3242866009
0.5342295679 2.1487765966
1.9069271690 2.5432798875
2.8634299807 -2.4824220058
0.9250807491 1.3494269813
-1.4219990948 0.3514335459
1.4619938448 1.3593200614
1.7415033300 1.6877448242
-3.7808667560 1.4830448428
-0.9556275257 -0.0570696642
-2.0260439928 0.7175058557
3.7989267827 -1.9343546115
-1.5800768543 -0.0292193925
0.3610136041 2.3123170571
1.5058316144 3.0019235769
3.4357319425 -1.0573379567
2.4910933587 -1.7286280213
1.3424190396 0.9887672579
3.5173333790 -1.7418663053
0.6139193121 1.6636582666
-1.2923684278 1.9247962029
2.3584789560 1.0604301087
0.9780741211 0.8424778909
3.2767035486 -1.3463600375
0.8474688912 2.4322909952
0.3189742794 2.5351259964
1.4954772094 2.0238658521
0.2668298450 1.4297593376
0.2151614501 2.3636674704
0.3395533684 1.3836280936
1.6899049404 2.3824702454
2.2437572764 0.7505050125
-1.3603453636 0.7383657986
2.8218277062 -0.7839217289
3.3336374981 -1.3592574675
-2.2619039497 -0.7162034776
2.7949193799 -1.8129533125
2.3183813241 -1.4074954446
3.0109712440 -2.1943021791
1.1003672254 2.4808476425
2.8379542802 0.9723563262
-1.2169723247 3.0433476689
1.2618248134 1.6888927766
4.4536424263 -1.5764867795
3.5210265899 -1.9920474982
-1.3632302278 -0.2832101037
3.1968434054 -1.6929973261
2.0887704324 1.3720574654
2.8310660346 -1.1597736022
4.0093819607 -2.7097195913
-0.6169879966 1.4772371950
-3.2562147235 -0.2107671101
0.9178197017 3.5527004523
1.5717354934 1.6527039584
1.9812173284 1.3610577805
1.0996306163 2.1837625586
-2.6354640445 -0.3007948791
2.7062753735 -0.4479440960
2.7183422193 -1.9724599943
-1.9934023736 0.5958915696
1.8843448861 0.7730970355
-0.2271541869 2.9477732131
-1.3439636941 -1.3581298054
3.2862752525 -1.1395245106
2.2215531176 1.1270837556
2.5107884520 -1.9008020143
-0.7111964547 2.3628411744
0.7188026391 2.3865998740
-1.5237073538 -1.1837243527
-0.3782311302 2.5941272931
0.3382855707 2.9406808264
-1.8461017919 0.5049464078
-0.0111341565 1.3779957175
2.9921353450 -2.6991256502
1.6259602784 1.7713621073
-1.6146585621 -0.4510027119
-3.3813725002 -0.9511504319
0.3501947776 2.8422032159
3.3532615594 -1.9837413309
4.1495441677 -1.7994127514
0.8245301456 0.9905150049
1.7013197461 1.0537370038
3.1737000934 -0.8071887813
2.6769204519 -1.5353534337
-0.1151353793 0.7250321743
1.0920915787 0.2544733627
0.5869848661 0.7027053411
2.7687263678 -1.5366638654
1.4860472797 1.2767726384
2.7970087047 0.6276594255
1.8137855052 1.3753161979
-0.2531380611 3.2498635873
0.4185521302 1.7834514985
3.3882415909 -1.6477959309
-0.0985349909 2.1741993530
-2.3706667213 0.9965642963
-2.1218511089 1.2085192319
0.9135239637 2.5326893435
1.4930435600 1.9616002230
1.3469294506 4.1415474887
-2.2474224306 -0.0566161753
-0.4888592249 2.4141705818
3.8829119650 -1.2477078091
-2.1323649250 0.7440975676
1.5453793319 -1.0712650070
3.7321758249 -1.8350843353
1.8621687565 1.2077217949
2.5997745627 -2.4954757410
1.3220014652 2.4455668644
-1.3838926791 -0.4998821958
1.7773953889 1.7384863749
-2.1454401086 0.2408711062
-2.2630844982 -0.5125660218
-0.8006549368 1.5260222284
1.9809322446 2.0181589045
1.8020061611 2.7754680618
0.0265236166 0.7601417113
0.0403694286 2.5855563003
-2.0031653045 -0.1663989357
-2.7321775469 -0.4472378466
-0.4176613924 2.3536147563
-2.7237391037 -0.9895130706
1.5326281172 0.7617180922
1.4508564633 1.0076333395
-0.2833231452 2.6279139558
2.6241835971 -2.0640422102
1.4440198488 1.9059963922
3.1149123084 -1.6351705344
0.3370232837 3.7399055253
1.6662198748 2.4848500376
3.4469256610 -2.1247906146
2.6000990629 -1.4472111126
2.6482788191 -0.7542263441
1.1768991863 1.3780648788
0.9216719828 3.1098191339
1.3482018244 1.2150406183
1.8313590935 0.4943022350
-2.0666801820 1.2125779807
3.5290067877 -0.1481145837
1.8827899356 1.7546686275
2.1107482438 1.8785834447
2.3908970889 -1.9894082138
0.9502944122 1.0855286955
-1.2225046294 -0.5573347072
2.6722339270 -2.2826717350
2.5941168839 -1.4280522236
1.3235561415 0.7576201497
1.4226143713 2.6990805552
-0.7164310798 2.9268928761
1.0977767928 2.1664467911
3.1232657723 -1.4387316673
1.6969334025 2.8338635574
-2.3787595756 -0.2267750561
2.6551898650 -0.8426519722
-0.1134912115 1.3633719341
0.8129384853 1.7281311486
1.9199491240 1.0525781342
3.1017090272 -1.1373707464
-0.5062030697 2.5113159759
-0.8111128919 3.4369334842
-0.9419426310 1.2244112450
-1.2878095365 1.6366807301
2.4015596715 1.5236272126
0.9860274319 1.4690738592
1.5932251510 2.1531968699
1.4436903811 2.1584525350
2.1491163890 0.6380778076
0.0390640613 2.3663785229
2.0415518151 2.3498803218
1.7138384757 2.3325035697
0.4904565431 0.8552365941
0.5938143831 3.1368241767
-1.5896371942 0.1159214057
1.2249193715 0.7841547974
2.2309199748 -1.0165514509
-0.4147511754 1.5432329354
1.7644697993 1.5599696110
-3.1936911813 -0.9490456929
-2.1468299297 -0.3890218847
-1.2812072065 -0.1986913734
-1.2680011948 3.1872223719
1.6733354495 2.4402125386
0.5270063916 1.9057569537
-1.0929461506 0.2527637976
1.7408364445 2.0686461513
-2.4703256880 -0.5345425597
-2.3380653906 -0.0003039593
-1.5695188181 -0.3284506639
3.1733270642 -1.3754075090
1.0102918714 2.2239265536
3.2842251611 -1.0081415825
0.3517869549 0.6628720135
2.5436424496 0.3470989426
0.1062424018 2.6074979477
1.2048762208 1.0271254353
-1.1706467708 -0.4146279673
1.3047811713 1.6381367131
0.3562586576 3.2079796680
3.1503230950 -0.4962400666
-1.0219498958 -0.1220776331
2.3170356915 -2.1026775852
-2.8755844197 2.1433557111
1.0147841794 3.0969491126
0.4356538385 1.4641390574
2.2583037811 -0.0300938764
3.7644881156 -2.3364916719
-1.1330400900 0.1326773476
2.4092651846 -0.6413649818
3.6035481380 -1.8895461672
-1.8132392287 -1.7970178221
1.8833858336 1.7161604586
0.5133141681 1.7833448804
1.4698514698 2.5933654263
3.1256184534 -1.6042912420
0.5452794221 0.8435459367
-1.7492380796 0.8689361419
2.9526098131 -1.3799960202
2.8143145827 -2.0090375382
2.8453802896 -1.6802073124
1.1605140834 1.1825286171
2.0801080939 -1.9038084350
-1.7484269629 0.2130684512
3.3267477158 -1.4674846278
0.9143093699 1.8205124380
3.1993497206 -2.2391525213
1.9108764987 1.0827993314
0.9949692987 2.8910827439
-2.1046497112 -0.8001837556
1.4602520880 0.7487941033
-1.8384222946 -1.5275566604
0.0353023594 2.5697342039
0.3167488798 1.8178920790
-1.8180598639 0.5578872140
3.8900691083 -1.7478580090
3.8174454307 -0.7296500455
2.5367302305 0.5076272607
2.5076489453 -0.8559425593
0.6662375767 1.4140280792
4.2815926248 -2.3219646253
-1.9731297315 1.4191170293
1.2764888401 2.3530513324
2.6772052099 -1.2050070513
-1.4275270252 0.6174332414
-0.8020975961 2.7014849958
1.4715039881 2.0025094923
0.8491472774 3.3011884622
1.0996849364 1.9287724194
2.9237400348 1.3444622956
0.4400040168 1.5853569042
-1.1006550401 1.3809117229
-1.2450838054 3.1654915069
-0.3041962568 2.7208606490
0.0923454125 2.0099926262
-0.4109110134 2.6679309159
0.8722671741 2.6904142399
2.9439652427 -1.7205115929
3.1811588800 -1.6203197179
2.9084335802 -1.0305523820
-1.3665070883 4.5329595157
-3.3124893281 -0.0044658715
3.2455078069 -1.0015446791
-0.0101248812 2.9160488617
1.3380561077 1.0852315956
-2.8473711012 0.8183511107
2.0506571297 1.0642917521
-1.1227700078 0.1188014665
0.6144843001 2.1470866775
0.7351006232 1.7962445559
-1.1954187875 -1.2951739135
-2.7021190481 0.9029366419
1.4038265761 1.9086204959
1.5251382989 1.9919855648
0.3092425281 2.5568114621
0.2170718836 2.5653389698
2.6310361507 -1.9399367706
3.2579291185 -0.1796197030
1.6151890394 1.2401312564
3.5802603181 -0.8511732426
2.1755902339 1.5103291491
-2.4900375652 -0.0679540367
-1.2932441128 0.1033291719
0.5350667931 2.5305362306
2.6818410682 -1.3094872106
1.3609452962 0.8858984820
1.4342373586 3.1094421241
2.1672654218 -2.6635874701
-1.5385181231 -0.8798345896
1.8582906331 2.6450565304
0.5027861387 2.0013043442
-2.3460360825 -0.4789003547
-2.0003751319 0.3677211345
0.2221458889 -0.3133911122
1.1055740919 2.5174502943
1.4581120886 -2.8859826885
1.2545709967 1.9577316074
3.5195086646 -2.6005949078
3.4920381654 -1.8760639090
0.9084441528 2.8017053116
0.5765211908 1.6364742372
2.6976154739 0.4051784493
3.6400706078 -1.0108580209
2.6943049531 -0.5265225931
1.1565784956 2.1463118781
0.4412183788 2.6753831943
1.6773466240 1.7238754002
2.2482774128 -2.2077179162
3.4918415885 -1.3380017013
-2.6572853835 -0.7107839291
-0.0283371820 1.9192696773
3.7499248475 -1.1236180767
0.4271267685 2.6452588527
-2.2326146711 0.5214121296
-2.5575364719 -0.3911950625
3.1079519139 -1.6632544947
3.3603199331 -1.5849780117
3.0013293060 -2.0886038953
-1.4869344713 -1.1751923738
0.9842609122 1.8963482308
0.9172863426 3.3090259660
2.4057880098 -1.5350491809
0.1153172925 2.2666682660
-1.9224824822 -0.4267217558
2.6929277226 1.3701241362
2.8580614515 -0.9553769404
4.4290099494 -0.8390938377
-0.5706638798 1.9908611453
2.7673866198 -1.2636049218
-2.2072071156 -1.5727003357
0.9567662247 3.1121510396
-1.8895114941 -0.0927836751
0.6488049306 2.8229484981
3.3824588200 -1.2967784341
0.5960069144 2.4242546563
1.0071302751 1.3035601855
-0.2957996917 1.7836017352
2.7758411900 -1.3399743022
0.2082187600 2.8759315172
0.1141628397 1.4373905513
-2.2464338669 1.2352773305
1.7631377019 1.7178643625
1.3354636959 1.8537724695
4.1858885300 -0.0660917264
-0.3261718980 4.7381415010
-0.1119559681 2.0197332054
1.1039314643 2.1898036388
-0.3400209038 3.2809250407
1.3668402655 1.7819986303
3.0491946634 -1.5771654297
0.8109208733 0.9768740110
1.2317024631 0.6621731976
2.9638943837 -1.3307302861
1.2377880051 3.2088277052
4.0138029471 -1.6035052168
3.1759823493 -1.1144792199
-1.7728141827 -0.0592873776
1.1441822825 1.7039370897
0.7041365356 2.2243729146
0.6603376290 2.8904928818
2.8812986390 -2.2171001112
0.4858780517 1.3992939510
0.5920623246 2.2423745053
3.5310067076 -2.1203888844
3.3065408944 -1.1518517867
2.3425386314 1.9765932945
3.0406802184 -1.4553582413
-1.8323236340 -0.7918269004
3.3038523698 -1.5288288355
1.3534799741 1.5674978013
-0.9258098211 -0.9304217868
3.0477423089 -2.5401734874
3.0782535083 -1.0817534519
-2.9094624212 -0.1204694805
0.9630803080 2.4313516590
-1.4341243329 0.3239528864
-2.4116989735 -0.6403600918
1.5364360240 1.6991002809
-1.7497115082 0.5428779350
-2.9458725481 0.8608282597
3.3297098301 -1.4033418814
1.5850945826 0.9155085216
3.5782288032 -1.3864585062
2.9396496295 1.0038743873
1.3625184847 2.0355179922
1.0354652184 1.6552043425
-2.9444177227 -0.3403400111
0.6909322267 1.8539349212
0.2981347789 4.0012862086
2.5335658589 -0.4861024346
1.1430381088 2.0476147521
-0.5323915581 1.0150587806
0.0277063130 3.7383441037
-1.8784029547 0.6659792090
3.0318989016 -1.6205892377
0.1710331668 2.6146414474
-0.1276695267 1.4796647193
1.6653070611 0.8780873218
2.0640565956 0.8611380707
0.2548735400 2.3311391469
3.2824278635 -2.0612267447
2.6961358902 -0.7908207745
-0.5942360471 4.3713408284
2.9657511808 -0.9339990134
-2.2964930848 0.3761404373
-0.8305183808 3.5297361298
-3.2498807800 -0.3809354172
2.4322726286 -0.9991388753
0.9025595089 2.7788083300
1.7145876986 0.5131920654
1.4486178413 2.4005806918
2.7193441897 -1.0282090611
1.5411215815 1.8527269811
-2.6546548404 -1.3932203064
0.4818006027 2.8977557050
2.1095387496 1.4749002322
1.9424515479 2.8361726995
1.3634148904 2.2150654683
2.4802062860 -1.5515665549
-1.9264701124 1.6406294291
2.1131781471 1.7052592212
1.7608699770 1.2689135771
2.8954854466 -0.5730655305
-2.3155427530 -0.4643092950
2.4601180664 0.9087730640
2.0128697908 1.1494578413
3.6392352209 -1.5424567385
-2.2254639245 0.8875052127
1.7144205323 -1.9947132091
2.5565087207 -0.8791203636
0.5172185475 2.0272822712
1.1449219570 2.6947116586
-2.4049045303 -0.5748611780
-0.0059836005 2.3258159405
1.6079356115 1.9229428505
0.8029731269 0.8908056562
4.2867497035 -1.3247148110
1.3489212647 2.3010547346
0.9259199899 1.2658859458
2.7423405881 1.5571339031
3.0273217227 -1.4765863544
3.8404666924 1.1211992548
-0.4223739053 2.3787158788
2.8915455916 -1.3515945133
1.0002172742 1.5757334246
2.9165097722 2.5818664982
2.5630640654 -1.6994593373
1.0000106048 0.9346136962
2.9250689064 0.0065486126
-3.0008511665 -1.1062448594
-0.1569412362 3.4029947216
1.1269031055 3.2528239988
-2.6504604647 0.5919696003
0.9667120714 1.8088171748
3.7237830683 -1.3688293373
1.1258210677 1.1860932803
-0.3417663110 3.3917736792
-1.2751176506 -0.2895928692
-2.3271532378 -1.6549167519
2.9229409109 -2.2977042384
0.5650775185 2.3904701730
-1.6313934256 0.8551415275
3.5257962313 -1.1044614825
2.5245568282 -1.4753852369
1.1603551252 2.4940827716
1.5385661404 1.7686080476
-1.3355831083 1.2489907700
2.7410322910 0.9061827247
-2.6325640851 0.6144886927
3.1268125853 -1.2410865107
0.3451257063 2.3868858485
3.1251474069 -1.2499495542
3.5564595836 -0.8828089884
0.6059031422 3.4262542981
3.5339505346 -1.7170782375
3.1333022394 2.6768148574
2.9284430955 -1.4582053873
3.4106056365 -1.2848327512
0.5600680350 3.4737128519
2.7068067994 -2.6568683220
-0.2264347581 1.6823067151
2.9986902992 -2.5817914012
1.2269479726 2.1383984770
1.7458050096 2.9150216794
-2.5075088978 -0.3397948860
0.9317726856 3.0297064470
2.4514697693 0.5215282077
-3.0836743198 1.4301938218
-0.8182298278 2.8613363825
1.2096169199 1.4708822016
1.5130936424 -0.1738827775
2.7743242887 -1.3469496395
1.0471536513 0.6771432981
1.8629954402 1.1154703137
-1.1935401370 -0.4814605775
0.3688628245 1.1934175878
2.0862324628 1.5603532964
1.7455790513 2.4219069083
3.1647087745 -1.3290786328
-2.3066402704 -0.9912818059
-2.6367906934 -0.9873605716
1.1319434387 0.3573370038
-1.5875690754 -1.0207036620
3.3189312972 1.9370359500
-3.9842752651 -1.2073813050
2.9380888060 -1.5959490801
-1.1045422058 0.4704427482
3.1173634992 -1.8479187302
0.5200681289 1.8501224905
2.1818659877 -1.1711859776
-3.2895422152 -0.3118809622
0.8371741178 2.3785568716
1.8735594033 2.7616881838
1.7288232672 2.1929784410
0.0906376031 1.8540112451
1.9731605334 1.5814176608
1.4085775919 2.6649613087
1.6976142103 0.4385812871
0.8414550542 3.2223281847
3.3450399539 -1.6542246358
0.2054003020 2.5333574685
1.4644914679 2.4443067443
2.3302113555 -1.4111378128
0.4943934007 2.6548953667
2.6703566948 -2.0902558975
-2.4136833441 0.1900624258
0.3678160612 2.1841783278
2.4872274164 2.4868470421
0.1584448189 3.8749191776
3.1338786781 -0.1698603582
2.5899878560 -0.9948904284
-0.0724026862 3.3907742143
2.2648325817 0.7790084778
4.1326278217 -1.0062107313
1.2039702386 0.2631376109
-1.7926042919 -0.8003895884
3.5795554039 -2.1426604602
3.0854025272 -1.2825098000
-1.6372867206 -0.7458273091
2.7768701620 -0.0340082565
3.8065754935 -1.2519139918
2.5051504474 1.7292112607
3.0118151145 -1.7120952799
0.9850893829 -0.0647672843
0.8456159619 3.6382178240
0.6323419048 3.0718361355
3.3005891576 -3.1887699023
-1.7612971782 0.2526263392
-1.7583977335 -1.0105924382
1.5776703039 3.9998467993
2.8039292054 -1.7037716997
-1.8861895783 -0.2408028411
3.3107130266 -2.1399359418
3.8165255761 -2.0091448034
0.4918753882 2.4485638959
2.1261038036 -1.8329227533
1.4645582175 2.2304260167
1.7976530155 1.7784981549
3.1896915718 -0.5698589821
0.4372649172 1.2573055777
2.6893374569 -0.9207788220
1.2022181072 2.1960700368
0.4113806265 3.4404543639
2.5348775983 -0.2159403720
1.2193678919 0.8961658071
-2.2176408135 -0.9053078483
0.3568346957 2.0069585213
0.0200099691 0.8217310922
-1.9615593991 0.0865075300
1.8745357870 2.8798906863
0.8509460234 2.3422712349
0.1430840511 2.4907077251
-2.1158173556 -0.1499187366
1.9268433686 1.8150317278
3.4282905439 -1.5131910586
2.6628520640 -1.7378994185
4.0963790329 -0.8956174166
-0.7373821683 2.7382275707
3.0297389410 1.2220451401
-0.0748425453 0.7690978995
-1.8529080959 1.1932072540
2.7516895320 0.6142548802
1.6691081874 1.2340366312
0.3985637309 1.9844739200
3.1088007342 -1.3807512232
1.1100573059 2.6766014831
2.8979501811 -1.7900013108
2.1735693600 1.3818500229
2.3872268015 -1.6747600106
3.5036088652 -2.0598364077
2.4268803311 0.8408118822
1.3503343467 2.3608753758
3.5055523394 1.7813166700
-0.6234398417 4.1143333756
2.6482621952 2.2757760355
0.3107834259 2.7686351831
2.7537705315 -0.1156153585
2.5574460274 -2.5875962845
1.2739026013 1.9407697443
2.4051977792 -1.6452920471
2.4492780208 -2.1969143674
3.9983758008 -1.1383751409
2.7280791391 -0.4901858992
-1.0704698914 -0.5469636753
1.1063041702 3.0995919348
2.8502199277 -0.5260635035
1.1662860282 1.0344523524
1.2429219393 2.2598192385
2.7764830111 -1.0370592586
1.0774897797 1.9696305086
2.5485226100 1.5677289411
3.2445072202 -2.4610008727
1.5222086258 1.5416458783
-2.2536068974 -1.7662037538
2.0948065586 1.8384345686
3.4834675753 -0.8250287104
-2.0175459681 -0.7860057375
3.8725844326 -1.5788511296
-2.1975806887 -0.4245396257
1.3311530637 1.0406573079
1.9753004219 -0.9527546794
2.9922538652 2.0760101268
1.6642578875 2.2812410976
-0.1277513086 2.3880175477
-0.1916306449 2.8794678798
4.1767731682 -1.5201230632
1.9364211721 1.2024569419
2.7695920807 -0.4071696351
3.0197673296 -0.1286734233
-1.2737243560 -1.0139570432
-2.7301073098 -0.2185246438
2.8243719196 -1.2339153217
3.0858648515 -0.3431884461
-0.3294370584 1.9948302498
0.9566378988 2.6189100596
3.9487411941 0.8619166605
-1.6090888462 0.4943106527
0.3901467567 4.1195245276
-2.3971895802 -0.7749453023
2.0697063359 2.1399784801
2.7357990670 -1.2975974296
0.6501482787 1.5800828726
1.7200831187 0.6686659571
1.6193016891 1.4122232426
3.0397920717 -2.1225358150
2.0497777347 1.9732685229
1.1324616889 1.2411901006
1.8889167717 2.9822653188
-2.7723711727 -0.6576145295
0.9876758887 2.4249461645
-0.8470393231 -0.2472300947
-0.5461373042 0.0392392650
-2.4289701531 -1.0405496202
-2.9224863998 1.5282189403
2.8395030895 2.0283314157
-1.4794469236 1.4997479633
0.0766240822 1.2372019430
1.8494256804 0.6690671011
0.2792537912 2.6179227117
-2.0761044229 -0.9542630917
-1.7556806152 -0.8621029972
1.6327167463 2.1171104008
-2.6383624570 -0.5801131759
-2.7295123964 0.3106940875
2.3479843117 -0.4530201321
0.8462914139 1.6652748786
-1.3333454545 -0.4985550033
2.6596915879 -1.2474383746
1.2696097400 2.6123255055
3.4118450229 -0.5912558488
-2.8934396687 -0.3877088475
-1.8189688830 0.8407632189
3.3275370190 -1.3485332185
1.9477011832 -2.0795269741
3.6229854937 -1.7756198671
4.1138328063 -2.2674707918
-2.7926235730 0.7511296820
3.7383533482 -2.2570785713
-1.0023741507 -0.9475824798
0.7321310607 3.2470364533
2.3087734123 -0.7851584830
-0.2173998562 3.8872524139
2.5447578130 1.0832603983
0.8118516438 0.5777061460
0.4124911051 1.8525144288
0.1624832580 3.0038114641
2.1210018690 1.1433979354
-0.6547894928 2.6373360227
-1.6214253202 -0.6619249302
3.2794294752 2.4370199846
-1.6055351018 2.1369212400
0.4580783792 0.7083437994
1.5942700263 1.8058623035
2.3878485651 -2.3365115391
3.1380055927 -1.7917591037
3.6226313390 -0.3571306448
1.1977262219 2.5479999083
0.2096715700 1.7700947337
1.4526409451 1.7453110883
-0.2941026113 2.7848039040
1.6837471890 0.8042059241
1.5113379780 2.2446875956
2.2082684440 -1.6557889159
2.8402912457 1.9168424116
2.5468234701 -1.8577883692
2.6119618605 -0.7896609640
-1.4366395590 0.2722931639
1.3790689948 0.4480561165
0.4553666776 2.0675221055
-2.1171909778 0.1716362538
1.9541318427 1.1510613192
2.1206063532 -2.0298380151
2.6548234765 -2.4129136616
2.1300822152 -2.5495061122
-3.2017396387 -0.5679826773
1.0373920733 2.4310609569
3.1353964584 -1.2539595847
-2.6227774790 0.4331591814
2.9054764809 1.8597319801
2.8612832674 -2.0494036437
2.2592176970 -1.6864243483
3.0483980963 -1.5763628809
1.3347527231 2.3593207316
0.2618646388 4.1306349756
3.0710707891 -0.7973839252
2.8846040394 -1.2190225434
2.3201182832 2.1849872533
1.5182368437 1.4082882773
2.2319561445 -1.1200553180
3.8180283021 -1.9265782860
1.2183051333 2.6580454624
-0.6723147868 -0.6440740964
-1.6074090084 1.3134629587
-1.2068492483 0.5176180035
-2.1666328449 1.6833814006
2.7526309492 0.6968264571
1.2983544582 2.0386554979
-2.5797737629 -0.5184529780
0.7751798200 2.4341937953
0.4288447598 2.1799183663
2.7077151357 -1.7899733471
3.1806726007 -1.7666020454
2.6759760536 -1.1900143730
-0.0095224138 3.5597233714
0.8801454921 2.8621177475
3.1507961132 -1.1345119088
1.3487765719 3.1972946219
3.1808426541 -1.7209278906
2.4957574381 1.3539534461
-2.0194905223 1.3106183264
1.0446716161 0.9971258524
2.4022232474 -1.6693940340
-1.4759381362 -0.1592369215
1.6017621525 0.8922298588
-3.3639335206 0.4354530580
1.8657117625 2.0908736544
-0.3101531547 2.2701085740
-0.2657605709 1.6711956064
1.9302320259 2.1759860545
0.4572551914 1.2227154309
-0.2151575590 2.3229065804
2.6973359235 -2.2912787575
1.8473542414 -1.3766554026
-0.7865994501 3.0582617019
-1.0782374651 0.0517152805
-2.0043969236 1.0096607763
-2.6403727000 0.3717059297
-1.0619395390 -0.3905355381
2.5263943613 2.2312031885
3.0264526969 -2.0255529350
0.1206436974 2.6365100067
-1.1266195168 -0.4254373030
2.8403731001 -1.7636968364
2.8571236807 -2.2751436318
0.1795152285 2.6310778602
0.6954709020 2.9559187423
2.1913057650 0.8090004151
1.6241480641 2.7337280349
3.0439364886 -2.5693480385
3.7330187175 -0.4194926787
0.3388799373 2.8633840738
-0.1892507091 2.2526438009
3.6912634898 -2.1927739136
0.9659939249 2.6422049185
3.8481386908 -1.2831505342
1.0955299554 2.2180565957
3.1412692959 -0.9266353454
2.1814910975 -1.7958424082
2.6748628165 -1.3560931709
3.0865367447 -0.6311597687
1.4558018527 0.9274259592
-2.0898873627 1.1430414240
-0.8908744917 0.5688947150
3.0678614657 -1.1644859794
2.7537466003 1.0298528048
2.5316923561 -0.1085345793
1.1312342983 1.9457702459
-0.6397581957 1.1774593839
1.2492158285 2.7231531949
3.1296264744 -1.4268140212
1.1216205108 1.5936247917
-1.3523054901 0.9208013877
3.6578304336 -1.3763658588
2.3845955192 -1.9890968505
1.3069749890 0.1748469711
0.5301005035 1.1868929082
1.8460535318 2.0101506731
2.6573830471 1.0427015775
-0.0516951931 2.8997980239
2.0811045982 -1.8506345157
2.4332863959 1.3956092596
0.6612806191 1.2605022703
-0.5600240670 1.8289114856
1.3631288978 1.4380485879
-2.6892971435 -0.5757707295
2.9963612468 0.9036830209
-2.3781911565 -0.1979704148
-1.9660183777 0.0626291585
2.1252719911 2.7968206451
2.9064995585 -1.5708539070
1.1306017462 2.0792439705
-1.6611513256 -0.2656150872
-0.9431102380 1.1067320640
4.0635928548 -0.6765466874
4.0044125404 -1.0504109150
3.4504150850 -2.0063680280
-1.9213002112 0.4062964697
3.3221591110 -2.5864415492
0.3403310601 0.4884415735
0.2356410632 2.9397779803
-1.6135625716 -0.6360012341
-1.7837897576 0.3050469238
3.0943832618 -1.9084790597
-2.1593560553 -0.5238741791
2.5957695405 -0.2814601938
-2.1097205333 0.0471123202
-1.7848090539 0.0216709229
2.0720959172 2.2618716336
2.3300783350 -1.7000577524
3.0065965800 -0.8974573004
2.5078378297 -0.7590531100
-2.3122312160 -0.2509502692
4.2054125258 -1.7261803007
2.6826770194 -1.0896912371
3.0471550762 -1.7669982106
2.2846149376 -1.6691440499
0.7640996591 3.0156610393
-1.9799713672 0.7669523719
0.2509823926 1.8595442414
0.7490083535 2.1122516829
3.3102861319 -2.1482885896
3.6800805028 -2.3752069155
2.5334891521 -2.2201102043
0.0553487324 2.3622926065
-2.5756055723 -0.5789735419
2.2523169864 2.0136087168
2.9397028918 -2.3757362756
2.5507958354 -1.7726168391
2.2540077852 -2.5687265081
-1.1615502338 0.6836167851
1.6324183327 1.9798498035
-2.9569030897 -0.1551946582
-0.0607604301 0.7627669366
1.5456378468 1.0438699788
3.2881467511 -1.8984484586
-2.6964283025 0.1686267139
-2.0673535156 -0.2703516355
0.9467264885 3.1201673067
4.1288088043 -2.9691419100
0.7906923266 1.3300490392
0.0965596905 1.8939691238
2.2059868498 -1.6740133207
3.2379624062 2.3112708338
0.5961580973 2.2339661140
2.9817702519 -1.8853535684
2.6798698123 0.9910446379
-3.4528627514 -1.6954099119
3.2743443524 -0.8937736591
1.0142155315 2.7810404716
0.4247144443 3.0503520026
0.9221999331 2.4209889846
-0.5776672486 0.1107469463
1.7268413679 2.1004490676
3.2262440150 -0.6682886506
2.1988109295 1.6928987227
-2.9567850242 -0.1177155767
-1.8989892902 -2.5121434709
-3.2308856332 -1.1822199241
0.3872608790 1.7776341635
0.8490788653 3.5236204373
-0.5345750630 2.6323063049
-1.9844045438 -1.1754564249
3.5880742236 -1.3525497491
-3.0107510237 -1.2514727380
3.1525363533 -2.5760677449
2.4920550773 -1.9578853136
2.3057089754 -0.3267355482
3.0887658964 -1.2523541044
3.1607070249 -2.2420922658
3.0768848139 -1.1883255378
2.5596783660 0.2509347278
2.7828649570 1.3037383892
-2.7077629167 -0.0578798166
3.6195011882 -1.3256688359
0.5391950294 2.2148876749
2.7744065367 -2.4730985936
-0.2877846615 1.4471418722
4.0614598672 -2.1678212254
0.8246244983 1.5512072814
1.2828805508 3.3562731896
-1.3884463314 -0.4059936255
-1.0684382113 -0.2347893976
2.8590483008 -0.3253357638
-0.0651869427 1.8868634799
-3.2949783086 -0.1858428018
0.8501393457 3.7101859555
2.6066873917 -0.5009104171
1.9425085868 -1.2720437597
1.2384567004 2.8310637295
0.4687782631 1.5390904417
3.3794190468 -2.0316892438
0.4137986810 1.7755337480
1.4965063582 2.6267776863
-0.6320840224 2.4405024413
-2.4444949909 1.4789897133
0.4289285592 1.9047228841
0.4619304749 2.4841602616
1.5021450650 2.2628418059
-1.6366910263 -1.6883798593
1.2482826636 1.1051158455
-1.8335581396 0.0331646123
3.0573114672 -2.7547283507
2.9771634665 -1.6758990225
-1.0718861175 1.7273139743
0.1439975914 1.9941387367
1.1908978741 3.1626033281
-1.0432226205 -0.9076884528
-0.7618319718 -0.5793964203
-0.7841779857 0.2466301336
-1.5107911835 -0.1797728154
1.7142044715 2.2331746205
-0.3747523850 2.7815141200
-0.0013069516 1.4909941310
3.4746345077 -1.3602690403
0.3749971245 2.8742084362
-1.7403660279 -0.7101897034
1.7493165316 1.8313944685
3.1507608902 -2.1884406012
-1.5940447069 1.6229870866
-3.2957946140 0.3945342813
3.0647721010 -0.0910215824
2.2105778530 -0.8779150751
-0.5385422110 1.6141289716
-2.0666395420 0.6759386762
-0.6200508985 3.8857623749
1.9104561803 -1.6499497142
3.4690830491 1.7691599053
2.0262595102 1.9240233700
2.2404368061 -0.9815931271
0.6530492761 0.6046422890
-0.0913832286 2.6894280877
1.6545782134 -0.5817644945
-1.0927242648 -0.3549990390
-1.5918446492 -0.4762925343
2.9253735419 1.1012213225
0.2695656261 2.3901703885
2.3689957763 2.3051199965
3.6691565509 -1.6799203441
2.7950688089 1.4897387279
-2.1525342354 -0.3584252946
-0.4575718550 3.3779044842
-2.1419148091 -0.7571391890
3.7525000718 -0.8750118096
0.2488035625 2.7589396069
2.2559878056 1.6650275924
0.9316813150 2.6720473836
2.8434838498 -0.9059668313
-2.2469220467 -0.5024293198
0.2561807541 2.0996936248
1.5237940109 1.3744483522
1.8834506271 0.3594102587
-1.6043032220 0.7802594747
0.8782528903 3.4743766825
2.1323623689 1.0684656845
-0.6229406562 3.6930214210
2.9377033638 -3.3340747146
2.2834480073 -2.0871224067
2.9708526189 0.2009214486
1.5652220158 0.9684924067
2.9964953747 -1.0623790500
-2.6148461020 -0.1775791937
-1.9368353447 0.7242052445
-0.2962909355 1.6453252799
0.8453516237 2.6563156283
-1.8944514086 0.5777866796
2.9521528313 -1.4589905147
1.5864880335 1.3826251715
2.4544600687 -1.1117625150
0.2878415615 1.4052327112
4.4329751214 -0.7008655580
2.1911303776 0.7494916637
0.0668503691 2.5183019744
2.1420107934 3.0719924211
0.3275483009 1.3876530880
3.1706162866 2.0238646228
0.4354901336 3.8559685449
-1.5540352708 0.6583654535
2.3247387100 -1.3554969588
-2.3985199615 0.5292813911
1.8249658099 1.0218167939
-2.3825891370 -0.7964348099
3.7525695147 -0.5427286991
1.9990712539 1.0190323093
1.1561653273 2.2083773313
2.8456533833 -0.1776023308
2.2324542878 1.9787704722
1.3485126450 2.4487632449
1.8590001133 1.6698739500
2.0192995436 2.1418270965
-3.0919131980 1.4815796136
2.7134867854 -1.0937227468
2.8001558266 -1.8299131988
2.1546289366 0.9130421531
3.4567285313 -0.3071829431
3.2599221882 -1.6960715553
-1.2291161100 -0.6529504698
2.7806016748 -1.9258687160
0.5708392499 2.8539413601
2.7156845954 1.5378696039
0.7414261030 2.3365906507
-2.4558253993 1.1238384281
3.0302481558 -2.4442137572
2.2983697843 0.8196054222
2.7601702250 2.5721762471
3.1518518769 -0.2942684146
3.2560955409 -2.4168524565
2.7647849596 -1.7239938236
2.9992116370 -2.3125884826
0.9875390581 1.7961215814
-1.3756664078 0.4196897426
-0.3610538278 2.9484781987
-2.0688430778 -1.2803607313
0.5344473126 1.9889280510
-1.5793435199 -0.7538179929
-0.1568270381 0.5934511008
1.4658455871 2.5681334633
-3.0039895813 -0.6460558703
3.2415510624 -1.7549356861
0.6636169172 1.9250058066
0.0709140746 2.6024120441
2.9466904836 -1.1959811229
-1.7015549664 -0.6223726689
4.0381577997 -2.2789144272
0.7743984759 1.8597161578
1.8234360171 1.1839288711
0.9506285964 2.3928131324
1.6300157586 1.4567880418
1.3276532219 2.2616447485
2.7241074245 -2.5047589666
0.8620491132 3.7502648494
2.0624647505 2.9590477165
0.2360648005 1.2183054350
1.9763011059 -1.3473800650
2.2263496201 -1.4331556538
2.2643124896 1.6877981218
0.7149292661 2.4355549918
2.7629189481 -1.7504663603
1.9757018256 2.8519078898
2.2959925274 1.3018807314
3.4303775911 -1.2668824291
-2.0101832908 -0.9786119329
0.7342095431 3.6037279058
1.3695503226 1.5751320971
-2.7089778277 0.3387656776
-1.8026584224 0.5530522263
1.3033184396 1.8025919200
1.4646347983 3.5471011439
-2.7560596453 0.3505171802
3.2817943821 -1.0157111821
-0.2823215003 1.4899488059
1.7037857673 3.0644422137
2.6975903178 1.6936089371
1.2033356851 2.4903695635
1.2299858456 1.2282979935
2.8843386512 -1.6566114690
4.0717143457 1.9250782456
-2.1857823857 1.1149354376
3.4644208288 -1.1656146133
1.2958710602 0.7911343778
1.1775994185 2.0620939610
0.8736793386 2.6986902969
-1.4128621980 0.1404405695
-3.0993797564 1.0382857771
-2.4661126621 -1.4726250536
0.5620180754 1.0983904402
3.1357729542 -2.2663121045
0.1659270586 1.8127296665
0.3751055380 1.5701728170
-2.8563434216 -0.4046235120
3.8179436788 -1.5434608317
3.4136722296 -0.4454260288
-2.5203524829 0.1822147569
1.2955020444 0.3658910143
2.0450268408 1.1112398236
3.6424649786 -1.1353729611
-2.2766782645 -0.1111460800
1.4220496807 2.7140623534
0.1757637908 2.4496036354
1.9243630223 1.7340983463
-0.3844614410 0.7432074485
3.6503576543 -2.4702243745
3.4806747553 -2.3351279892
-1.8897181532 -1.2847824181
2.2031831734 0.9599321516
1.6264989687 2.1025031595
0.3339928682 2.7312663459
1.9165995950 2.6303552467
3.1236756638 -0.9442015641
3.3421294495 -1.3081714865
1.2456665242 2.6008757957
0.0587666954 1.5085912700
1.1952861082 3.1770150000
3.0982880803 -0.7829553748
3.3477805652 -2.4053127159
1.1908216586 1.2153492494
0.7089220187 2.5068275711
0.8502057911 2.0948584536
3.0187683665 -1.8992122965
-1.1878059855 0.4217063193
0.1457171566 2.0068695742
1.1276031487 1.5292150109
2.5136215936 -1.0791538010
3.0626674165 -1.5058612486
1.7235478490 -1.4501249243
3.1263014549 -2.5113801475
-2.5190429290 -1.5095456531
3.5998775839 -1.4234471140
1.2724230766 0.8159767569
3.1068168160 -2.1996422252
-2.2827422801 -0.7475743995
1.1940005202 2.6079634546
-2.4941034261 -0.3183108099
2.3348153275 -0.9189760225
2.9790106717 -0.9914836840
-2.2302455925 1.7320439627
2.1815102263 0.9890397424
2.1876153617 -1.6313548477
-0.8206859417 2.7799087373
0.4481596073 2.7818703677
-1.9462660647 0.5849058150
-1.5540624715 0.1128138669
-1.7029546986 1.1837503367
3.0668392465 -1.7228746728
-0.2203671674 2.6167777456
1.9106978695 3.0535128357
3.5188198118 -1.7167905200
-0.4567674548 2.2701090853
2.5501217128 -2.3254231369
-3.6938370447 -2.0388837503
1.7151734309 0.7492033592
-2.5541507072 -0.9679565151
-2.5513504980 -1.6044753774
-0.3791717861 2.7367506678
-2.5941294429 0.9728617254
3.1643281315 -2.3983184709
2.0464048998 1.2787699661
-2.7215345019 0.6209486771
1.5157548490 1.1649098348
3.0002377618 -1.0785523381
0.2497568014 1.2438165320
1.4803858821 1.0591487836
1.1476718545 2.6634714909
2.5541626505 1.1713603381
4.1070507010 -1.5606982908
1.2625936639 1.0462766577
0.3087984234 3.1670166305
0.4493682213 1.1676777180
4.0626478309 -0.5639848651
-0.0579234843 2.0261523537
1.4876658899 1.3185081023
-2.2828435433 -1.0445728797
-2.4381599459 0.0489035562
1.2663580445 1.6140479364
2.5113537446 -1.2166968502
-0.2077738494 2.9096229768
4.6529439836 -1.5015254333
1.8995269593 2.3120531264
2.5524742695 -0.8273521535
1.2290728594 1.3050702601
-1.6502272439 -0.5319012583
-2.4897812549 -0.5225821172
-1.4411342425 0.2001324727
-1.9676068723 2.0390456129
0.6418149292 1.3358305324
0.4809068600 2.3511608691
-1.8813720113 0.5761031691
-0.2367429573 2.6898635453
-0.8601101753 2.1575841790
1.7222961601 2.2229660065
-1.9739057287 0.4012660693
1.8475888112 1.6632321922
3.5511746609 -2.7041416151
2.0611913340 2.4024374622
2.6106364464 -1.3759881517
-0.7960979479 2.8637431996
0.7331935867 2.4755084606
2.1406121672 1.3871014625
2.6037407335 -1.6778429989
1.0362862487 1.6781494572
3.5068826914 -0.9341878133
-2.3977032606 0.4757673200
-2.0737820684 0.3190600241
0.9649901279 2.6411898277
1.2863324244 1.7579972245
0.5961727395 2.0690845947
2.9621556029 -0.1530807037
3.1922507948 -1.6480870389
1.5344580411 2.8189036485
1.8351261215 2.7979502315
3.1744930668 -1.1555747880
3.2886473484 -1.2083813924
2.8675369141 -1.6618248087
-1.7098604782 -1.0036663630
0.1526765473 2.6064491882
2.5566468238 -2.1684703085
0.5820798662 2.6344825713
2.7054612365 -1.1727487369
4.4553858098 -1.4753415610
-0.0212043770 3.2578759081
2.9200067975 -2.0811463149
2.8714225410 -1.1035024601
-1.2038701234 1.2989684595
1.3098681349 1.6331286449
0.6484241232 2.9725562259
-1.2939297461 -1.0411568001
-1.5658171276 3.2110230787
3.0976772905 -2.1784610435
-2.5396362046 1.0283462710
3.4782434881 -0.3742773599
0.7033114698 0.9132701977
1.8148104417 1.6587733603
0.2588540550 1.7787283351
3.4046184040 -0.9150397455
3.3560365623 -1.2567679759
-1.3910076039 -0.0216914707
0.9578600156 2.2291162021
3.2883754553 -2.8178502986
1.1291582304 1.3876990432
1.5648870532 -0.5384432602
2.6933327664 -1.9677695715
-0.1914393462 1.7061522902
-1.2046656776 -0.3281893630
1.3807780461 2.1845895608
0.4252011071 1.0967227756
0.7361263599 1.8992585612
-0.1983745807 3.4193455072
0.0080097187 1.4556317890
0.6877474627 1.1331044048
2.5759091574 -0.9895672217
-0.1509086254 1.9442304401
2.6011685449 -0.6026153595
2.2822439581 -2.2453826912
0.4097791293 2.9340876442
1.6363338625 2.8345019781
2.9112508280 -2.1087461539
1.4029416984 -1.7822390456
0.5945949466 2.1348543845
3.5315623645 -1.6792213691
-2.2170596800 -0.9010427582
2.8356665261 1.7974412494
2.9267280979 -0.8173442749
-2.7539504744 0.2374755329
-0.3541508660 1.6592050386
2.0682277630 1.6034708737
3.5283347159 -0.9058950671
-1.0514267836 0.7221525125
-1.8373648017 0.3432396736
3.1520339392 -1.1519560975
-1.3169709886 -0.0409613194
2.6603497357 -1.1930187624
-2.2053757301 0.4449947441
0.3332799000 3.8951270691
-1.8167320539 0.3993948774
2.1863467633 1.1194064563
2.8774838607 -1.6944085772
-0.8676265651 0.4089335691
-2.0264901111 -0.1527535754
-1.3770580242 0.3059311507
2.7707138938 -1.3640651975
-1.5658835142 2.3994901963
-2.9971001932 0.3164009300
2.8374841826 -1.7763089621
2.8354128640 -0.6282850034
0.7308357340 1.5187136548
-2.6976369734 -1.2372244687
-2.2789771960 -1.2955089805
2.3219991488 -2.2867389013
-1.9150673094 0.1470042510
2.3960368953 1.5217819923
2.6048882909 -2.1622568777
-1.5517757748 3.6549406714
1.0041756499 2.4316144441
-0.6928914207 2.8228336876
-0.2562024252 1.0659604728
-1.9042347622 -0.2629604988
2.1371352759 3.8509075624
-2.6852084595 -0.4007169470
-2.8356504140 -0.4043471167
1.5278158368 1.0365605123
-2.3437587688 -0.2568297654
-1.9200772418 1.5577140356
3.1738887932 -1.7657453249
2.5540898181 -1.5817867183
1.8687745396 2.0512575281
-1.2429152310 0.7475832508
-1.9796199369 0.2647146501
-0.7031870482 0.5881763420
-0.8391076332 2.7699089507
3.1948729075 -1.9405825470
-0.1932810281 1.1457910640
-3.5676471553 0.5691796239
-1.5222975416 0.2520167199
2.1363229663 2.0784072465
1.7232827125 0.5206984757
-1.0926863393 0.7852197857
2.2239677330 -1.4414837542
0.7617759521 3.2019936090
2.9648892267 -1.4366857128
0.3996906143 3.3703248104
-2.9890839583 0.3309722551
2.0067071600 0.7309975949
-0.0932765807 1.9305524422
1.1877633568 0.8768970421
-2.4492530767 0.4823491996
0.9719611325 3.6059812370
2.2357014946 -1.9603793352
-0.0783597073 2.6236065084
2.9875238013 -1.4767964076
0.3200231959 0.2930015136
3.9100715480 -1.4199399631
-0.2815404613 2.9315864753
-2.3979736042 0.5999265152
0.2178867361 1.3341458256
2.4470076683 -1.6823556614
3.1759927266 -1.3185150058
-0.1884492269 1.7966036066
0.5207140445 2.1114627829
0.9822061858 2.3997121185
-0.2844979793 0.2637737898
1.8409741197 1.1056468918
0.7553907224 4.3481002489
-1.6671441129 0.1217473741
2.9536361162 -1.9496130520
3.0003554828 -2.2310994557
-1.8278961100 -0.4790525915
0.0983906027 1.5667285537
1.3081651014 2.8351411191
3.7056899130 -0.8689545170
0.5086225932 2.6098351773
-3.4980229749 0.4286306577
-2.3270807888 0.0486556073
2.5843926604 1.2052687971
2.5246240083 0.8202579235
0.5856327980 1.5763237038
-0.3892180587 2.0757127698
2.4674787460 -1.3626846138
0.1506585368 2.4872716016
3.4024763436 -1.3078185204
2.8530274823 -0.9896401766
-1.4713934284 -0.6939371409
-1.1777185192 0.5952601144
2.3939512644 0.4513459760
0.0821908123 2.1227629471
-1.5692730033 1.5396566588
1.6647850970 2.7369235453
1.4895480682 1.6435042519
2.0125535378 -2.4228683872
2.3033792286 1.9870910332
2.2171951742 0.5834049597
-1.5153217588 0.9367598886
2.1156469903 2.2681643946
1.1838422474 0.9374818803
0.1899991124 3.5125502374
-1.4302769440 0.2368791278
-1.1882357625 -0.0334548430
-0.4069590725 1.7980299711
0.3415906799 1.2056660519
-1.2775444060 -0.3457251498
2.7539665716 -1.9603872186
0.4760100604 2.8121199081
3.0259243625 -0.9679417926
-2.7111452101 1.7463557620
1.5178661695 3.0100705473
1.0499931301 2.8129474841
-1.1643016649 0.4091358268
3.2460492640 -2.2705326489
2.7479530651 2.8131097771
2.7004443010 -1.5289937346
0.1166358182 1.4599789264
1.9645961549 -2.7971898189
3.1608548006 -1.3378845416
-2.3939777565 0.7353618045
1.4130412804 0.6630845765
0.7526495035 3.9507131096
0.6081171926 1.7197210677
1.9316317328 1.3807935570
0.5460150452 1.5159886567
2.3302578664 -0.9340102053
1.0884642270 1.0601579200
3.0971715289 -1.1838618884
2.3872244635 -1.6147005999
-2.8406106045 0.1369652912
3.2527175135 -1.8262575020
2.7745446424 2.4379249628
1.8930892774 2.5686606335
-0.0327957516 2.9889111659
3.4862972932 -1.6970161411
2.7197968489 -1.3688347286
3.0609789667 -1.1256157916
-2.5620836469 -1.0113093430
1.9128503869 -1.1959734070
1.1106858651 -0.6102219651
2.3280204703 -1.1477445704
1.7611030475 1.6240937364
0.7335233455 2.8712907646
2.8770748838 -1.5537807635
0.6580650877 2.6119066065
-1.9689901870 0.2113698394
0.6041840403 1.4154725672
1.8437291766 -1.7245860254
1.4628141688 3.4280610404
3.2280260694 -1.1248793847
1.4248066387 2.3698821494
1.3727032638 2.6852681338
3.2544670590 -1.6986342338
2.9109157147 -0.5725589645
3.2165946352 0.0000906421
3.1681468002 -1.3544275284
3.3313430401 -2.1444851528
-2.0295884529 0.2159154055
0.6895739034 2.3822225127
2.5846966012 -1.6222331120
0.9521625180 2.3003704286
1.8305829256 1.9424477463
-0.1410514591 2.2260866395
-1.0868816956 2.1066906435
-0.6872601967 2.0978267862
2.8413007563 -2.7749817300
0.4667490272 1.5032992668
-0.5700827901 -0.5324057678
2.8734131680 -0.8048845406
0.6441459299 2.9519732817
-2.1514493431 3.7236570147
1.4620772771 1.6822493514
3.0535760077 -0.6914775686
2.8252493252 -1.2615904184
0.2328842145 2.0747321985
0.3865040703 3.8485629922
1.3611385959 2.5862829290
2.7914947822 -1.7555096100
0.7059319705 1.1531484107
1.1794822697 2.0774588394
1.8155847542 1.8947597654
2.3802877301 -1.5818703011
3.4339117449 -1.0510984217
-0.1452017209 3.3108698955
2.1417862631 -1.1905175951
-1.9880954200 -0.1796994978
3.0125306619 -1.5474104041
1.1807824287 0.7092518799
-2.0215484123 0.5852502769
0.8045397752 1.5392100131
2.2044136916 -2.4693337604
2.7221734608 -1.6928253649
1.9297701601 0.5927871084
2.3383982323 1.3372354296
1.9077189776 1.4408887028
3.0705444441 -2.4716596137
1.8392668564 0.9321715887
-0.5594732404 3.3021055103
1.2412873949 0.9128870779
-2.7231395218 -0.0501379711
3.0881523758 -1.1505631297
1.2146913144 2.2139278762
-2.5119143030 -0.3289463317
2.1652534948 1.3528815569
3.1883021696 -1.2534924363
0.2655030114 2.6200863420
0.0890327300 2.3816064967
-2.0646500049 -1.1583376399
2.4282985225 -2.5225824248
-2.5542161554 0.7674990373
0.1828549220 2.0883796401
-0.6025795629 3.3219138235
1.6715963150 2.7874086218
1.9202717383 1.7207352839
-1.7232070396 0.6010198116
-2.0693082847 -0.0632201055
2.9958591991 2.0483418288
2.3574381277 -0.3314167144
3.6475655719 -1.9543164653
0.1023410904 2.0396205717
2.7153182642 -1.8613647646
-1.5552061880 0.8283840386
-2.4843201113 -0.9332394046
0.8445006841 2.1570211830
-2.8047483046 0.0350448047
-2.4487359055 -0.8172375147
0.6788350400 4.2509574621
3.3163166891 -2.1757900187
-0.2420426095 0.3055365128
-0.2277277803 1.4499466917
1.7911675239 2.7068861103
-2.6084492424 -0.5534050488
-1.2420798611 1.3549887902
0.5882267773 2.8457467805
3.2132608274 -2.5246865835
3.8462660489 -1.5839103476
0.8726855421 2.3761119779
-2.4482258462 -0.4460978703
0.7097808558 3.3488798701
-0.5243923373 2.2943150650
1.5614782051 3.0120864737
-0.1573016623 1.2430716072
-0.4159413282 1.6563303176
1.2221651298 1.8952709945
3.3604500140 -2.0108768913
-2.7024958651 -0.3858375015
2.0240542810 2.0106816237
0.0400446025 2.7254470437
0.1317574844 3.3261813859
-1.8568582170 0.6426950380
1.2649386901 1.2271806942
1.2779232686 1.9414405576
-0.0359348831 2.2031648953
1.2487131265 1.9977249860
2.5129925584 1.2795190838
4.3721964030 -1.1306841559
1.7406774004 2.0822315385
1.7974518376 0.3185477279
3.6535038217 -2.2325882729
1.6353452624 2.1754963619
3.2259281530 -1.7076241027
1.3282501394 2.7514625142
0.2369356838 3.5515981122
-0.3015348237 2.5685683713
2.5478597382 -1.1136259894
-1.1674362871 -0.4705747937
3.2532007133 -1.7664069152
1.0442343905 2.4689603696
2.1319970448 -0.8684551215
-2.0913050108 0.4600679052
1.1113131648 1.4544152736
3.6975881349 -0.9733680459
1.9728160075 2.0498400021
-3.0003380054 -0.6770848991
4.1559365369 -1.0962808580
0.1591885823 1.5273284144
0.3734858430 2.2959778474
-3.0569946501 -0.1890799120
2.3053807249 -1.7133093213
0.5054321750 1.5546992085
0.9291339242 2.8230962991
0.0120837275 2.6347508313
2.9004255973 -1.9102730984
0.5197590046 1.6499182445
2.7015017212 3.3249087367
3.7191640174 -1.8650393501
-0.4072466814 2.7428830616
3.9964986119 -1.4913972925
3.6571274631 -2.5782470189
3.0696796207 -1.8259871720
1.9887667149 0.7166910720
2.0518740125 1.6567031118
1.2493540968 2.0547230142
1.1133782641 2.7185741273
2.7144109327 -2.1955046535
-2.2678031595 -0.1845715858
1.1762114491 3.1228843548
2.9875951202 -1.3678355907
1.7073659990 2.5879748292
2.3979319937 -0.0754928830
1.7241950992 1.1080160171
0.6676409296 3.8757579000
0.9819105162 2.5339648922
2.6575688308 -0.6078130614
0.1423915621 2.5487692641
0.2237039277 2.5250145042
3.1750480620 -1.4853353622
2.4188556058 1.8963620658
1.9599397308 1.0525383130
1.7337117005 1.9308428463
1.5984266448 1.0314991450
4.0182368006 -0.2827328887
1.8560088376 1.1623416732
-1.4757027707 2.0627944698
-1.9977653919 0.3652884651
0.6019916851 1.2971943697
-0.0603695426 0.4159664746
-2.3782261317 0.8470482571
0.7147113985 3.5711448132
1.6786198850 2.3694223397
2.7612504650 -3.7795939452
1.7133210734 2.2091889936
2.9579413609 -1.2569932505
-0.5448539728 1.1854559406
3.8660709461 1.8740046363
-0.3941822553 3.5876332886
1.0910814981 3.5255139049
0.3421450510 3.0383701929
3.1834273623 -1.1253382663
2.6552310501 -1.4872704962
-1.8600477392 -1.0548009723
-2.4655486721 0.3828066091
1.9600080085 -2.0668909158
-1.1552087682 0.9016811491
1.4740884121 2.0862328838
2.8319098582 -1.9482486079
-1.9767463284 -1.7460969636
2.4589560856 -1.3480858477
-1.5459031897 -0.3498689241
2.3763439492 -2.7375269667
0.2035672906 0.2342926348
1.8502748199 -0.8754140453
3.2255192936 1.6030994493
3.1891974836 -0.6864255061
1.6901798645 3.9300972228
2.6309389139 -1.8459174567
2.6328487166 -0.6248779449
1.9975803136 2.1307425466
0.9977427326 4.3772565286
1.4569930874 0.6618268184
1.9785778518 -1.1513393243
0.3197711155 2.1705976033
-1.1950431079 -1.0784363801
0.6742222979 2.5539209617
1.2495374099 0.5421733448
2.4270558792 -1.6161842691
0.4048925232 1.3863006077
2.9015618842 -1.1430084148
1.6779458157 2.4503325819
-3.3453408772 -0.4413914149
3.7170521294 -1.4419625816
-1.4007386855 0.1910044177
0.9530171133 1.7098347179
-0.5979755128 0.2111197442
-2.0498922652 -0.9110150511
-0.7718690392 3.9649979655
0.9356185058 2.5228254473
2.7847214838 -2.0884155557
3.1575331230 -2.3429237854
2.9169946640 -1.5095457078
2.9894625597 -1.7171111581
1.0522974612 2.6372670629
0.8534325716 2.0253406152
2.2083750694 -1.2785929515
-1.4613309494 0.8770499551
1.0616986887 1.9977352646
0.4004582215 1.1533303436
1.2615617623 1.9852417913
2.3222360248 2.7049794895
-0.0091058458 1.6742083920
-0.5777524233 2.0300366140
2.0481709325 -0.8385951897
-1.2044644296 2.9927846571
0.5278795044 1.4077012764
2.8143404712 -1.1468840693
1.4086251042 1.6438511740
3.5798783685 -2.1338155604
3.5574147071 -2.0828472353
2.2620997305 -1.3899636723
-2.8115797475 -0.4581089796
0.5181330402 2.3747794992
2.0048206480 3.2256875638
-0.5269331669 3.2758128853
3.5212794494 -1.4498859941
-0.1303834439 4.3124134949
-1.6003109820 -0.3668759582
1.0233772293 0.8426700287
-0.8389281752 -1.2964530115
2.9521024044 0.8937126933
0.6935512278 0.0023586376
1.7949414390 1.3039455259
-2.2729032387 0.1141763980
-2.4031631155 -0.0560361541
-2.2417128456 -0.5154665768
4.0375969118 -1.9861911759
0.2837867989 2.8601764311
1.9609242434 0.5603772457
0.6906559801 0.9271124204
0.4430407149 2.9252176798
1.2237821186 2.0023707604
3.8951840669 -1.0676685531
0.8114866616 1.6468149151
2.8549720440 2.8482039660
2.8800364580 2.4372491819
3.9585078467 -1.9905438300
1.2668779528 2.2720326055
2.0528842814 2.0025942258
2.4673529762 -1.0261665387
0.0685359957 2.8434853809
2.9977505299 1.0383569305
3.3503792982 -0.7158818299
-3.3838414175 -0.5646161592
3.8616798334 -1.5065042452
0.4217410796 2.4309979380
0.7223721263 1.4274033882
-2.0100777863 0.3583665597
1.9986739551 1.2716427830
0.5798124062 1.6584310679
0.4925828484 0.6626602636
2.1263713919 0.7331409771
1.8867464286 2.3022438553
-1.6184914585 -0.4904563402
2.8551218605 3.4701309207
1.5770844613 2.0053022707
1.8994830053 2.2474979376
2.7502396746 -2.8432680809
2.7776095583 -1.8136971320
3.5244203674 -2.1182244117
-0.4155210629 2.4019297081
2.6985916054 1.2353192764
2.7843642439 -1.8672210287
-2.2618618570 -1.6225398822
0.9239391428 1.6805345059
-2.5790437663 -0.8007327151
2.4749705136 1.3099484933
0.5216630397 3.1567310524
-1.4459466230 0.2472827682
0.1376112268 1.9140664734
3.7988982168 -2.0843546566
-0.2689083638 0.5345880954
0.7835507125 0.9706702980
2.0379121856 -0.5368592791
3.1033788699 -0.7933460972
-2.3913390148 -0.7604289631
3.3841792370 -1.5497034853
2.4745875836 1.8334761316
-0.8219597750 0.0367527540
1.0351298155 1.3042323539
1.4194290571 -1.9142363322
-2.4023414838 -1.1919975116
0.3963460548 2.5522911649
-0.0536112096 3.0586386517
1.3662700110 2.1556136008
3.3040008344 -1.7327639006
-0.2914595881 2.9674941442
0.9951074436 0.7804770188
2.1610958351 2.1946282396
0.5373226221 3.2071775371
2.6227166465 -0.5682263364
-0.8885584668 2.4794405544
2.7781556964 -3.0318528500
2.6230647808 -1.2241783054
-0.0999356012 3.5583517852
1.4649045166 -0.9786341052
-1.9321076777 0.2145722727
2.6500059397 -1.9184205637
2.9344693439 -1.6603509569
1.1097795987 3.3252670712
-2.7791806851 0.4359921078
2.0919297420 0.6177963444
-2.0443035772 0.6479628106
3.0349920162 -0.7038079185
2.3079375257 -0.4230531763
0.5324805051 2.6084731802
-3.0450803260 0.3950398771
0.0796555663 0.4242170767
1.8227336628 -2.0150337184
2.2726315530 1.0352002262
3.7939190637 -1.4014029146
1.8048153445 2.1125256984
-2.8148043946 -0.6781638459
3.0092613569 -1.6932724607
3.3356329522 -1.7485711864
-2.0806072288 -0.0054274718
-2.1182137797 0.1059963998
-0.6722870173 2.2961908394
3.1802701079 -1.6392383630
2.1198689871 0.9698311802
-1.6669124264 0.0937351239
0.0928867401 2.2439904671
1.3278342070 0.8670132830
0.9384080705 2.9608432609
2.0997422939 1.2594056562
0.5191198026 1.3703222581
-1.4491995416 -1.0655099959
-0.8585676149 0.0873065746
-1.8945986800 -0.8030703003
1.2320278616 1.1687793387
0.4487528367 1.4099514013
0.3023870019 2.6815795281
-1.8468769276 0.3318720179
-1.2157626260 0.3850366932
1.9081529724 2.2636320654
3.1718103511 -1.0282208570
-1.3843848200 -0.6369939869
-1.6632822129 4.3459946996
3.2069049945 -1.7782318331
4.0386407685 -2.2105697107
0.8572987821 2.6131695493
3.8695227719 -1.6771969425
2.5299908178 -1.7343625647
0.9403072771 2.7785375492
3.1636933605 -1.3204743281
1.9791410841 -1.6800151686
1.6680323635 2.4284103222
-3.8046545401 0.1679323373
2.9847715652 -1.2372057795
1.1922821727 1.5820861136
0.0530264861 2.2934461889
-2.5314860977 -0.7584809466
3.0957535206 0.8701551933
2.2536852348 3.0961771956
0.1963623618 1.1771568483
3.1131981454 -1.7102414396
3.5012619319 -1.5899387843
3.3296238808 -2.3838344362
1.4462150908 1.2561985867
1.6055316853 0.8096302206
-2.3245030790 -0.2176420403
3.5352895984 -1.6538895086
3.1709003798 -0.0899489327
3.4276167717 -0.7354186748
-1.4461208128 -0.8209093677
1.8852128306 2.1814264934
-1.4450989481 -1.2629262404
3.6009808157 -2.0891005997
3.4427309192 -1.9497276910
1.6545543383 1.8634907136
-1.4737339905 -0.3632426479
-1.9851924274 0.1291352485
0.0493692509 2.4394065003
3.8895269591 -1.3065609078
2.8465306189 -0.3541703855
-2.2134657247 1.6384859014
2.2410326648 -0.8763939709
3.8937438220 0.7331222341
2.7910004427 -1.4582421461
0.4781261770 0.6833714279
-2.5475899573 0.3783895322
0.1228803987 3.4363493923
-1.5117252393 -0.0289815564
1.2677965525 2.9010279632
3.3186945538 -2.1869551138
3.3001196294 -1.0043180945
0.3914374325 1.5578499376
3.2441196601 -1.4958898700
0.2071255409 3.1924273736
-1.7947797882 -1.1742872801
0.4266421405 2.8651140625
0.1836670823 2.8447206066
-0.0605007244 3.2406173633
2.4548896618 2.7363693006
-2.7409357592 1.2052540727
-1.4293544364 0.8150538265
3.3895440073 -2.1151031630
1.1199226973 1.5315732858
2.5378692823 0.8363035860
-1.9869547679 -0.7967007391
1.7524296909 2.7483068242
3.3293386277 -0.8270376590
-1.6566852466 0.0027759399
0.2652608082 0.4092932977
1.7500876660 1.4403460141
-2.1699667460 0.9872821013
2.7744465886 -2.9784748599
2.0288982204 2.0976320382
2.9504332358 -2.1379419630
1.8889142016 1.4380247934
0.9309674616 2.7552164044
-1.9608202046 1.2998354307
1.6967183576 1.8902535993
-1.5733471530 -0.4967124366
-0.1259833422 2.2095853106
-1.9483760171 -0.3671349709
2.0783554116 1.5543012637
1.3864780069 1.8980119340
0.6300610142 2.3943467365
-0.1723474395 1.9766741168
-2.8093913749 -1.1952681443
3.4737209802 -1.2175290108
3.1459086649 -1.6307020612
2.9366484670 -2.2461848079
-1.4072272512 0.0407475743
-2.0377408357 -1.1848046544
2.0513280022 1.9604625953
1.6043745987 1.9216137871
-2.0625909571 0.1935839954
1.8327563054 2.2314500444
1.0118880130 0.3757630942
1.0785390989 1.7440136555
-0.7398944892 0.5120251427
3.3113429302 -2.2083680408
-0.8148182178 3.0123882952
0.2914183537 2.1009006606
3.3993407670 -2.9292441811
2.9286564360 -0.9519991108
0.5080714543 2.2748383021
2.8349276196 -0.3355342437
2.6565287184 -1.2618701887
0.8161476494 3.6974641062
-1.9603795901 1.0295844416
0.4693540760 1.1705078126
3.1573684383 -1.0365365262
1.5911972473 1.6959213701
-2.5094021403 -0.3219960554
1.3231876074 1.7344773830
3.3277586105 -1.6102958946
0.9028058932 0.5361263146
1.2312131058 1.8884590232
1.9659374879 -0.7812478286
0.8017820016 3.0298027289
-1.6797383048 -1.5840488791
1.6022455491 1.8417679425
-0.0380476793 0.4585956456
-1.7293792275 3.1193134559
-1.9632010593 0.2054291365
-2.0013895508 0.2212897420
0.4955940682 3.7231327306
0.0447592901 2.0505510899
4.3366940808 -1.7861017624
-1.9564067751 -0.9109098025
2.6746626487 -2.2573402179
1.6075736213 1.6878868042
-2.1760289611 0.2667429461
2.0718341893 1.0920196938
-0.1429701958 2.8682227850
3.3046907982 -2.0927181141
3.4687679515 -1.3698773072
3.0507899516 -0.9328663167
2.7347291895 1.8248045931
0.0170835658 4.3684910376
2.5741647018 -1.0386092968
1.0966808608 3.2472469969
-1.9593338541 -0.0018464404
0.3728902015 1.0292687033
2.0030339356 1.5668391473
2.7768952685 -2.2279771085
-0.0748641245 2.6113353293
1.9924424769 2.1038452430
2.8976968773 -1.7073116446
0.5943097304 1.1356665046
1.2217920975 2.3280403443
1.4545703613 1.1106002413
3.5643388566 -1.1974233299
2.5904251718 -0.4884242690
3.2440256299 -2.0966445614
2.8773462436 -0.2953692708
-0.8734795771 -0.1588922259
1.9021321739 1.8742529348
3.9353554814 1.7943486213
1.4501947321 1.9774137200
3.2160850380 -0.7878490646
0.3602418589 2.9447240445
-0.0488382909 2.8366676101
3.1788807772 1.5849919863
-3.0909444516 -0.1833408720
0.6642105374 3.6282399920
1.2492055941 1.8536065308
-0.5646959963 2.0309923067
-1.4950975116 0.0754193352
-0.0375097361 2.6086901121
1.3594322588 1.7844298110
-1.4853429260 2.9419440798
3.0118175929 -1.9032011102
1.8611240032 1.1496580657
1.4790800354 1.6681906795
3.0671638712 -1.6847308451
1.4814670686 1.6335489798
-2.4356448839 -1.2336185655
1.2134184934 3.6662535368
2.0573889000 1.7155492355
-2.2357281137 2.1162889832
3.7046819312 -0.7715692733
2.4640351538 -1.7068165153
-1.4208094952 3.1242006838
3.7963682680 -1.7705196598
-1.8184186728 0.5746721118
3.7031834678 -1.4916855279
0.7454062116 2.4747361011
-1.3729281262 0.9238614393
2.2240192681 0.8361537798
2.6759174785 -1.4595513615
-0.3964689237 2.1907457946
-1.5398769124 0.7695476018
3.2697058744 -1.4024267218
1.4106360516 1.7701332220
0.0150310473 4.1164528204
-0.5429740771 3.5858995537
3.1482579572 -0.8870570288
2.8885419831 -1.0802678796
2.9278035034 -0.8728317506
0.8539365903 0.8284419389
2.9582157677 -2.4385129669
-0.3898928288 2.1500877489
0.0279617999 1.5362052340
2.0555399271 2.6703399039
-1.3060240703 -1.3249657965
0.8958950889 1.8032721081
-1.9289767700 -2.0797783701
-0.5211792714 0.5242163266
1.8970003634 -2.5054351100
2.3353018829 -2.6655064162
1.3160671950 3.0836069096
-1.3324414603 0.1786443084
1.1409945031 1.4194792395
-0.2706880949 1.3988592422
0.2259691546 2.9634739435
2.0143205971 -1.4955944686
1.5435412407 2.2213588533
2.3086928971 -1.0258605551
1.5536673988 0.5491971907
4.0355609148 -1.8611755008
1.2011485761 2.7737612454
1.0458251221 2.2006737042
0.6415627765 1.4748446565
2.9012435473 -0.5626097901
-0.4224076604 1.9030031345
-2.8717739689 0.1802879750
1.8984742166 1.0510422567
2.2470249356 2.3648092830
3.4298833290 -1.7235272276
1.2001187724 1.6429081429
1.9423061032 1.6231911969
3.4957427946 -1.5112061215
1.4441501890 2.6848913001
2.8762318661 -2.3386681608
1.1886379341 0.7551310939
3.3103226763 -0.1762708692
0.2691414702 2.7809104857
-1.6924211112 -0.3205764012
2.9758584455 -1.3143864614
-1.1921905955 1.6808481160
2.7906261719 -1.6494110605
1.2025588192 0.7372322275
-2.8912482542 0.6142007349
3.4160754688 -0.6423446952
3.0815382320 -1.5861281593
1.7729066225 1.4639935949
-1.9512023707 0.8429987593
0.9107234547 2.1181231939
2.7827932852 -2.7217458119
2.9369756005 2.4192836310
2.6403889941 1.4890801954
-2.2833104027 -0.4828591122
2.3725989053 -1.7452554514
-2.8718537263 -0.2526633106
2.5254246319 1.0539689462
1.8355236421 2.1740409025
2.7777414691 1.4572471740
1.5153669879 2.0330403930
-0.5694290477 1.9730678930
-1.8823680922 2.5086606107
-2.1140170549 0.9720589463
2.9261763121 -1.8128299634
3.4361854804 -0.9853494550
-1.4386466072 0.5004526636
-0.1823018015 2.1812828091
0.6724479590 3.0485749928
1.4881377267 2.5018466925
1.9969084272 2.7207866628
2.4949674515 -2.5078675096
1.1981418820 1.9487005803
3.7078335566 -0.4360396598
2.5614394077 -1.1117987965
1.8141049122 -1.9109258685
0.9607245757 1.5367252002
2.9527864879 -1.4081425353
3.2799997104 -1.1777951942
0.2828158894 2.9828275536
1.1227475131 2.8027709123
-2.7951481319 1.3391148273
-2.5427763315 -0.3229545264
1.4953724300 0.8056450502
0.4967605600 1.5769008012
4.3403782819 -1.6165194016
-2.3003064251 -1.7608469789
3.4768145845 -0.7354284231
-0.3636554921 3.0316535102
2.5391271385 -0.5611314107
0.8291513533 2.7787717001
0.6754624546 1.3177393840
-1.0701985704 -0.6637217760
2.8402508202 0.4982875912
1.8461401796 0.8981910513
-0.6592950752 3.5463549365
1.1478550172 1.2276947668
2.0825367243 0.8124014259
0.9807830115 1.7261140216
-0.5146724819 1.3168923021
3.9280146873 -1.6346554644
2.8022851435 -0.8405440110
1.3964317709 0.2577566286
0.9259916373 2.8614881761
1.6956946353 3.4818719130
1.9316704314 -2.2187400253
3.0716724380 -2.4982844199
-1.9140052838 0.8133236937
1.8796077000 1.6386117435
3.4572600697 -2.4933384914
0.6888439790 2.0079654587
2.7059784194 -1.7841696370
2.9504839502 -2.1458003271
3.3926545422 -1.3755487929
0.4439228113 2.0398144284
2.7966671078 -2.2609338557
2.8065516045 -1.0406885575
3.7753530144 -1.2810637247
2.2170406853 -1.6237680901
2.1842411761 0.2246049288
1.3322341259 2.0448197671
0.3440712023 3.6090648167
2.4370253940 -0.9055851550
0.8529142941 1.2548279019
3.6141609871 -2.4047267152
-1.6232663033 0.7401946485
-2.1887807138 0.7601891875
1.4185712741 2.3828468416
2.9258126385 -2.3972216776
0.9331328476 2.3896110170
3.7182002982 -1.0393097791
0.9823672359 0.9035164508
-2.4819916913 0.6866391584
2.5287319449 -1.8472643288
2.8565263292 -0.6266517397
1.2535709554 1.3138995606
2.5266498200 -1.8759760125
0.7782220733 1.3887668725
2.0430899104 0.2075454801
2.5320274659 0.8264219270
0.7585148573 1.6256851745
3.3755446899 -2.3859406301
1.7669712106 1.9163535569
3.4393885615 -1.6379039798
0.7310059358 2.4126070095
3.6372480745 -2.0872277965
0.5949631349 1.3672645382
0.7194806298 2.2074688412
2.0494589337 1.5717783977
1.3500506236 3.2519804782
2.1946524471 1.5842229694
2.7788700292 -1.9951619180
-3.1229541887 -0.0691745536
0.2583988156 2.2462835381
0.1289516199 1.8975033318
-0.9561642207 0.3223762277
-2.5499739756 -0.3292404523
-1.7995179504 3.3146162302
2.5430880397 -1.4498329843
3.6799877731 -1.7868285336
-2.2477903277 -1.0218005187
0.9422854388 1.9731264887
0.6864415760 2.2024331144
-0.6895487478 2.1139771021
-2.0822527300 0.7282110889
-2.3668121204 -0.5594680364
2.1254447858 2.0626569203
0.5228952415 1.2123631020
3.3773161080 -1.8256061893
2.8632581035 2.2544408866
2.9560402633 -1.3969505647
2.5326008812 -0.9221906616
3.0525657298 -1.4736004263
-1.7799209619 -0.3421177441
3.4593629535 -1.9609645036
0.8047886278 3.3125966595
-2.0291142899 0.4487070615
1.6581993515 1.8266709039
2.1775876659 -1.5249037185
2.9128861296 -1.0884339344
2.2529039483 -2.1354158572
0.5628867387 1.1135884289
1.2022874651 3.4257890193
1.9797923435 0.9896829395
-2.2728302915 0.9458594156
-0.9459600219 2.3188451700
1.9928955745 0.2017114263
1.0030439301 2.4807768122
1.9950891207 2.2043212756
1.9810741026 0.2696065979
2.7570128690 -1.4791593440
3.9926723970 -1.7608897711
3.3502475268 -1.2854281516
1.6654111266 2.8266811212
2.7145268927 0.2465601445
3.1575764472 -1.7233324477
-2.0174718159 0.1368372164
-2.5460265701 -0.4427268498
-1.7874614338 0.2212866395
1.9845454147 2.7253288471
1.3515094626 0.4575782657
-1.8328976133 0.9401164092
1.4892367899 1.8147326349
1.5410122438 1.2540987831
1.8504300088 2.9849219347
2.8922565292 -0.8276545080
1.2774249756 2.6342772315
0.4791537191 2.7638561514
0.0720515069 1.8152845747
1.0777714887 3.0720512054
0.4956520951 1.9161859195
2.7959215801 -2.2753361172
-1.2597792579 1.3732330512
3.7496944184 -1.2774933687
2.1499791331 -2.7488333114
0.9493838158 3.5766429092
0.5589666528 3.2141784240
-2.6359029985 -0.4613405082
2.5402759390 -1.7435258569
0.9301047267 2.1556769227
-2.0405581130 0.1626000764
1.0399223903 2.3464370516
3.3510370363 1.0570972107
0.3779307464 3.5722670072
2.3559151502 -1.3045247040
-1.5013795746 0.4881936851
1.0376440712 2.0920334598
2.9634311709 -0.7079769165
0.3383414390 2.1880927051
1.8800353445 -1.0543143071
3.2957831619 1.8536068932
-1.6366264558 1.6044218201
3.2022406213 -1.3194170562
3.2251959356 -1.5969135698
1.8738855476 1.4807701105
3.3146377997 -1.5788071623
0.8420002059 2.0647913988
-1.7500228630 0.9182566526
2.7184662680 0.3907748269
2.3674765400 -0.8693672420
3.1598291605 -2.2906403958
2.2663535297 -2.5957231664
2.2480290833 -1.6716888699
2.6199387779 -2.1913928265
1.7843803816 3.1367003684
2.9055547163 -1.2049091264
3.1737391129 0.2885056863
0.2621097350 1.6565664080
-3.2143956593 0.4314529373
1.4541601488 1.6337926981
-0.0897913034 2.0396002623
2.6999078884 -1.8407294906
-3.0761207047 -1.9561196848
3.4629880420 -1.4414290329
0.4804138465 2.6627681368
3.4156389334 -2.0651817802
-0.1098619842 1.6239993042
-2.2756020954 -1.7679130659
4.0161395910 -1.9161619491
3.8616403129 -1.8727327568
3.1885362567 -0.8434507236
3.2797852810 -1.2953328842
0.3948129825 1.2872568261
-2.1429614204 -1.2548321264
-0.6746203137 1.5655980081
-1.9556591277 1.3615968490
3.6686043504 1.1182917592
1.5647412322 0.7340421389
-2.1829989254 -0.4619436818
-2.1935675175 0.5791028130
3.0960613665 -1.1941942310
2.3285593888 -0.7486557576
1.0287391314 2.6705736837
-2.6188674836 0.3221596083
3.4249851678 -1.1083337726
2.4348528475 2.4190577182
0.1650214152 2.1627149904
3.0667894452 0.2708118976
2.4298889198 -2.0357574795
1.9882656296 1.6833447205
-1.7087023512 -0.2326606991
0.6206297299 2.6524583487
3.0281569234 -1.6453419052
-1.7802967845 1.2359830837
1.6920517759 1.4613469867
3.3003039864 -1.6677498085
3.1027134369 -0.4488178484
1.0623983133 2.4101141823
3.4690068390 -1.8068679075
2.4104782566 -0.8646218822
1.6164037277 1.7779593714
2.5697340154 -0.9277067095
-0.3961908894 2.1006356045
1.3431283234 0.7474679766
-1.3525522978 0.2691026815
0.8784784731 2.8504122808
2.9029733620 -1.4194334365
-2.3512548161 -0.4710357026
3.1939575703 -1.4617083458
0.9720991633 3.2187758675
1.6836431635 1.6320597757
3.5814115704 -1.3695224123
2.0426432880 0.2791057700
3.6630763519 -1.4910328656
0.8256214785 1.3322160874
0.0682779691 1.8104141725
1.1738638681 2.6084646424
3.7971433671 -1.1245172054
1.6694697047 0.9558877302
2.7681655885 -1.1426506786
0.2809212327 3.6757414961
-1.9658062076 -1.1077490853
3.1507123142 -2.6759980557
0.4198492248 3.4494112532
2.7285829206 -0.9762221001
2.3726522836 -2.1156466251
0.9059906543 1.0358930389
1.8985006462 3.1498360181
-0.4190812563 2.9991080505
-2.2441302194 0.2348308817
-0.7505455307 0.2520773103
-0.2510774262 2.8631423389
1.2566848962 0.9567949118
-0.9197367667 1.6593482483
-1.3675783801 1.9448730467
0.5971347480 3.9751472779
0.4693596519 2.7370265615
3.8642584316 -2.6527604707
0.8204023492 1.4816593104
1.7879804166 2.9719485111
-0.0037515469 2.6456414578
0.7503880947 3.4323279112
3.5973974487 -0.9698355085
-0.6820526541 0.4827694530
-2.7469398845 0.9501209048
2.1061447304 1.3961380024
0.4201043195 2.0377095023
-2.1040250481 -0.1346647208
1.9174524224 0.7156627392
3.4951510632 -1.5323474872
-1.9396480100 0.3452624145
-2.4904713035 -0.5556795148
2.5654522699 -2.8465051600
2.4342181797 1.7011736566
-0.2070009700 0.7436899774
-1.4762568465 0.3223563464
-0.1565865389 2.6007176023
1.9761258331 2.8766815254
3.3622732367 -1.2967041809
-2.0366186530 -0.5723071022
-1.7813859192 -0.0347896831
0.6157933999 3.0434690266
2.8086148020 -2.2189061858
0.0648657063 2.0753583024
0.2306668343 1.5614513352
-2.7747198856 -0.8076131011
-0.3648437847 0.4458024914
1.9058889022 -2.1954984471
2.9129044486 -0.5816836836
3.2703241927 -1.4485756546
-1.7500750190 0.3065327888
1.1414800680 0.7643747765
2.6746301558 -2.1898377595
1.8445668412 0.0817491220
1.0030345198 2.9275668518
2.0241066198 2.5377201233
2.7174502621 -1.4852747782
-1.0998454406 0.4528699875
-2.9333480612 -0.8996783991
0.1215599135 1.9110569136
0.4981895364 1.3256650006
-2.0284948594 -0.2130297024
-0.5031714051 0.8799288833
2.3068840633 0.7720892805
-1.0730693461 0.7977192786
1.2207458113 1.1889724625
1.0695397000 2.1623331605
3.1322318050 -2.1886880007
0.6230120116 1.8823746096
-2.4647347142 1.2095350118
1.6485425806 1.0655279948
-0.5388457197 2.3254167226
-1.1571898062 2.9652927316
2.4735362752 1.5345944840
-1.4053871192 3.2615066555
2.7293972836 -2.0025692542
3.2196617237 -1.2314144741
0.8281355236 1.7455139656
-2.1738914017 -1.5593009399
0.6144588753 2.6620753703
3.0245330605 -0.3656153080
0.1944945329 1.5263905441
1.3552559728 3.5593270752
1.3604546392 2.0782834146
-0.0669138371 1.4399475996
1.6605854597 2.0191474590
-0.2928681287 3.8286397985
2.7077955997 -1.0698392754
-0.5814809130 3.0850524333
1.7224197191 -1.7816012349
0.7832837983 0.9786629134
1.1631122864 1.6514412044
-0.2857926369 2.1481352242
2.2098807961 1.0470830431
-3.2868748812 0.8982816506
3.2469933026 -1.4890665321
2.0820868242 1.4012817019
-2.2722529863 0.1877809858
-1.1770341973 -1.0520320608
0.9420772225 0.9963318707
-2.6253195682 -0.1053415663
3.5831436686 -1.6475905185
3.3658468162 -1.0870978755
2.5700357197 -1.4571310839
1.8538762334 1.0892494141
1.7332687290 2.3535142904
2.3875354666 1.9101696956
2.1118270256 0.6000378614
3.9724445990 -1.9842634483
-0.8045674026 0.1983103511
-0.9290586819 2.1638488069
0.5143543279 1.6874877551
3.2350702579 -1.1224395385
-0.1848381394 2.1327788112
0.9069495279 0.4054814324
2.7513047273 -1.5212286391
1.2649983701 1.8950538938
3.1209241382 -1.7626448943
-0.5332350579 2.8615411390
1.0808865832 0.5229658654
1.6059619143 1.7224715530
1.0070987765 1.1961809760
-1.7141197896 -0.6922637068
-2.1567687651 -0.8325636449
-0.0562315364 2.4067149560
-2.0813853415 0.1639128873
2.1846277689 0.7483539601
1.4751519410 2.6383952982
2.4759084329 -2.3261384657
-0.4937997051 0.8419260704
2.2117745142 2.1810176138
-1.4887804748 -0.0446482142
-1.3488008400 1.1854532982
1.6883162270 1.0301835621
1.9492502335 -1.2115159737
-0.0278811590 2.5686525830
2.9426668095 -1.2392857750
2.7064988228 -1.1889601941
-1.5187245093 0.9441265547
-2.7476732813 0.5273803316
3.7112265449 -1.0642534958
0.9246731707 2.0043437658
2.2688970643 1.9934139829
-3.3118038057 0.4498412845
1.3041992795 2.1165216525
2.7862797159 1.0168675269
0.0358778105 3.2915134738
3.1879154709 -1.1379543043
-1.6135952811 -0.4176278825
2.5538202713 1.1390273460
-1.8425904574 2.1218693656
0.9694370709 2.5210354984
3.2581507795 -1.6162784388
-1.0984785668 2.8759837492
1.3599473561 1.9719546051
3.5997508889 -2.0021440518
0.1957246941 2.6001886674
2.8326825030 -0.8617320148
3.9226813088 -1.3147120561
-0.0964406641 0.4305232992
1.6405496783 2.9612532251
2.5631930985 -1.6288788653
0.4769957458 2.1912100322
1.6784627094 0.8769141046
1.6129206272 -1.4402350023
1.0984183430 2.7887619535
2.4294471003 -2.1859765347
2.9062381042 -2.1915380048
3.2787428477 -2.4507427083
1.6392175363 1.6642562156
1.6647589004 2.1900107731
-0.8174678994 2.9354913591
-0.3356061476 0.0587567496
3.5952392387 -1.1187005643
2.9299538036 -1.5166529972
1.2037312389 1.8959174424
1.2586470553 2.4291007869
3.0051298966 1.4613580118
-1.4435107894 0.6311342123
3.4932039319 -1.2830603696
2.4923101076 0.8003133096
-2.8851180337 -1.4605706844
1.7678923862 -2.1081036005
-2.1161746679 -0.2378083434
1.1120516305 0.7882956177
1.2628250320 2.2551656592
1.9682542688 2.0901832508
-1.0454723958 1.1593615127
0.0644669532 1.9485311132
2.5549748557 -1.4044796275
1.8499096967 0.7269017989
2.5179906430 -1.6261322959
-1.3610899503 -0.0882758823
0.4265470089 1.9607760776
0.6853665048 2.4570035457
-1.8974076420 1.3763281056
1.9611692391 1.0765865913
2.3482714566 1.9684943396
-2.0888472194 0.1074166268
2.9296029731 -1.8792482583
3.6350902624 -1.4048311970
-0.0705801773 2.8368305849
1.0668027103 1.9164749543
-0.1049194861 4.7518789965
1.6113989257 0.8169194881
0.9661409340 0.9454270823
-0.4453687784 1.6511263490
1.2968472734 1.7485415046
-2.0316211933 -1.4315589094
3.0636615292 -1.6730021684
2.3433526917 -1.4233303880
3.0531266181 -1.1003702112
-0.8199393473 -0.0653021659
2.6867926433 2.5306841647
1.1310310353 2.2010691047
1.6010762717 3.1783846900
1.4649940769 0.8034272583
2.4546799745 0.3945912433
0.6943524581 3.1116964355
2.4393192034 1.7320739299
3.9411919863 -0.9814059478
0.3641825293 1.7155943130
3.1012959862 -2.6899402175
0.4306618993 1.4745299276
3.9590907554 -1.0826830937
0.5403739259 2.8436240889
-2.3023261186 1.9567931612
1.1275398241 0.6694205111
4.1775887530 -0.5134429609
-2.7923591889 -0.6523201517
-2.6250484046 0.2477696555
0.9634444883 1.8770790942
1.4981007674 4.0049825282
1.1430761139 1.8988718780
-1.4123518791 -0.0478408134
3.4254108934 -1.6576219578
2.5951928445 -1.6640888511
1.4164847408 3.3772171654
-2.5783235513 0.2782882054
2.6851753593 -2.4464325041
-2.6576135431 0.0726318469
0.8757393387 1.3706184607
-0.1489399681 3.2326396801
3.3174623534 1.4206607649
-1.1456134771 0.8207700373
1.2380712719 0.8889252101
-3.2583578239 0.3034403710
-1.1128291009 1.6858698956
-2.3410733652 0.3256116521
1.9099727056 0.9780198332
-0.5911917960 3.3925419365
2.8047714881 1.8921292347
1.0771711270 2.2620167747
-0.6589755719 2.0874907476
1.7981324323 0.3165147152
0.5077075019 1.4597534965
0.1229073830 0.8747412283
0.3131749849 2.0054215325
-0.9111075434 2.1207520064
0.4853428761 2.1613263728
2.4579562671 1.5009848332
1.5903982925 1.6382283004
1.9783622404 2.1679850146
1.9811810396 3.4846505944
-2.8584515951 -0.3864188159
3.1402072853 -0.8308301765
-1.3632974492 -1.2547819148
2.4780831051 -1.8958436501
0.8783588711 1.1958659692
0.9738235555 0.9781629713
2.5789171697 -1.2742760070
1.4638552425 2.5887114716
-0.4281448143 4.3597400094
3.0244463301 -1.0550530990
2.1506845055 2.4971106221
-1.6485353395 0.3474425367
0.5768217856 2.1670232500
4.0192064832 -1.2236475594
2.9439057242 -1.1522044103
2.0046394466 2.3492462745
0.6436304459 2.4329207480
0.4029004079 1.9115936559
0.2869207094 2.2699730919
3.4918235053 -0.9648204544
-2.7112216115 0.5623018168
1.2803288861 0.8072088709
2.9548324350 -1.3345182494
-3.2867772069 1.2796403745
2.3831423270 2.4205550514
-3.3734124932 -0.2825476204
0.2322782988 2.3964615559
3.4985319148 -1.5908633110
1.3092666283 1.4971822311
3.0905109073 -1.6553071035
-0.8511609015 -0.2517876273
-1.4520699664 0.9509960028
0.3393473013 2.6503776645
1.5477883589 3.4685411776
0.3576021667 2.1888431788
-0.7111503998 3.5883263605
-2.8201891021 -0.5607394286
-1.0338026630 -1.6052089023
1.3611437342 1.2956838677
0.6715519740 1.5543785522
0.6764877991 2.2280487736
1.4822497701 1.2895240988
-0.3095618447 1.8042768551
-0.6112158993 2.0734424198
0.4092776338 3.5699446483
3.0306211592 -1.5682238592
2.6430784513 1.7574179742
1.6858942452 0.2194145597
0.1941134059 1.7479420930
3.4086079590 -1.4845572848
2.4072801887 -2.7560534402
-0.1205930155 2.8584191809
2.1384705968 1.0062683526
3.1655586220 -1.2361463431
1.1176262194 1.1051853046
2.9789495439 1.9173524201
0.6257917210 1.9701743496
-0.4319998302 2.1747794428
3.1141333178 -1.9949828740
-1.6564734693 1.1230372706
0.2238230266 1.6458292812
0.0811306353 2.3342585346
0.7870693752 2.1515893704
2.4898190407 -1.2536514595
2.8268365216 -1.6972863914
-2.9303454150 0.1083385549
-0.0391795061 2.9698937155
3.1865395669 -0.9509829253
3.3612070551 -2.0414125927
0.9371778510 2.1530208143
3.0171976106 -1.9805792595
-4.0678019239 0.6012113860
1.4535583784 2.8102894629
-2.2348087674 0.5447829375
2.5312542203 -2.3902078725
0.5738840635 1.7548154783
2.4777669376 3.7105557401
0.9294885380 0.1586027498
-1.3491450496 -1.5844431068
-2.2746409726 -0.6211780257
-1.4386123166 1.1311990010
2.6649927543 -1.9572765583
3.1704616300 -2.5982753020
1.4444797373 -0.4002272252
2.3681929299 3.4478085986
-2.6559314842 -0.0370055012
-1.7482711599 0.0762166511
4.8120487186 -1.3706717101
3.2040561275 -2.0283818257
2.2673429029 2.1348206415
0.9624321992 3.0541616609
-1.3952999284 2.0913150882
-2.5075536764 -1.4811422173
-0.1077777236 2.8389268415
-1.6824870390 0.2455207381
-1.1016283310 0.8795317859
0.9948716940 2.9940145898
3.5397787139 -1.4325234119
-0.1584616643 2.2215928764
0.5023774545 4.3881951829
4.0212485951 -1.1008899957
0.3048797763 1.1713862251
1.0637598089 1.3571592753
-1.6839370842 -0.7698823283
1.7333293796 1.2090861796
2.7226391401 -1.7978805642
1.6755212085 2.4878125674
2.6575760741 -1.2787597372
3.1506493470 -1.3776372748
-2.0915604170 1.5067529766
1.3125629967 0.7849525425
-2.5385118184 0.1158396394
1.3244551418 2.3337146348
3.9545155849 -0.7526447257
-2.1534565348 -1.1751807394
2.6564360218 -1.0668094395
-0.4473208616 1.7852921905
0.0175406016 2.1738758999
1.7801630372 1.7364911978
-1.1779385662 0.6318275381
3.1759598693 -2.2096490690
2.1820493946 2.6528866361
1.6549152701 0.1906685676
1.1406257954 1.9551248111
0.9797931053 2.1518893389
0.0937083696 1.0663310170
-0.2637048642 2.3255613953
3.0262420009 -1.2054631033
3.7710194308 -2.0420080961
1.5388211070 3.6901118681
1.8552454429 1.7609786701
-2.1026492833 -0.1129584552
0.1176054807 2.2206057103
-1.9813213784 -0.2760189756
2.6650368647 -2.3597846104
1.3782370394 2.1423574151
0.3792290168 2.5764014410
-1.1733872629 3.2524310607
0.2196669930 0.1562111783
0.8563214109 2.8662946949
-0.0056309327 3.4206848982
3.5750473072 -1.7495179118
1.8314916977 1.6219164670
-1.6837354112 0.3007733831
-2.0329158611 -0.0392796540
3.2862172658 -1.9643122523
2.8331271279 -0.8865281844
1.4426701329 0.0694573448
0.8081012285 1.6917645911
3.2127753612 -1.7202819032
0.5003957600 3.4693826098
1.7892463202 2.3137474668
0.7091223256 2.5748769937
-0.1405636877 2.1797533516
0.9644803531 2.4244341923
-3.1409723713 0.8381751372
0.2497101106 3.4503094902
4.1992730842 -0.1855592398
3.0274761916 -2.6072085385
-0.5487846206 2.0495509773
0.9747152155 2.5901406708
0.6336090713 2.3851362674
0.0044477506 2.3028251529
2.5947039645 0.2331473076
0.6471597721 3.1080528400
2.7692110233 -1.3683368511
2.6446914464 -0.9975675246
3.6662010337 1.5909670251
-2.0903052743 -0.1315015755
2.0856553649 -1.2710872228
-2.2538223275 0.6079231095
0.1320568964 2.8115942494
3.3151778448 -1.0454661444
2.6534316176 -1.8697030982
3.0050280376 -1.0941791671
-2.6491408155 0.3882592977
-1.9120750953 2.3525407866
-0.6808129412 1.9991454456
-0.5155236211 2.1183769736
2.1528870007 -0.4754262980
-2.1543427430 -0.1185062562
4.0625026751 -2.0057390615
0.0731732486 2.3101712943
0.6981415346 4.3794842694
1.7347594822 1.4490005196
-0.4089388870 2.5821978798
-1.3168868497 2.6818438535
-2.0186273873 1.4706833788
2.7817923107 -1.6590726086
2.5650563516 2.8944969567
2.9839040460 -1.0169318286
2.5898232182 1.2026848860
-2.7409997644 -0.1352224732
2.7199278852 1.1701387706
1.3899230453 2.4383571379
-0.1114614959 2.3543189707
2.3655986227 -0.7477607621
2.3459339261 -1.1679706498
-0.4799581018 2.7577141214
2.2312820792 -1.9557855230
0.9302082599 2.4997964065
3.4200402622 -2.6035583667
0.4815002176 2.3308228334
3.3378419370 -1.0134091677
-2.5531458684 0.7399431344
-2.2555726115 0.0123272987
3.1265693254 -1.1897056572
1.7926849895 0.9335738363
1.2288986195 2.5710247057
3.3417875208 -0.3895922123
1.3942886239 1.3467807275
0.5404256802 2.0689331361
-2.0040568931 -0.1918643646
-1.3336214606 0.9215971966
3.5133130295 -2.2212753971
1.4049581529 1.1321047849
2.7478600820 -1.5520975751
0.5664290107 1.3470373760
0.2898050852 1.3740164151
0.4897697840 2.5181999912
3.0414707708 -1.7041969911
1.9432176674 -1.6735419061
0.9787880963 3.3432309364
-1.9438427154 0.9462011356
1.3485365921 0.7949686550
-0.0061521923 2.5302346735
1.0212138495 3.1467469944
3.8021131352 -1.0504664542
0.3001580685 2.7928390917
0.9379138909 2.6171439307
-0.8164116203 2.4594444212
-1.9258583614 0.5662386810
1.4723382469 2.1062529739
1.5689181680 1.9486172073
2.9165346070 0.0387528018
1.3326278892 1.4281656112
0.4629570728 2.8143438619
-1.9784595179 0.2185012833
0.6902374665 0.7513879094
-1.6954842240 -0.2127504948
3.4134446632 -1.6658518738
1.0981927654 2.0090115055
0.7624812805 2.3294372290
0.8424728021 0.6406295319
3.7135566649 -0.6065854720
-0.0521940733 0.8094721937
3.3380805006 -1.5653424531
2.7990190169 -0.5433388467
0.0984853968 1.7811487449
2.6404722468 2.3000210088
2.3125321087 0.9172250338
2.1859942148 2.2425598041
0.6344339245 3.7626773822
1.7759743593 2.3148775069
0.3432784399 3.1146606930
2.5184638556 1.5930853793
0.9218064520 0.6644658642
2.9397249336 -2.0000615896
-0.0491943020 4.0864065467
0.9355096092 2.2726394320
0.3043611458 2.6663285884
1.2341017693 1.8434988894
2.9364108292 -1.3989154957
-1.9143307642 -0.8990820753
2.6497326281 -1.8920588948
-0.4780292656 1.0762419167
-2.8952103539 -0.2065688185
3.3203644247 -1.4515704635
2.9882021383 -1.8556656183
2.6343092683 -1.4204263560
2.4192806212 -1.4673503751
-0.0224658292 2.1260209289
2.9019889406 1.5457724622
-2.0362892930 -0.0402160282
1.7960551382 1.1727856846
2.8592958242 -1.9787245441
-1.6073979231 0.6295869540
0.8974478201 3.3612942340
-0.6549259532 -0.4506830305
1.1074507923 1.2447359285
-0.5029402877 -0.0369993810
0.9898770313 -0.2222676184
0.5084299699 2.3621639817
2.4738937079 -2.5785816813
2.3297094516 1.0261635953
-3.5258669554 -0.6167387017
3.1767848913 -0.6631987302
2.9346998115 -2.1699425999
-1.4324961166 3.3324813240
3.4079151979 -1.2285449001
-1.9068879245 0.8611551336
0.4774529387 1.9936309045
2.2865260160 -1.5243266245
-2.2966302490 0.3214050988
3.5397537826 -1.9101038975
0.3282611106 2.9865490211
1.0230969275 0.9263816009
2.2216771343 1.9288909570
-1.8217511003 -0.8366546744
2.6373179812 -1.4442879234
1.9408832645 -1.5147079201
-0.0296148506 2.7578226158
1.5875987039 1.1008820378
2.9027750998 -1.5295052952
2.3724459483 1.9703159966
2.9004730263 -0.8615097934
3.4152115209 -0.2183825733
-0.4658715867 0.8659696763
2.9622364741 -0.5351452904
0.3243818241 3.4547668665
1.7654796713 -2.0665066842
3.2391643610 -0.5426344510
2.0245962215 1.8931308277
3.2596911504 -2.0214606385
1.3623149054 1.9908619513
-1.5310165002 1.1217750230
1.2263764113 2.5997615845
2.5260358299 -1.9121535031
3.5426626447 -2.5636913408
1.8492539859 3.1381963580
3.1249196586 -2.3038446433
1.0345383933 0.9747152743
3.6677867216 -1.1549911767
-1.1218113674 3.0298135905
1.6394309647 0.9285225808
1.3429865302 2.2104942968
3.9105651824 -1.6489209026
0.2763257109 1.6110520272
2.2722538654 0.0896377523
1.0640284531 2.1397502621
1.0740508952 2.8028875599
-0.9673025156 3.5200358970
0.6798222045 2.4929698179
2.8985419768 -1.9260239893
3.2777678937 -1.6894359842
-0.3575752017 3.8166714525
-1.2118967515 -0.4694523715
3.5688974175 -1.5836227722
-1.9937536788 0.2007273779
2.1760249894 -2.1599691728
-1.1556215121 2.9788267244
2.4023456063 -1.5138523485
1.3734964949 1.8598923408
-1.4716668839 -0.5010806874
3.0225230789 -0.9352607563
2.2788223772 -1.0797175035
1.5474384505 3.5547527721
3.0134175722 -1.4853572557
2.5576732577 -1.5004423614
-2.4234849003 0.5543019911
0.4314095266 1.1920387165
2.8909601675 -0.7846534631
1.4699701194 0.3342506649
-1.7548369462 -0.3125810760
0.9539324531 1.0915200287
0.9342301208 2.0734592827
-2.1505163582 -0.1543294514
3.6228613696 -1.5858422069
1.2939799858 1.6531811960
2.9252234488 -1.7356003835
-2.0472565403 -0.5509156808
-1.1846644033 0.1359452603
1.0687651573 3.0120243802
3.1929925333 -1.2786277259
-2.5771480899 0.3948822170
3.6265813680 -1.1365484165
2.4079934217 -2.1127496019
0.6952460363 0.1622357419
3.0695907624 -0.7641059708
2.3796943274 2.0707496869
2.1832103057 -1.5022072375
2.0650826499 -0.6285508582
3.5827819356 -1.0427406058
2.6573023953 -1.2018093870
-1.8764597381 0.8294390591
0.9734698429 0.1661000410
1.5905378596 1.9892271384
1.1590692076 2.7864643983
2.3095827404 1.3303845988
-2.4594107734 -0.9854517220
1.7700242178 0.9509937815
-0.3272990866 1.0452068125
0.4553199282 2.2206238974
-1.5220830979 -0.0914684461
0.9521683468 1.9113965076
-1.6414947514 -0.6878249571
2.8189739280 -1.9591297712
-1.4733140290 3.2143589901
1.7232609850 2.5110010925
-2.1814356100 -0.5435144158
3.2685559553 -2.0247008274
0.8303833494 2.1239586554
2.8186197289 -2.5806196569
2.6571000546 0.9686048264
1.5300997340 1.9725875950
1.2398880013 1.1281531235
0.9885632411 1.6755641485
2.7878261012 -1.9750454593
0.0907222522 1.8668667370
-1.7782077444 -0.1140756150
2.4093690295 -1.0728559705
0.7332478823 1.2013572361
0.6420132213 1.6316687334
2.6229219096 -1.2106722799
0.1901090574 1.5438595381
2.0979465001 1.8611215371
2.8811620925 -1.5192703366
1.3937866301 2.1845767227
-0.0879510419 1.4700113932
1.2500356943 2.0096994788
2.1493079777 2.3217206764
0.9169119867 1.0104783965
-1.3563515328 -0.2052250212
1.3121711336 3.2385539880
3.1199094271 -2.1490058309
1.9010404878 -1.7124810941
-0.1396879540 3.0765686061
2.0271026204 2.2237855698
1.6860578889 0.6906929555
-1.4545228267 0.0261904046
0.1860070317 2.2252391705
-0.0291904524 1.3482280838
-1.6085355235 -0.2319167783
-0.0854054056 2.0361767753
1.0844706602 3.1154093259
1.3630252093 1.1088388631
0.9029566965 2.5218721210
2.0933465016 -0.5621581449
2.8384071717 1.2235907434
3.3464768578 -1.1288239606
0.3840952943 1.4373783192
3.1764414061 -0.7678337206
1.2703069219 0.9794621715
2.8412796948 -0.9561378726
0.8585732089 2.8668331952
-0.1064849617 0.2044212629
0.7602911177 2.6423468909
1.3780240514 2.4522946436
3.3801792184 -1.7355476061
1.6243990940 1.5594660258
0.7939251692 1.6483082680
-0.8302922986 2.9342666081
1.7343096960 0.6987383760
3.2718890899 -1.3772050999
2.9415430562 -1.6717052027
3.1016167566 -1.2765431832
2.5847134649 1.7405878911
2.4963577502 2.8257355967
0.0480283077 2.8304401637
1.1150792555 2.7779471156
1.2729204403 1.3219649351
1.9908414085 1.9111223529
2.4466697478 -0.4517478875
-2.1599493227 0.4488412182
-0.0719373729 3.4612040820
2.2550499253 -1.5844010010
2.2835773330 1.3706932732
2.0896402824 1.9339799783
2.6014487927 -2.4643264088
4.5022754149 -1.9204198751
0.8889529968 1.9368686333
2.8738615789 -1.7135435870
-2.1441889962 -0.4717728495
1.1020062352 2.8471585479
0.5508642997 1.7437869581
2.3015289743 -1.3182544649
-2.0371369779 -0.2027250417
1.9461452172 -2.0344733520
2.9673365652 0.8788921761
0.6567789852 1.3812482274
2.5022302571 2.1260399775
-1.1425676198 0.3437935733
-1.9843443926 -0.0701075168
3.2749435294 -1.4653942929
2.5130575436 -1.8813876935
0.5671345790 2.1191930844
0.5001244594 0.9497111179
0.8831029794 1.7884912868
0.9199233498 2.2691769744
-1.8642907278 -0.3549038956
0.2651784679 2.6638025822
2.6559312367 -1.7755515537
-1.0882327372 0.3802357721
1.9649459385 -0.7922473284
0.7863404071 1.7838860331
-0.0593707179 1.9288484489
-3.1464885424 -0.5867066504
-2.0638391120 -0.3445569611
1.4593656763 2.0483230464
2.6462549950 -1.4685247316
2.9392987223 -0.8679806863
1.6906370337 1.0235950066
0.2952642232 1.1668180638
2.3583235678 -0.8660479749
2.4653484270 1.9403954046
4.3236479427 1.1334889888
2.0132437349 0.2966036370
3.2784562026 -1.5668966458
3.7557750200 -1.6404775869
1.2062550007 2.6596851194
1.9767457216 2.7420800213
-1.1460315178 2.6017170448
0.3376744442 1.3217504069
0.3155568201 2.4977013198
1.2837612564 0.6586743426
2.6681090676 -1.8137605612
-0.6737318164 -0.2085538999
0.3002965908 1.7640320876
2.9179543138 -1.3276222080
-2.7850959131 -1.4287272090
-2.0692295397 0.6069973145
-0.8466299829 2.2009367242
1.4831695309 1.0952260115
-0.9942903680 1.1591077702
1.8998715635 1.5527349909
-0.6947690846 2.5679773875
-0.8956808173 2.0908397206
1.5606276284 1.2598245785
2.7202485104 -2.7964735458
2.7380906239 -1.9140846125
0.6372867031 2.5991861215
2.5025027685 -1.3566552241
2.9390652925 -2.5472422840
2.7154833645 -1.0010500528
2.6253478767 -0.7712272081
2.3850074808 2.5802762660
2.4824132419 -1.4952253298
-2.6172906659 -1.0760441123
1.4745815219 1.7370497006
-1.0962376583 -0.2972991064
2.4689154692 -1.9378583792
2.1210102719 -1.4329544288
1.5606054244 2.1377245070
3.0327620226 -0.7344169976
-0.8780594227 2.5740565446
1.6434033676 0.3714636074
-0.3506771843 1.3297356056
1.5085350324 2.2472071702
2.7202384995 -0.9115090371
-2.7279095723 -0.5240309179
1.8347165846 1.6738612465
2.1788133664 2.0319820854
0.3025469889 1.4728667625
-1.0314270389 -0.8272891520
-0.6151283537 0.4439944620
3.2763119132 -2.0871529843
-1.7041672443 -1.6334995312
3.4753212664 -1.8063543008
-2.7216358041 -0.5425260575
1.7826444495 2.6513396344
3.7073559611 -0.8352342740
0.8523911186 2.7664367579
1.4742837451 2.0449686411
3.5161410663 -1.3969903110
2.1859460435 -1.3219940391
2.2330446631 -1.8236093848
0.3420173222 1.9121275410
3.6699106534 -2.0316221712
0.7495211230 1.1606345253
-2.5323713790 -1.5800539761
-0.5786294324 3.2224494050
2.4757851875 -2.5024073247
0.9257492149 1.9202891630
-2.5416317885 -0.7774511916
0.1039800498 2.9129270955
-2.7458116031 -0.4611078436
0.1820086568 2.9608950849
1.2385012757 2.5898720685
0.9324417626 2.2385607993
-0.5146093180 1.7200883977
-2.2276668862 1.0283796292
4.0729812802 -1.3795498026
1.2329876018 1.0765907759
1.6464130147 2.4551164388
1.7192015077 2.4575683526
-0.0260649692 3.0678577986
2.5545344615 -0.9897670033
0.8323919259 2.7561746948
1.8193662287 -0.1882058710
0.8392874819 2.9539569802
1.6539395330 3.0436708201
3.1451805097 -1.7897305351
4.1380365927 -0.5180058614
1.8307975362 3.5298610862
2.2705373605 -0.4132771545
1.0961755120 1.0608141312
2.6879838251 -1.0496542478
-2.4019926237 -0.3040737537
-0.6537333308 2.2303672705
4.4091180031 0.9266302524
0.7797691451 1.8862670730
2.8313218579 -1.7883496299
1.8795875635 1.0984796440
2.9532517480 -1.7951562015
1.2529412818 2.9909375206
0.3902669019 1.8715858096
2.9535257619 -1.8446458821
1.8967849369 2.6404464973
0.8237936421 3.7063717686
-2.2429729766 0.2217489752
1.1223133716 2.3675381972
1.3311817547 2.1181787854
-2.2037524252 0.4546018514
-0.2419399923 1.1936943735
0.6402850165 2.1827622492
-1.8998260670 -0.8436449736
-1.7425301612 0.3180371832
3.3777900400 1.0841166684
2.1603620690 1.3391451173
1.6956586509 1.9627834402
1.2051163231 2.4156948971
-1.0716673251 2.0562972236
1.6754280455 2.6865022476
0.6204217291 3.0831843128
0.2649060194 3.7033769677
2.4714682191 -2.4211261659
1.2699460278 2.5745235196
1.0154533856 3.7437958669
-1.7954552915 -0.6258645005
1.4809763414 3.6132926992
2.7987129743 -1.4164194937
0.3842765202 0.9846545530
2.6756453406 1.0862253898
1.2432756963 0.9863155966
1.2898337539 0.8173793075
2.6303479836 -2.8221111192
1.6814759533 0.6659167867
2.2844585765 -2.6747407607
-0.0695198256 2.1986279756
1.8161714365 1.7100141712
2.9763065361 -1.2793815068
3.1251181111 -1.7440454011
-0.3538330115 2.9476524904
0.9890567991 2.5260223583
3.1831371906 -2.4030958207
3.4823066471 -1.5891145163
3.1633905948 -2.3353150986
3.6030870672 -2.0335682307
3.2276097059 1.9673259970
2.5386634463 -1.4863560939
1.2014663729 0.4952078934
-1.4998208950 0.1296393074
3.4948217487 -2.2634255051
-1.3024808323 1.1916403706
-1.2837814837 -0.4774455488
-0.2595093910 2.1168135960
3.3649287514 -1.1722716675
-0.1240388193 1.9870924182
1.2654925514 -0.1458770702
1.9840608312 1.5349783569
1.6534041226 2.6906357001
1.3849914003 0.9800943735
1.6412679792 2.2161774826
0.5647780449 2.1032624568
0.8124556759 0.0122193478
0.8972399733 2.5436796596
2.6664507563 -2.0555641173
1.5279415064 0.4755416278
-1.9653524199 0.0357255843
0.6331079690 2.7557505179
2.9629599882 -2.3532946189
0.8464803933 1.7557476829
-1.8170292072 0.0963239301
-0.4954671614 3.2515046367
0.9099129271 2.3756796668
2.6630210671 -2.4960425063
2.7602504903 -1.5189977798
-1.6072132169 0.6576619181
-2.3091194819 0.8506256874
0.6025087357 1.4502116714
-2.6456606422 -0.4246740520
1.1617239428 2.9984365724
0.8463839478 1.3442586467
3.5565077439 -1.1407519736
-1.0649323801 0.2052600412
-2.1092806974 -1.7552654836
3.0876817342 -2.0154327851
-1.2924777095 0.3753072772
1.3850848142 1.2908313638
-3.1532389422 -0.9688169770
1.7076608405 -1.1717732552
1.6989691753 1.1275994331
2.6249194617 0.0843145757
3.2446762780 1.7381763383
1.7605855999 3.1513373561
1.4862110620 1.4913646105
3.0725041477 1.0844822721
3.5704497927 -0.6788254676
3.0876987436 -2.1101283238
-1.7649248265 1.9347429517
0.3988737584 0.5173571402
0.7665788221 2.5145549968
1.3123199686 1.9994296302
-2.9282027031 -0.9560186013
3.0044683432 -1.5561700853
3.6727697755 -2.8877935443
-2.4122065148 -0.1506084710
-2.0773142947 1.2312781776
2.0367927443 -1.6106415321
0.0162990137 1.3665122539
-2.1787777076 -0.0296206535
2.7124366641 -1.4948401649
-0.2458141901 1.2964236165
-3.5564598354 0.5866775966
0.8607226420 2.2101741670
-1.9461226729 -0.6908707545
2.2631389539 1.2204965371
-0.0052032877 2.4034173858
2.9600353296 0.1936769199
2.4293055194 1.4186136384
0.0441171028 1.8867007286
3.0856795338 -1.3340924279
-1.7223710092 -0.3992653186
-0.3824097819 2.4679203838
3.4812804408 -1.5297990867
-0.1031349126 1.4503660396
0.0997188573 4.1724392918
2.6122078417 -1.8446166629
2.3387240792 0.6718182675
2.5369369819 -1.3178887865
3.5669808045 -1.2033295047
-2.2052918387 1.0933308048
-2.3612477733 0.7072885726
-3.5098515721 -2.1405232678
0.0904572211 3.3167702513
0.9018132086 2.8446939785
1.6351438123 2.7083956023
1.1373589378 2.6101548457
0.1004483050 2.2087229352
-2.4127831553 0.4189982358
-0.6038217140 2.1770384184
1.6732222553 1.9991906490
2.5175869831 1.0416265238
-0.6946154639 -0.1744587316
0.8271727279 0.8846960925
-0.9952947654 2.6625950324
3.6322992843 -0.7064190451
1.3193933979 1.7129242968
-0.7611185712 2.8772953702
0.3636324348 2.3476842928
0.3762460427 1.8615690013
1.0363158695 1.0551544235
-0.5035628053 1.4578610268
2.1387097271 -2.3271711468
0.9464685628 2.7470548378
2.2281901666 1.0133274373
2.2188949659 -1.4119055914
2.8496686971 -1.4759706792
0.8205414403 2.0163688590
-2.2298629113 0.8782946754
2.3131788917 -0.6518968593
1.7063517868 2.3011805414
3.6628365163 -1.1533212429
0.4038491217 3.4968542245
3.8746715256 -0.9253115390
1.6398219776 0.7441115639
0.9206837582 0.9524074900
0.0334803219 2.4315664251
-1.6720415756 0.6454061036
-1.9716409662 0.6041001784
1.4395664916 1.5968953355
1.0137730355 1.4619376619
-0.1260923973 3.0228821767
1.2235014810 1.7925604645
-0.1054082133 2.2232624387
3.4199233534 -1.2662404063
3.8470382291 -0.0609870081
3.2945335448 -0.9125253190
2.8734359458 -2.4952265816
2.1137398329 -1.4481542445
0.7248812294 2.0514357125
-2.4980276297 -0.2168924631
1.4195631935 1.4618924712
2.6159403836 -2.6680266439
1.3857723527 2.7626506766
-0.2175634223 2.8321469618
-2.6984816639 -0.8965734234
2.3106722512 1.7696243198
1.7410197401 1.8986401076
3.3657286519 -0.6506090718
1.9439899425 -2.0291888019
1.5148582965 -0.0154852477
2.6869585305 -0.9561494648
1.3060131580 1.1332982444
-1.5524221816 -0.2302108069
-2.8651935688 -1.1708962759
1.8981471104 2.0017890966
-1.5541453403 -0.2750397742
2.8902947913 -1.2215274563
2.3455674271 1.3339949675
3.1926337962 -0.6271992621
0.5965225842 2.0055513180
0.5985373102 2.1238398042
3.6604615547 -1.3233032118
3.1233170508 -1.6527427474
-0.4712008563 3.0710283449
-1.5970611898 -0.2618674230
3.1703685121 -1.5313241504
0.1317324720 2.1062297132
2.9728947975 -1.3651773415
3.0852055777 -1.5666773011
-2.5265905379 -0.0656489174
1.7136590455 1.8733145916
3.2778792609 -1.6165835687
0.5135155238 0.4056067919
3.3156234351 -1.4845165893
1.9601399729 2.3621031688
3.0439041762 -1.5972004220
1.9057598725 1.2031155043
-2.0716543676 0.5855206426
3.5989909046 -1.9810400222
-3.2009124719 0.6396551027
-0.3411367630 3.7143442268
-0.1160085349 1.0455837185
-1.7017567607 -1.1281299348
1.2940432828 2.0449268428
-1.5555176249 -0.3031528214
1.3953912813 2.0550584087
2.6022468804 -2.1850076562
-1.5237126934 -1.1074803683
1.4755200585 1.6153946589
2.7221062791 -1.0773021387
-3.3270987971 -0.2580996908
2.4331892129 -1.3705336275
1.7133171884 2.4294360559
3.0845818858 1.3734242013
3.4935377065 -1.6523457194
3.6143447874 -0.7167104033
-0.1397722625 1.5584992088
0.8700870847 1.3751944223
3.1793452816 -2.1214701767
-0.1745785223 1.3223294174
-3.0836087245 -0.4630366458
2.5818338007 -0.7558655555
-1.1317671816 -1.0391336198
3.2209760893 -0.9805874448
3.1353021103 -1.1433448879
1.5301931372 2.7305778076
3.5069853928 -2.1989833508
2.5352416900 -1.2254679192
0.6327398983 1.8179289750
2.1529219998 1.2776621502
-0.1578952676 2.6581351508
-2.2932518409 1.5329992937
-0.9447548816 0.0210599448
0.7661801586 3.6700019474
-2.9597722025 -0.1353045985
2.6855596224 -2.4694382499
0.9776299594 2.8487103846
3.3146823289 -0.8205477868
1.8675359066 1.7357397478
-0.4235584979 -0.0199175039
1.9319020336 2.2285365828
3.0052385419 -1.9205532080
2.0153684092 2.0558205211
0.0188990451 1.0715335111
1.5737249059 1.2826386048
0.7255554898 1.6193715201
3.3121588944 -1.0268640670
-1.1952410078 1.6834859059
2.2258967149 -1.2002583585
2.4552606731 -1.6384309484
2.6657664794 -0.5555454742
2.5669339224 -2.4305221143
2.1588128422 1.6311062673
1.8481455446 2.6218114400
1.8940764002 -1.8839004340
-0.9999362038 1.4159971203
1.0121988440 2.6298605830
-0.7144445621 3.4763444647
1.5494199425 2.4668694113
2.5313750361 -1.6881299364
1.6845670588 1.4978696883
0.3337330091 3.5245939209
2.3895425058 0.9106126550
0.3053890327 0.9571268389
-1.3027927602 1.2534257490
3.1020705452 -2.5837045539
0.3671399749 2.8667434308
0.2513890472 0.2630636096
2.6063739872 1.0994845236
0.8925311339 2.7254465521
1.5698861019 1.8506503504
0.0306071646 2.5837563482
-1.7255527646 0.8462361705
-1.1044435838 0.2703635651
-1.4777274952 -0.6900982744
0.8949111061 0.4160465246
4.0468790387 -1.9851175119
-0.4115735134 0.2967918017
0.9472440124 2.3684314299
-3.2380819063 -0.7310707029
2.4655075492 -2.2073818137
2.4362856002 -1.7875516771
0.7209227498 2.3862926683
-1.6735659379 0.5227176117
3.7292991224 -1.5632832014
-1.0954073478 4.5071052667
1.0894662887 1.8374931392
-2.4099468165 -0.0838510249
-0.1372861486 2.6347742230
1.3462230042 2.5420287070
2.1956956379 -1.5842902757
-2.8919454753 -0.5459910773
1.4037958882 4.0796281152
2.5686140245 -0.9993977942
-0.0364080092 1.0065922068
3.3844778576 -1.3633161652
3.1655968651 -0.7371695305
0.1640063812 0.9781036555
2.9295335415 -0.5461919336
0.7472768370 1.1972656152
1.5213297810 1.9804174507
-2.2083443231 1.3341741471
-2.9496426297 0.9683168567
1.7884182683 1.9958650119
1.7916742999 3.2689157980
1.5653509616 2.2116165532
4.2823983550 -1.6675610324
4.1369006265 0.9701637499
2.3806466861 -0.7922755415
-2.9122032099 1.1470540056
1.4604458555 0.1869542958
2.6504635683 1.3410338229
3.0046615864 -1.4815490460
2.5891138541 -0.8658318615
1.5622097277 1.1978031775
2.7411683271 -1.5344965189
1.2887114384 1.3614992730
1.5078009995 2.6265978109
3.2827993230 -0.8615956643
2.6491362098 -1.3598626355
0.9223116099 0.7002494919
-2.8201087936 -0.3921099112
0.4443954392 2.5824357000
2.1440038982 2.0317251917
1.8961665370 2.6006344743
0.4021275308 1.8288002319
0.8745451736 3.6954979761
3.5865288133 -1.0707361641
2.8374831568 -1.8277385298
-2.0050565999 -0.5635498919
-0.1938527175 2.6899560917
-0.0949387826 2.4928035613
-2.1532071819 0.6743732077
-3.1930083229 -0.3880921433
-2.2583468378 0.2211433904
2.8585190933 -0.5715184087
3.0722553418 -1.5105827535
3.8785751612 -1.2269095719
2.5067268739 0.6956355974
0.8458294284 1.6265349494
3.7045586557 -1.7701142418
2.8398878381 -1.2866374470
1.0494181958 2.2983819292
0.0035764575 1.6416734482
2.8812530538 -2.4844764049
3.0643551751 -2.0954398240
0.9124172569 3.1124674895
3.1590080286 -2.0954562722
2.9232325208 -1.8995538038
3.8473926761 -1.6405659195
-3.0139324531 0.5083752239
1.8567827279 1.1955875575
4.0802895746 -1.0178714408
-1.7004565157 0.6250582777
2.9183964981 -0.9531241045
1.0389910535 1.3285974647
1.1231618266 1.1753947712
3.1579452823 1.3056532011
0.2301703578 1.9993160127
-0.7926628477 3.0844030355
-2.4102098290 -0.1982475057
3.9222893429 -2.5684636638
-1.1043595457 1.2894776642
-0.0469051344 1.9892819439
2.9665669485 -2.2377955783
0.3683345380 4.0758243941
0.7956756294 3.6740993820
0.8794764825 1.0582725349
2.4004772612 -1.3348219717
-2.7621237939 -0.7272178668
0.5103202511 1.7499930001
1.3507196276 2.0544779523
-1.2941260569 0.3141618142
3.0336719166 2.1974248786
1.3242857531 2.1302852317
-0.9154886350 3.5449191650
2.4684316525 0.4480223253
2.5394702006 -0.5514364319
0.8757575008 3.7796368364
1.3785255095 1.7013338958
-0.0604882412 1.3547309194
0.6447270971 1.3179774720
1.5136180782 0.9370786010
3.4000361915 -2.3234685759
0.4546530442 1.5525532611
1.3230095701 2.9267325301
2.6380245946 -2.0722435898
1.1460095884 2.4752865331
-0.2002096007 2.2750317207
-2.0478226035 0.1127452465
0.5449032150 1.5178609703
3.3415554090 -2.0120336258
1.3714126295 1.1058727099
1.8742413310 -0.7424503066
3.6972235644 -1.2197948711
3.4728253249 -0.4958740655
3.9441007442 -1.4276181191
-1.1984861189 -1.6915520318
-0.3240821833 1.3127995829
3.5154960471 -1.1556292029
1.9577616128 -1.6249940855
2.6035330111 -2.1366871184
4.3656277922 -1.5924680015
2.7851105899 -1.6891909654
0.3628434156 1.5425275395
1.8911308494 2.4821976316
2.0157433535 2.1071196334
2.3210582155 -1.1881462026
0.9674344589 1.8652547588
1.1380699584 1.1347010580
-0.9414866841 0.5453189639
1.0297459941 2.1432533940
-0.0924976863 2.0575690585
0.8629872360 1.7166261185
2.8580918839 1.3991127922
-2.4419024541 -1.5054772848
0.6307061775 3.4986310335
3.0707661214 -1.6077915161
2.5010185256 -2.3144168852
3.4405539389 -1.3488189842
1.7608550253 3.1220828902
0.4955801552 1.8413976300
-2.4976537447 -0.7122851085
3.0517144575 -1.8879274990
2.3841458134 -1.8587342143
0.7889777623 1.3153366506
-1.0528729525 -0.6680175495
2.5291659334 1.3205880627
-3.0082579081 -1.5451345374
-1.9513340835 -0.6676794388
-0.9105264967 0.2574934341
1.3416596028 1.9709061405
-0.3110049458 3.3416653206
-0.8153288409 2.1106757981
2.6911459254 -2.4158090525
2.8861148115 -0.0314058776
1.2435213320 2.3392043853
0.3381252649 1.9780762528
3.1437332110 -1.2293211684
-2.4909081980 0.0835008729
2.9002931132 -1.6736150325
0.7530171163 1.8706886145
-1.5402807459 0.4206708702
3.2956677194 -0.6954807031
-2.2545486429 0.1643039503
2.8947874748 -1.7127543731
3.1447982006 -0.9988692605
3.1694605140 -0.8764689528
0.1707221527 2.6557680089
0.9066089658 1.5653841482
1.9013950074 0.5786936561
3.1976301155 -1.3228203682
2.5814065607 -1.1906591037
-3.0022098330 1.5487891916
1.8258286340 1.7603231801
-1.6265979141 1.1878153750
0.5574682485 3.3131195679
2.3327009032 1.4242769332
2.1126990469 0.8004607989
0.6063433457 4.0827831115
-2.2846701392 -0.5667173801
3.6265426280 -1.8843770447
1.2181772028 2.6998863557
2.9026862481 -0.2469184402
-1.7469917311 0.2232564411
3.7436185954 -1.6278184840
2.6748212536 -1.1193642230
-3.2540337972 -0.7539374624
1.6458223598 2.3944545740
2.9129348668 -2.1522745726
0.6811686860 1.6224531488
-2.9983554871 -0.2845872770
2.3275018545 1.9734661332
-1.7910696893 0.1799720165
-3.5725400976 -0.9563519811
2.1535005692 1.0065303101
0.5755707625 3.7041770248
3.8738532801 -2.1201213391
1.2474453550 1.4143001005
-1.2707602991 0.5003927711
2.6776247473 1.1558317001
-2.0832698720 1.2890916814
-1.0734499129 0.3945884611
1.0603060005 2.9968969874
-2.8450257251 0.6151837522
2.1013974185 0.1148884971
-0.6610850285 2.3428260507
2.2147670781 0.9251714387
-1.7235653673 0.6616979741
3.9047912874 -1.0849483891
-0.4305465158 1.8025533391
1.7339803765 3.6865800953
0.0041059380 2.3103631403
1.1757070474 2.6001053137
0.5476527554 0.7494086713
3.0042008696 -2.8357873337
-1.4193949804 0.4113039678
2.7391332171 -2.0563533913
2.4233232433 1.1340807413
-0.3530160874 3.7660298237
3.1527822220 -1.2045075332
-1.5035398836 0.2222447156
-1.4608793787 0.7654844011
0.3839793165 2.5272928634
0.2170243672 2.5339842091
-1.7430478770 -0.3629524355
4.2882074614 -1.4001190224
2.6215005473 -0.7977091575
3.8946192540 -1.7013928866
-0.1033488762 1.3215228409
1.3900243580 2.6118834328
-0.7051751233 4.3748838210
2.2409807227 0.9745448288
3.3172104024 -0.2632514915
2.8420472508 -1.1943764856
2.3515571537 -1.5045577179
3.3051540812 -2.2610655973
0.3893817512 2.7919052197
2.7278454975 -1.0783158330
3.3154944444 -2.7579175617
-1.9159240939 0.5102847614
-1.8543131397 1.1595027015
2.8521928291 -2.0402543131
-2.2375193853 -0.0941557681
-2.2874173513 0.2877268891
2.7889418607 -0.2348099288
1.9848650834 2.6322527841
2.4566685929 -0.9177080491
1.1045452826 1.5631219374
0.8064702854 1.3258988866
2.9897384079 -2.4540180778
1.9072625379 -0.3602243468
2.4468010754 2.6123462701
2.7022415924 1.1345121210
-0.0716239136 2.1439804684
2.0036561123 3.2856934589
1.8928721450 -1.1316591802
-2.1620918994 1.0854190015
3.1876228124 -1.2723641182
1.3479822629 1.2930941232
-1.7305555299 -0.7582961900
1.8451872948 2.5195789434
2.7546980442 -2.1980005560
0.5034124945 0.8207916399
2.4514144332 -1.5544116115
-1.9004677762 2.1145868567
3.5364882504 -1.3706741230
-1.0559045117 -0.2171782915
3.5800855050 -1.1443063599
2.5445734939 -1.1073430698
0.7042010880 2.6469221439
2.2979861690 -3.1590943456
-1.9465806913 -0.3439047734
3.4684124367 -1.4171497885
3.0346291386 -1.0138943689
-2.4441429911 0.8700302745
2.1496841622 1.9974681633
-0.8191843896 -0.5544355252
0.7325665586 2.3263994289
0.6867428712 2.6628177158
2.3173372746 2.2729660385
2.6959448062 0.7534247209
0.8072850222 2.6305462383
2.9878978552 -1.5182601854
-3.4209930808 -1.6092339707
-1.8329921289 -0.8540809591
-0.1284007587 2.3057537051
0.9619564474 1.3773397943
0.3846692926 2.7627403837
0.6356990162 2.2993757488
-0.5955765441 2.2697624805
3.0553384419 -1.9004922820
2.1101697913 0.5164483943
0.6591210162 2.4629511673
-2.1875183920 0.9791414816
-0.8842356174 3.2972277083
3.0444053098 -2.3154402319
0.2999394749 2.0087230833
-2.1748172018 0.4805546620
1.7009875648 2.3562831298
0.6842358931 2.1928706161
0.2510442142 4.1553721770
2.1764363950 1.1400723085
1.7662160171 1.6481068296
1.4680154821 2.4185639498
3.0251924291 -1.1361726098
-1.2414518502 -0.1284961733
-2.0818151845 0.7638951101
3.4970481125 -1.0645418919
-2.0157359977 -0.4900433055
-1.2569177362 1.5043754128
-1.8828952513 1.8267658859
1.7779798329 1.9293290155
-1.7324813644 0.4918537260
2.9432470962 2.0797646059
3.1679417979 -0.6304832443
2.7609629387 1.6453655564
2.8643924248 -0.6690362328
-0.2627179342 2.6370453698
3.2934647598 -1.9774340184
0.7764675766 1.9843925055
0.5853925802 1.4489501286
3.0444100967 1.5605910417
-1.7519008551 -0.4298630715
-1.8586780098 0.0936433775
0.6240642561 1.6281094972
-1.7229293878 1.9217250319
1.1715770692 3.4415985198
2.7374731726 2.4037805544
2.2134425353 -2.0826478759
-2.1444334864 0.4010252170
1.6318671789 2.2779005469
1.2292197587 1.2502012589
3.1991199892 2.3654490200
3.4281534623 -0.5621498385
3.0053704030 -0.8457537215
-3.3032809785 1.2427906225
1.8989686013 -1.1530170979
1.7494199038 2.4190165861
-0.3773218703 -0.0213424197
2.6070123473 -1.7719391935
2.0802439943 0.9736981366
2.1474001748 -1.1563675213
-0.5573884515 3.6599178733
-2.7646011437 -1.1618029870
-1.7042770272 0.3126089596
2.4374587352 -1.7055310975
2.6108500231 -1.3401323295
1.2189635472 2.2582111871
-1.4981130263 -0.7536382117
-1.6924488858 1.7020141546
-2.2891330214 -1.6539269910
-2.2148024025 0.5848005836
-2.5250580035 0.6613971608
-0.0691447536 2.1528946723
3.4303712285 -2.3372159544
-1.6400024752 -0.7358403217
0.8703062571 3.1049380076
-2.0872428397 1.5873276608
0.2868915892 3.2293905321
-0.7344382944 1.4595444320
2.2672060449 1.4645238033
-2.2159564197 0.1563804962
1.3086882885 2.2265813816
1.7348779442 -0.9733283574
0.4759280947 2.1006053744
2.8678722820 2.2260159946
0.2500894115 1.4818538298
1.8621293257 2.6722266261
-0.3695044988 1.0557415074
2.1751455249 1.3294571027
1.2685538859 2.0663238432
1.6685145529 1.3882768492
-2.1957580480 -0.7928780781
-2.3562592561 -0.1283346531
2.0505568246 1.5899899088
-1.8944264096 0.5581890026
-2.3946178304 1.2703240931
2.7662814843 -1.3710808513
2.0418471665 -1.0949086391
3.3868473960 -0.9333029595
-1.1598564776 0.2763348397
3.4968651458 -1.6393902295
3.4570817737 -1.8599641987
-0.7323178424 2.7152803290
2.4355109978 1.5590683203
2.5821562387 1.2045726951
0.4079491078 2.8198704027
-2.5226169291 -0.5916917624
0.6720974888 3.8693163427
-2.2131285600 1.2287160108
0.2635635154 2.8826556761
3.2495403651 -0.9216869174
3.3861406284 -0.9097881286
-2.0615029898 0.1050776768
0.7345485212 2.1346946796
0.4330529042 2.2380002248
-2.0912423295 -0.3334113812
-0.2478451646 1.3485456549
0.5638898665 1.9891039296
-2.4150449137 0.3845226458
4.4357480237 -1.0924217200
0.6081414762 2.4295714548
2.4467544311 -1.0662776782
-1.5928137779 1.0095600917
1.3719167807 2.1060170094
3.1045613947 -0.9003199321
-1.0032940434 3.7937049793
-2.6906524353 0.5150405685
-0.1505673803 2.6104930694
4.0227925550 -1.8384648990
1.2977536288 1.9433673142
3.8430724160 -1.0590661550
3.2381648845 1.3944534265
-0.3365368007 2.8577399247
0.5328635330 0.8833857660
3.0459142399 -2.5703012932
-2.0709752624 -1.6447816183
-2.2747417925 0.6542160930
1.3452505691 2.3552145712
-0.8302084630 2.5033205231
3.0517820496 -1.3185686276
1.9323584385 1.6230342648
-0.3306363217 1.9921494797
3.2829469556 -1.8343364423
-2.3159489823 0.8552456747
-0.0334406526 1.4484434254
2.2085202980 2.1080798083
-3.5076391084 -1.4212257228
0.4832257357 3.7871002175
2.8492970449 -0.9945566076
0.7436268515 2.1058096501
2.2194686109 1.3350050831
0.8305279577 1.4435431360
-2.8881006240 -0.1465263309
-2.4579601372 -0.4006895737
-0.5706690890 0.1173559871
4.3955235712 -1.9435283021
1.6934291513 1.4433757602
-0.9367075800 0.9021055420
-2.1983135829 1.6286177497
-2.1237795974 0.4609598419
0.4582914205 1.3488190395
-2.7929327192 -0.0600295471
1.7630714301 0.7912412326
1.5505950753 2.7707306011
2.0687407258 3.0292956586
1.2849645356 1.9037484931
2.4795780158 -1.0085955025
1.3190497503 2.5059761711
0.8483914163 3.2802018916
1.7732147367 1.5487249254
-1.3635520380 2.2719953789
-0.2134695277 2.4590935577
1.8719725622 2.3448646131
3.7288396160 -1.8949986121
-1.3330945664 -1.2015872265
0.4429472217 2.5633935333
0.1332811257 2.2905712069
-1.8804832147 4.4611862573
-1.7935267374 0.6987917920
-0.6152913998 3.3080804313
2.4370885284 -1.5088378475
0.8132173989 1.6600524098
1.5974490860 1.4058640577
-0.3906650430 3.1543361661
1.4197052249 2.5396620614
-3.1318294358 0.5067607538
1.6177545328 1.8317353324
-1.2966502350 1.3016418175
-0.4920996661 2.7119689287
0.4230281785 2.8534803839
3.7055535283 -1.7491487740
1.1380227111 1.9092438871
-1.4578587489 3.8859475564
2.0291163419 -1.0093085124
1.1357173807 1.0515353859
2.6416999075 -0.7269303074
-1.5743428797 -0.0914855829
1.0696929752 2.8478330878
3.5648813424 -1.4982400796
-2.7280411154 -0.2463342697
0.3607592935 1.3763675805
3.0761828256 -1.5619162287
1.7390253195 1.3121102190
1.3937924764 1.7762265185
1.1128621214 1.9571650777
2.8138439258 1.3008919470
3.6889454622 1.9759800221
2.1928696632 2.5644282771
-2.6474495545 -1.1033978047
-2.7166196820 -2.1400646639
4.1411497664 -0.8261072735
-1.7547274815 0.4991138556
-4.1672320372 -0.3656115015
3.2183150738 -1.8203937592
-0.0950155766 1.5878101704
2.6786181173 -2.1727049124
-1.4760057144 -0.8478725528
1.0797847380 2.8694242730
-2.6610851999 0.1691976075
0.7292930935 1.4625817047
-2.3002852832 -0.4328671122
0.4762308322 1.5152057102
2.2226350542 0.3269607160
1.2055898279 0.9959135440
-0.5609696183 2.1026682550
2.7265600382 -1.4223210665
-0.6174809820 -0.1688265346
2.4010861125 -2.2829430131
1.2918320222 0.9406991888
3.0922424932 -1.4232350172
3.3848319646 -2.3672122975
0.8481322970 3.6926165330
0.7028745210 1.4713492564
-1.9456202150 0.3694118720
-1.4857399804 0.7503605624
2.6766846739 -1.0509923622
-0.8211098682 2.0620539005
1.3880376086 1.4161804295
2.5187003960 -0.9338344537
2.5925316341 3.1828597815
-2.8599762114 1.9121750060
0.8599036137 1.0588189503
-1.9114686823 1.8079495624
0.3622492106 2.1934102036
-1.8547104791 -1.2332074631
1.2703837900 1.7150565270
3.0235447161 -2.3067381990
-2.2730888681 -0.7353873078
-2.3460368404 1.2322360390
-2.6442795537 0.1175298653
3.2118819993 -2.1867992484
1.3147656782 0.8680928873
1.0320328370 1.9519028797
-2.3623712400 -1.4845545168
-3.3411359314 -0.9479277879
1.0735559076 0.9035225348
2.0266999626 -1.7667670548
2.5649661782 -1.0017419329
-1.6201335642 -0.1250470326
-0.4963004041 1.7183809238
-0.2906335712 1.8368096224
0.7713896264 0.8475533749
2.6210004310 -2.6334556999
0.8027167966 2.7520622688
1.2301047938 1.2090909608
-0.3355830789 1.7594290324
0.8666613070 2.6000195825
-2.6678641373 -1.0630950976
-2.2919134477 -0.2643765370
3.4881671842 0.5423026076
2.9673167022 -1.6609179427
1.1765947470 1.1721363916
-1.1141351205 -0.9385943425
-1.3863229253 0.4424291563
3.5576300366 -1.1917493629
-2.7145650974 -1.0693363011
2.2144156720 2.1557249959
3.9704900678 -0.5819332468
3.7662798400 -0.4601330806
0.2576478658 1.4505170292
-2.1705606799 0.0250364374
-2.2439192964 -0.8006807672
0.1033507557 2.4350014994
1.8818012261 2.8660806236
-1.8350597152 -0.1490387106
1.4962975741 0.2950919630
-2.9543696941 0.0425011985
1.8938965437 0.8505209836
2.3063503577 0.6028451170
1.5338243327 2.6961418496
3.1706909889 -0.4718036523
-1.6560703357 -1.3261275165
3.2742174369 -0.2358221515
-2.1977826693 -0.5944598805
-1.9902340664 -0.4421186082
2.6851434112 -1.9057187118
0.9566205063 2.8285055565
-1.8251849713 -0.4382102537
3.3863680998 2.9355030470
1.8436426466 2.3154823536
-1.2936794752 -0.3998293746
3.3599012960 -0.8339400967
-1.4724454303 -0.1760886082
2.5984817744 -1.7060465806
3.2517060502 0.2944872581
2.1716531459 1.2631038698
-2.0781791659 -1.4333888772
-2.6036028701 -0.8711435874
-1.5069670371 2.2980854772
1.5474184217 2.5354227878
-1.5722124615 0.5441310577
-0.3190393501 2.9828934569
2.0154363196 0.7723646160
2.5098438336 0.8216939000
0.8969193890 2.5311173211
-0.2746919075 1.5036251737
0.3494456509 1.2767460068
0.9031850057 1.6534192311
0.7428155242 1.6298542453
-1.9895944804 -0.2528107647
2.9198428346 -0.0986343613
1.4800205899 1.6810929492
1.8623774505 -1.1766742290
0.5452061323 1.3528615086
1.2078716774 2.8056079557
1.7282162768 2.3097642274
1.7234699110 0.6986827706
2.1073211805 -1.5882593064
2.9300801409 -1.8489534101
2.4856805566 -1.1481948982
1.3156649894 2.1384309703
-1.2338166945 1.5094893593
-0.0630893870 2.6109000672
-0.4077820965 -0.0257923263
0.8625957472 1.2573736356
-1.7729926648 0.8876929897
1.9722687044 -1.1827437005
-2.8307151414 -0.2925975658
-1.1878814464 -0.1455175061
1.2181608001 2.4247415102
0.5720979427 1.4466560326
0.8987903501 2.0156341212
3.4729961624 -1.1731388418
2.5858078986 0.1392167187
2.7101480384 -2.2151181073
3.3450626175 -1.5265671436
1.5401282554 -0.5244417205
2.3025515750 2.1661954760
2.0807512344 1.6593071269
-0.4548855708 2.5672825217
3.5381692335 -2.3278281301
1.6817604025 1.6782957549
-2.0649003542 0.2237193093
1.5370947477 3.5554746908
-1.4931683322 3.1964538719
-2.8248573984 -0.4479195334
2.9376670919 -2.4799469497
1.1010971017 1.9300740856
-0.0920449833 2.2779524594
0.7014077412 2.0148112736
-2.6501649334 -0.3029007165
-2.2873662869 -1.4783222352
-1.3012506100 -0.3262318379
-0.4509340202 1.3269913165
2.5070134437 -1.9739904452
0.1998512342 3.7258446954
1.5837739167 0.1373415812
-2.1189451030 -0.1472019850
2.8717278420 -2.2473518972
3.7942682120 -1.5984049980
1.2421763317 1.4569421018
-1.7792361671 1.7371270142
2.9040593283 -1.5994485310
3.1492288148 -2.2398875349
2.9668629036 -1.5490397070
0.8983543869 1.1645012530
-2.5035278915 0.1503231296
2.8360307295 -1.0312105985
0.4815475794 1.9287256285
-0.3309965445 3.1837524792
2.8594047194 -2.2921017788
-2.0019606873 -0.4637440697
3.2954380767 -1.3292553559
2.9928111490 -1.3106401214
3.2908774868 -0.6124159301
3.4754336214 -1.2465996962
2.6945478643 -0.9534013283
2.9971509224 -1.6058627724
2.4802219525 1.3795689232
2.8491069840 -1.9317924221
1.5272142421 3.0112138638
0.5374760108 2.9115747403
2.8849667143 -1.6360665516
-0.4741432518 2.8265812376
-2.7155944831 -0.2292544652
3.1988647745 -1.8494762485
0.9723375734 2.9467784360
2.3382965355 2.1258623826
-2.5137407569 -0.2738409473
3.3286867276 -1.8733943183
-1.5833348782 2.6117828442
3.8210170868 -2.1189053184
3.1218207131 -2.1268335277
2.0484049258 0.6561176060
3.8318185128 -3.2910611725
-0.6478828923 1.3353243107
2.2811663088 -1.4333813809
-2.8913906023 0.9857309364
0.6812844743 2.1627990376
-2.1532298007 -0.2892046356
2.3981319005 -1.5700566473
-1.3816913849 0.9536422007
-0.5132849253 2.3716094717
0.8324338033 3.1754674294
-2.1817668332 -0.9793745270
-2.0356188026 -1.0766160040
-1.7321572702 0.3698207376
0.4152756380 1.0591078176
2.9741386064 -1.7314760440
2.1421317698 0.5084720198
-1.9742916341 -1.3009172895
0.9352392076 1.7992684023
1.6689026096 1.6382543958
1.0111997736 2.0055263067
3.7106913799 -0.7595115263
0.6145057057 0.8224847215
1.9072107069 1.0467328153
3.0808720555 3.7122549273
3.7160192545 -1.5838390649
-0.7276539887 0.0750562867
2.3891273887 0.4229276415
-0.2931435919 2.1345755698
0.2859178118 2.6666807347
3.1240453045 -1.8810749173
-0.0995670398 2.1937352964
-1.2454910918 -0.0906958923
1.7335158883 1.9325422150
2.3079276412 -1.4901236580
3.0863194524 -0.3927400958
-1.3099505344 0.5953680079
2.0623296514 1.5248779786
-0.0055301997 3.3199395958
0.6314691002 0.8427605379
-1.3975223464 -2.2135152558
-2.5321943088 -0.3723872021
0.6162502529 3.3113476365
3.3901421510 -0.7994273657
-1.7774319061 -1.9080567960
2.3547977641 -1.0210594189
0.0639623666 1.5052842683
2.4752349971 -0.4913889426
1.1931456068 2.3343084011
3.0508357866 -2.0243794253
3.8243451550 -1.6202416792
-2.2336011683 -0.1747784672
-0.3300796767 2.2042927889
1.6575297862 2.1625891507
3.8100788003 -2.1703292765
1.8714443080 2.6503716111
2.4445498126 1.2069315547
1.7900690181 0.6333148187
1.5696118036 1.4312108758
0.8472609831 0.6013212068
3.4670343301 -1.3813050388
2.1563205424 0.8850284202
-1.6885376617 0.7503295244
-1.8495431906 2.9607933137
2.3571984479 -2.1535820234
2.6876809547 -1.0196507899
0.0243748249 1.5333605137
4.0097043769 -0.1048302895
0.6380875034 1.8730901371
-0.4977814230 2.7307834680
-1.3060743922 1.3853579281
-2.0434865692 0.0445437943
2.5992197486 -1.2938023188
0.1806337734 3.0748677709
0.3319618665 2.6216684568
0.6185914669 2.0787035596
1.4022353051 1.3195946564
3.2188879354 -1.6300564085
0.7600830897 2.1303580187
2.8553273285 -1.2209639246
3.5110731530 -1.5176080259
3.4140509877 0.8348676276
-2.2651583939 0.0846855546
3.5287431288 -2.4200141051
1.0901235617 1.0640315872
-1.3178685874 1.1486641743
1.4351522032 0.9892524280
0.5271340340 2.5373696646
1.5268594355 -0.5405427818
1.8719389187 3.2833333706
2.8655234832 -1.4667522173
2.8365451142 2.2851584512
-1.6813621880 2.1776289054
-1.0234840843 0.9471720116
1.1994463811 1.8997949342
-0.6869163303 4.3848660483
2.7770657057 1.5308605337
2.7452871964 -1.3830695637
0.9934167832 1.8804062984
0.5811473143 0.8345496101
1.8962662077 0.3963270295
-2.5041904013 -0.7678276795
2.8415918103 -2.1911278746
1.2171741977 1.6347610438
-1.2759342544 0.5794972625
-2.2210964480 -0.7845398426
0.9857812037 1.6442588544
2.0953306248 -0.1084490675
3.3510837984 -1.6081589368
2.8705323618 -1.7970436844
-2.6949740277 -0.4721973604
2.0295497832 -0.4987501545
1.7750489184 1.4454802802
3.0688432277 -1.3152666475
-3.0584705191 0.1340254090
1.1224574410 2.8246567890
-3.0356964899 -1.8505845399
-0.2670613614 1.3347829781
-0.1667539544 -0.0203481462
3.6229617498 -2.4713206406
-1.6444905895 -1.8072490740
1.0618558592 1.3355258467
0.9413665808 2.0983076106
2.5054826615 0.1158772168
-0.9078638708 2.8647065523
-0.2354954211 2.8736310541
1.6451389912 2.7705177361
-1.3741902177 -0.1572519417
0.6443369354 -0.0936480562
-1.9979700535 0.0223052418
0.6746006843 2.8119101692
2.3233830703 2.3401638815
2.7354827618 -0.6487649834
-1.8117273049 0.8845782136
0.2159907300 2.3826075140
1.3813365274 1.6861782769
1.2439168473 0.9709252452
0.7161239821 2.6608912628
1.3174093360 2.2402307993
-2.0568312057 -0.0775410408
-2.4881557453 0.9468162409
2.0694450239 -1.6967295785
0.9635943632 1.8707200171
2.6383008835 -1.3442031743
1.0118810068 2.5970739153
2.7929882970 -2.4333184845
1.0797259088 1.6217552757
1.8360436774 1.3314008802
0.4385935369 3.0782844237
1.4708981988 0.5467039096
2.9436523248 -1.4206725428
3.0507480896 -1.9901589456
0.8311312064 3.1303735312
2.7119280801 1.3116202547
2.4252254359 -1.6747815383
2.6234609743 -1.0117591802
-2.0294668823 0.4412973716
3.0916313270 0.8267160542
-0.6400412649 2.2972425794
2.9266651585 -1.8916334259
0.5382848860 -0.1705513761
1.3571154653 0.8676219246
-0.6720433205 0.7492329631
1.8270786235 0.9547320265
0.3525588140 3.2487686298
0.2987940377 1.7781143030
1.9908226640 1.2862360024
0.9447166849 1.6867165491
-0.6483828041 1.6286469202
-0.2527666175 2.0220274499
-1.5427604527 0.4440542747
1.4911312734 1.4185675480
1.6781069722 -0.8283354580
2.5718476239 -1.2630901077
2.4066075348 -2.5677688702
2.2111110212 0.9843134789
1.3712806162 1.3023030206
-1.1730709678 0.2283943228
0.1388947365 1.5737970975
-1.8620062639 0.7844695274
1.9413033813 0.9333942347
0.1761157422 2.7678629587
-2.1590332552 0.0034299022
1.1640530407 3.1223861963
0.5935823793 0.9095893271
3.7967239571 -1.4949311144
0.2292299902 2.8355369365
-0.5199167276 3.3628031248
3.9203678343 -1.6863580603
2.2754986164 -2.1047077424
1.4068259613 1.6570492683
2.4109255760 0.0916033069
-2.4625334848 -0.6947346328
3.5170051619 -1.3971205624
3.2959203406 -2.2723523904
2.6402878654 -0.8161672299
2.0973994673 0.0223330429
1.9501580898 1.4827306234
-1.8304172283 2.5011505146
-1.8693144656 -0.0502892502
-0.6151769261 0.5310852890
0.1355709829 2.6160659087
-2.7567660532 -1.6915840093
2.6989059530 -0.3980738429
0.7435282315 2.9588590683
-1.6287989365 -1.6270677195
2.6117712390 -0.5883284484
-2.7452706649 -0.9538055115
1.3375862932 1.6459132581
3.0302345498 -1.0399357001
1.8307891842 1.9747343152
1.8891416432 3.9170227539
4.0497258376 -2.4711614605
-0.5973602659 1.3188459071
-1.6637478661 0.4223047622
0.2687055985 3.1523524626
-0.7311591341 2.3438133087
-0.4603282038 2.7510092487
2.0240897011 2.0845809576
-0.5168855743 -0.8480548795
1.5663479449 2.4081361232
3.6159030953 1.1183706700
-2.5037081917 0.2773242051
2.2080013402 1.2969592905
0.2501031019 2.3914686401
2.6271477374 -2.8096999399
-1.9409703636 0.9444935162
3.4359017982 -2.3159409454
-2.2657427585 -0.9552784340
0.5923441899 0.7147927338
-2.4680023830 -0.4226649953
2.3714762781 -1.8600953587
2.2786186672 -1.0841171507
1.0150556907 2.6773125853
3.6264556017 -1.2434783868
1.2197209974 1.8047422943
0.8915605874 2.0907109844
2.7918026812 -1.8477054661
1.2475206670 2.0193527798
2.0767162663 0.6673523532
2.6008038681 -1.7677145760
0.7300029822 0.2683045062
2.6863291576 -1.0943832742
2.3605123913 -2.6318915099
-1.7381775376 -0.4772492660
2.4604295318 1.4431424297
1.0832950168 2.4773692589
1.5708223976 3.1567136872
3.6667406680 -1.6385119052
2.7186109441 -1.4650025964
3.6779217188 -1.8247641218
-0.0306913005 2.9630230543
0.5516503867 1.3962702525
1.4904484358 2.6412627857
-0.3623948737 3.1541770263
2.9683429832 1.2247466707
-1.0501496430 -0.1512051619
0.6331627136 1.8380510998
3.1616789590 -1.7882978415
0.6991031023 1.8071499642
0.7164475543 1.7171057570
1.2026599344 1.3914773159
2.1552954311 -1.3452827568
3.0814218019 -1.9473252171
1.2746130754 1.8813392289
0.5939694989 1.9417132420
3.0653082567 -1.9233231508
3.3621310394 -1.6310843512
0.0972953792 2.2903774394
2.3478527803 -1.2748743343
0.7730914430 2.0419379997
2.2304677970 1.9980521659
0.6319578471 1.5407698186
1.3835523877 1.6421989142
4.2371088248 -1.4893927562
0.3226222971 2.3633845992
3.8594137711 -1.3359749153
0.6914088489 2.2881349563
0.6150509234 1.6990348200
-0.4178384696 3.6520509093
0.0409673698 1.9581550486
1.6950351612 1.5799853564
1.3876587170 2.4604784847
1.6578446064 0.6121295742
0.3216248091 2.6781411497
-1.6362203753 -0.1458601733
1.7060850916 3.3124494043
2.5369655391 0.9973237415
0.1414917999 2.0214522105
2.5400604772 -2.4010623153
3.4283991264 -1.1483937435
0.8771731681 3.3508612488
-1.2109050747 0.3114376556
0.8427087384 3.3279333357
2.3418009203 1.6069812516
1.2126921813 2.2547417254
-2.4491953007 0.0597717637
1.2056707192 1.8692178633
2.9861439505 -1.4915585640
0.5925015218 1.3401469994
2.9074111839 -0.3208765466
1.9114137893 0.8998723487
-2.1792347931 0.5291837680
2.9324551188 -1.7355167322
3.5597482181 -1.5948527218
2.6224706589 -2.8085587126
0.4069015606 1.0449112929
-2.0610754746 -0.2409869626
3.1675713608 -1.6548234497
2.6888157270 1.5468639295
2.7168610507 1.3487087227
-1.3208166830 0.6086455318
3.1403891146 0.7208882726
2.8650900189 -1.8309863537
2.0447152705 0.8277127842
0.4263914712 3.2541132665
-0.2193292544 2.4550323746
1.5283612729 2.9264637498
-0.9715418904 -0.5484189467
1.5736572010 1.2289818386
0.2730799041 2.8120055379
1.7517481162 2.7513817326
-2.3881951628 -0.1298523780
0.9310384596 1.7730112357
2.7730178910 -2.3882651841
0.0977680011 2.6210727554
3.6095660787 -1.6089013792
1.8517508951 2.3671208390
-1.3926863537 -0.3873153114
0.9352562277 1.3460169695
2.3631576731 -1.4011966044
2.1691841591 1.9435588415
2.0810385571 1.4880365445
0.6578314127 2.5106091811
-0.1021236964 2.2637435310
2.2095044990 -1.5484319402
2.3530094947 -2.0471072040
3.4650765256 -1.0497254072
2.3136247109 -2.1334654182
-2.7426040601 -0.5387163307
0.1300382584 1.0026495795
2.8742049931 -1.7266938292
0.5182112928 2.9300286267
-2.7804157012 -0.4380163963
-3.3156201438 -0.3493399888
1.4513720030 3.0288048667
1.6530204136 -0.1115442555
-1.9345716727 -0.5188792944
1.9398732695 3.0339922136
2.7166391337 2.0808896510
-2.4439790867 0.7408036501
2.9907118069 -1.7602196309
3.1877644674 -0.3827171002
-1.2487451618 0.7321791638
3.0327165045 -1.2667726917
1.2536948816 3.6899363675
2.3862093885 -1.6498573769
1.3709232032 0.8119739989
2.9962651115 -1.7985136150
-1.8917322021 0.5416954679
2.5244825189 -2.6484339212
4.0859867243 -2.0924854867
-1.5691005037 1.5190333156
0.4120240100 1.7060200483
-3.1731530391 0.8254495169
-0.5574053387 -0.3363374085
0.3932482111 2.6472953635
-1.9605158102 0.4099868795
1.6052132449 2.6872608089
-2.7332355130 -0.8918600994
1.7548300972 2.1447167638
3.8293115824 -2.0590024349
1.4621143630 1.0077884683
2.6915359576 1.4025684867
0.7488720336 1.6198906411
0.3832779493 4.4188263228
1.9929425183 1.1794136967
3.6091639020 -1.9014263845
1.4806864958 1.4326380038
-0.3134166711 2.0544257397
1.1988014718 0.8481482909
1.1824293092 0.9486959698
2.6306139968 -1.3608433784
-1.9480300412 1.8097221023
3.9293835492 -1.0431232175
2.9751259805 -1.5218790076
3.5846758224 -0.1697004012
-1.4348131316 -0.9377226830
0.8317095221 2.2379443422
3.6055102380 -1.0339723925
-0.9840532483 -1.2464708488
3.0730874607 -2.0949586973
0.9033004275 -0.3894170216
0.5798404897 2.0248014747
1.3330469462 2.8375737848
0.6089501403 0.6594871165
-1.6852960847 0.1034861041
0.6848639224 2.2533714422
0.8725294955 2.3472074489
0.8399529026 1.8552893423
-1.4193675729 1.1142736267
0.3644411950 1.9936137649
-1.6394929220 1.2893225796
-0.3160451808 1.0279667694
3.0507982658 -2.5657337647
-0.6274159914 3.4340975509
4.0118691248 -0.5037155374
0.7234786944 3.1585605957
2.6679425869 -2.3791133642
2.7243877093 -1.3094430929
-0.0893100424 2.7450189884
1.5361236298 2.5432838618
1.7235475870 1.9261519958
1.0850153529 2.2848655163
3.3417605723 -1.9695807454
2.0014260931 2.4516226140
3.4440812991 -0.7381719538
1.0236618528 1.5373425523
-2.6439735936 0.8743896299
3.6591919919 -0.6076016068
1.2499685153 1.9323585450
-1.8904707364 0.7408323672
2.5600144540 1.0173610288
1.8808758606 2.5398840220
-2.3159399503 -0.6304082203
-0.4597906326 2.3091173917
-2.3922354396 0.1040481575
0.2349290391 -0.3760247504
-0.0740449196 2.7057573227
0.5170476489 2.0019302875
2.7991510157 -0.9135743379
-0.1421088253 2.2758786405
-1.3948016886 0.5620445719
-2.8646410068 0.5993498924
1.1064317113 2.9897284373
3.1925226095 -1.0256096673
2.9776370320 4.1810452996
0.0692028457 2.0513667640
2.1653822954 3.5862337232
1.9346881861 0.6014206635
1.4101784455 2.8938593795
2.5891020871 -1.5374023678
-0.5189684194 2.7109504037
0.7771739416 1.6826944561
-1.8108558728 2.2001485726
2.9687360652 -1.6377683602
2.8756379988 -2.0158172882
0.0090778197 2.2612000525
-2.8805798354 0.0346955286
0.1908488070 3.0092111420
0.2905790098 2.8553814160
-1.9724998479 -0.1421033247
2.9060920388 -1.5106021491
1.7925718223 0.5664422699
1.2604832222 1.8679296082
2.2417997465 -0.7833596691
0.1698144030 2.6766794007
-2.0336833179 1.0032927273
2.6668344341 -0.8063732860
0.3966536926 0.5864888477
1.6334520969 2.2052060066
-1.4621119680 0.6435243227
-0.9228431905 -0.0646103562
1.9910071368 1.3420558034
-2.7217362837 -1.3653428792
0.0741106704 2.3157808302
-1.4429936605 0.7780078368
-2.1052815501 -0.2199449871
3.4655136314 -1.0198924040
2.1309214467 0.1998557637
2.6581421600 -0.5178628169
-0.3765565118 2.1245999468
-1.6805931518 0.8162423756
-0.3797791693 0.3963835036
3.1812670003 -1.8825354637
1.2013445401 1.2303295736
-0.2865837600 3.6882331740
0.7294483087 2.4665637735
0.8473037668 2.7053926161
4.0647720369 -2.1618003158
3.0694520540 -1.3487355746
2.4630463954 1.7175708605
2.8928984507 0.5646113134
-1.5778324680 0.3105366000
2.7065460825 -1.3682095932
3.2660574993 0.4621947381
0.5677126000 2.8588847834
-0.9776015340 2.9739562251
1.5216677060 2.3334662415
3.2223476710 -1.3867872675
0.2049184872 2.0292900741
2.1866347653 1.6266176394
-1.5192227351 -0.8155539098
1.0794552255 2.5387029721
0.7832638932 1.6996788116
3.1737103152 -1.8168226590
2.5213204310 -0.1536983329
1.5453578770 1.3687347713
2.9716388509 -1.1072681123
0.8219935305 1.4137922631
-0.1554537322 2.7850521893
2.2298868362 -1.5458675108
-0.1048235156 2.3996008777
-1.1118857582 3.0163647493
-1.7990624741 1.1160749764
-0.2896547092 2.5569969199
-0.2631120416 2.4128901371
-1.9738088969 0.3413591579
0.4554312689 4.4864105910
2.0137735797 2.8950347736
1.0778637899 2.0072341525
1.9499490098 -1.8733366141
-2.1951582751 -0.7286505805
2.9266335993 1.1492515041
2.7113989115 -1.9448505138
2.2762989419 -1.2547418985
2.6980068862 -1.1485950644
1.4057963566 2.0336801488
3.0909407572 -1.1715469071
-2.0936309055 -0.1280511099
2.9659451497 -0.9762627172
2.9671342132 -1.0599875556
-1.6186642819 0.5445602948
1.0588662567 2.6890082116
0.9005600561 1.5815427601
-1.8726417354 0.4354125935
0.4016167098 1.9638667098
-1.0785235464 0.4731438627
2.8658688261 -1.4001378145
-2.2380966192 0.0218385083
2.9611536308 -2.0849632475
3.0543472371 -2.4932923219
0.1532902004 1.1106254668
3.4551662347 -3.1545394062
1.4858821225 1.2666170787
0.8748137146 2.3765315506
1.8136414560 2.1242949478
-2.4540155338 0.7435680056
-1.9591493620 -0.1942787772
3.6183412351 -2.5556490974
-0.3344769848 2.3316456488
2.7589213494 -1.7165433713
2.8622307028 1.1405183836
1.2324796326 1.4086096594
0.0255324263 2.8506973441
0.2605654710 2.6085923005
-1.2447509014 0.5561995169
2.0006115710 1.7871568499
-2.6339263060 0.9730223630
1.8066380367 2.8545869878
1.9221465820 0.3763520770
3.9302763883 -1.2639465298
3.2823311292 -1.5982642046
-0.8246028237 2.4140280958
1.6463828213 1.3483243340
2.6638915348 -1.2888365138
2.1009957636 1.0749185881
-1.6483175854 -0.0946891717
3.1192351939 -1.1567586560
0.8638254055 1.5153575692
2.3260092567 0.7166670411
2.4976482354 1.3010005882
-2.4987984214 -1.1799056254
-2.4558212021 1.2216080000
-2.3551133250 -0.2772748791
2.0433063292 3.2832297082
0.1000331079 2.9018897031
1.5641938494 2.5940375302
1.4437990110 1.8090686473
-2.1670449742 0.0189544049
-1.1301918739 0.7072238805
2.9334147450 -0.7706748137
2.7471437284 2.0408416281
-0.9194364347 3.5352867755
-1.9072534602 -0.5451277079
-0.1163012098 1.7417335616
3.0271463619 -0.6847675970
-1.6169490143 -0.0376918106
0.2373963426 1.4447176184
2.7928818444 -0.9616081087
0.5512528156 2.0482164343
1.0879479831 1.4434484850
3.9775562143 -1.8360110621
-1.9514729361 -0.6725382936
-3.3090644455 0.0019655366
2.6480211465 -0.4931517268
2.8635753997 -2.0191497912
3.2801928072 -1.1056147681
0.0959272258 1.5302089171
1.4874534081 1.9343059298
0.6190277362 2.9970564413
1.2781714399 2.2518278438
3.9390461268 -2.7034761427
3.0965427698 -1.4332560112
-1.7890572429 -1.8060238600
0.9753059018 2.1282720528
3.3702106376 -2.0320914952
0.7307003185 1.6910245534
1.5721965393 1.3939882684
-2.3937978500 -0.4008790984
1.5347145045 -1.4435930651
3.1631068462 -1.5872116514
3.4891877887 -2.7565190264
-0.9411930803 2.1920660626
-1.9974295045 0.2529907856
-2.0488234292 0.6004530956
-1.9013220792 -0.3059094563
-1.1388799077 1.9608044930
-1.7126491066 -0.3246297258
0.7125813705 1.1656622085
-0.4745157314 1.5349028039
0.9605176080 1.0444199804
2.6990193906 -2.2927101811
2.0002985779 2.3836177106
0.3782373185 1.8392632264
0.4864101744 2.8843554313
1.4303990571 2.9534114444
0.8264190745 2.5451706683
2.2796260121 -1.3940704802
1.0491936042 2.3695157201
0.9913269849 1.0616101732
2.5410714552 1.7368662525
2.7601058251 1.3606614597
2.6236724948 -1.1720144737
1.4801420501 1.2497692556
-2.0805788116 -1.1463264941
0.8934419752 2.0825760154
0.4693506839 2.3459342811
0.9453440671 1.1890983617
3.4322024000 -1.2364709237
2.4825043808 -1.3007819886
-2.3859894110 0.3734891727
1.6977036384 2.0191968203
2.4951249626 -1.1631420924
2.5047160602 0.7830528090
1.8889503273 1.7089451222
0.1408586684 2.7467186761
1.6274341440 2.4593007881
3.6304244325 -0.7330343385
2.9371967666 -0.5424320399
2.0815001384 1.4972708122
2.9266168254 -0.5548776339
-1.4266640969 0.3807315933
-0.3521967169 3.5939188150
-2.9734378165 -0.3131798258
-1.9223742501 0.4750487277
2.1680510277 -1.8458251173
3.7899455016 -1.5965913422
-1.9582159473 0.3612599323
0.6543001383 1.9908665793
1.4205607098 0.9730987215
1.8340092618 1.1430520958
-2.7614010693 0.4825290245
2.5819521969 1.3429708251
1.0102032679 2.4949081437
2.2005444324 1.9611189353
2.2323278689 -2.0633679376
-2.1548418863 0.2645115794
-1.8513315628 0.9240929233
3.6240699209 -0.6959147761
0.5033309043 2.7957762046
0.7746332338 1.4911068559
-0.8569262462 3.0773073801
3.1757796227 -2.2073954951
-1.5367213047 3.0295001679
3.2398709766 -0.6215703513
-1.8024340036 -1.1189186446
3.1647412471 -1.4951623162
2.9015528352 -0.6085352032
2.2240560512 1.4355783453
-2.1141554523 0.3687120118
-1.9694603248 1.3352517120
1.6732382490 2.1282237935
3.0866377762 -0.6194889546
2.6478655210 -1.3320273246
0.3852699204 2.5945608700
3.1350745632 -2.1218802233
0.1320206861 1.9011189289
0.8488874758 2.1604982035
-1.2248887430 -1.6824512663
2.2890539788 -2.1451294377
0.2966818192 1.5639726139
1.0125267040 2.5911985235
0.6552445131 2.5731751018
-0.3183837721 1.7309259011
2.6366818333 -1.9700548480
-1.6083128368 -1.7707153324
0.3235251717 1.5681160611
-2.0568116231 -0.4939015930
2.9417512681 -1.1895890172
-0.1378179066 1.3513893627
1.1796624387 1.1104814394
2.1329019565 2.4697600223
3.0206213664 -2.3994701973
1.6916324553 1.2486423759
2.5207340755 -2.1169336193
1.3884269626 1.2091314658
2.4629237224 1.2413862624
-1.2840297779 -0.6970320268
2.8149751239 -1.7454384272
1.5474674811 4.0913926400
2.0532269811 -2.9619790762
1.1466864419 0.9189770090
2.9314388641 2.0089177857
-2.0823324439 0.2952362956
-1.7132382655 2.5375037595
-2.2925702732 -1.3683217461
0.5567080527 3.2937842335
3.1398638642 -1.1649669602
2.1065184414 2.8625824283
-2.2620824466 -0.3675905050
0.5277624491 2.9072757098
3.0216319637 -1.4584091995
-2.5739200520 -0.7069912737
0.0347326156 0.7721330795
0.9745085396 1.7026219308
3.2229333766 -0.8327201321
-1.1634185889 -0.3542082913
-2.0313559818 -0.3071687962
2.8113016579 3.1781204462
0.0459007058 1.9958664560
1.4993892979 3.1687592137
3.2276507185 -0.8384498355
2.0592482432 0.9401019864
0.4619843675 3.4369804212
-0.1127180448 2.8584243326
1.8503089934 0.5841627728
3.3408967028 -1.9739807307
0.6813944890 3.7746401641
-1.1080728619 0.6029315439
1.7529148107 -2.0166130157
-1.5892732786 -0.5648749240
0.9754643734 1.6799251701
1.4524958911 2.7308601343
0.6503551907 1.4751693989
1.0747695333 1.9446185128
2.3990770665 -2.8104509008
-0.5455687168 0.8332225449
-0.3783140358 3.1991800761
0.7695705010 2.9307643814
1.9218860864 2.8122431197
-3.8244741493 0.7766445687
0.2916888271 1.0576222566
0.6821119587 1.2334271334
1.6522386514 2.8603550314
-2.0009365926 -1.0936791649
3.5005039108 -1.2780338646
-0.3930243511 1.9998745073
0.5185510333 1.5044375055
-2.4318985311 0.3813585156
3.8519639454 -2.0740982363
0.8502128321 3.0883770803
2.4844004596 -1.5263972038
-0.6578575605 2.3434144164
-2.1652745681 0.4397988173
2.6254893893 -1.8904731765
1.4824166224 2.4657139341
1.4607176988 1.2367092715
-0.2896794751 1.4553615240
-1.6185023519 0.1448572502
2.7741871273 -2.0636786686
3.1150476253 -1.1672808112
1.8428594611 1.2950580594
2.7675274758 -0.6570789882
0.0713461741 2.8291493934
0.5645927121 1.8954453034
2.4947697484 1.2376906673
1.8053568803 0.8876092008
2.6416594372 -0.7653469744
2.5608546364 -2.0371383182
1.5346192782 2.1178566081
3.4325803757 0.2116921646
2.9909836152 -1.2332007256
-1.1047552655 0.0462975930
0.1336809751 3.4351953713
3.2060070122 -1.6657570883
1.3469064013 1.4732397720
1.5214604450 1.3295106590
-2.0490788517 -1.6183523917
-1.6114983369 0.3510156031
0.4131398898 2.8803327352
2.6297839451 -1.1846888683
2.1252049536 2.4226409105
1.1982712628 1.3892192878
3.3235698229 -0.7012353843
-1.1838552359 0.8752711524
0.9849633211 1.0747001768
1.0361054662 2.3916847056
1.4933593309 3.6108593637
1.9799691378 1.0983843632
0.8326662759 2.3005066547
1.0484052908 2.1335011848
2.1138309534 -1.7500406317
0.2266669573 2.4652551749
1.1410565070 0.7542925285
2.3407000145 -1.4553412390
3.7402724692 -1.1325203157
-2.2824215110 -1.9054305923
-2.3851057011 0.8356821761
-1.3497234261 0.2874957501
1.5956425755 2.8376479686
-3.4568344491 -0.3213565826
1.0537831032 4.9347612443
-2.2837256408 1.5883211173
-0.0541340257 2.4058965007
3.5539447206 -3.1078795693
1.9309186319 -0.0871997425
0.9535699024 2.7515247315
3.3662525118 -1.7763165082
0.7713918724 3.2100477297
2.1849966981 -1.6589404027
-3.0237113460 -0.5851493367
1.5928864445 2.0525540534
-2.1998917707 -0.2784107840
2.8235766076 -0.9756555578
-2.1106565655 0.0179899596
2.2424654644 -0.1405468451
-0.2948570697 1.3270771454
0.9075804949 2.1289145561
1.3372815788 1.1248693817
1.1788041090 2.2576030345
-0.0603128869 3.6878554152
1.5136239023 1.8135103757
3.5243842930 -1.5328728771
2.3518952260 -0.8259959292
0.3255525032 1.6832988629
-1.6406231858 0.5845880478
-0.5997813632 1.4664387559
2.0531299348 -1.4221505127
-0.4748081687 1.4894586447
0.9198871741 2.1542489320
-2.3255272266 -0.8164900510
-1.7093760090 -0.0497183598
-0.5174383249 1.9029390070
0.8289427057 3.2326730723
-2.6486886492 -1.0457680561
0.9362278117 1.6033360970
2.6306511439 2.4634741122
1.5734522450 1.8704868632
2.8779866343 -1.6237423945
-2.7424297543 0.2985083286
-1.3251341094 0.8335529149
-2.3339002763 -0.4845158229
-0.7998903034 1.5275704719
2.6170531882 -1.8821307103
-1.9178230360 0.3783551784
-0.0189732313 3.8953027610
2.0471074018 0.7687289244
3.0300464391 -0.8274747282
0.6047095930 3.5867343235
-0.3549608699 2.0209822294
1.0430951968 1.5718995262
-1.5418648834 0.5845587242
0.3128481628 2.8251716133
3.3456492652 -2.1664236289
0.7566748048 2.6261587853
1.1603157471 0.8144561454
-1.9470311896 0.0802325774
3.7098642453 -0.7600608532
3.3676345624 -2.4073796807
1.4952413312 1.1034073510
2.2442194810 0.6896962612
3.2473912690 -1.4783745598
0.0910778701 1.6887350255
-3.1757312179 0.2442986185
2.9612134271 -1.1161423145
-0.1232469542 1.1492574760
-2.1126939863 -0.2920515898
1.3343000064 1.8856668418
-1.0333648037 1.2926495508
-1.7087612094 0.4283789877
-2.7257615080 0.4888016222
-2.4160392531 1.3201041237
2.8632459830 0.7618667710
-3.5938222063 -0.4486199614
1.0775237626 0.8271203640
2.1381836340 -1.3033028906
1.5328724266 1.1876096030
1.4941183725 0.3052948780
3.0426995254 -1.5901093906
-0.1085784907 2.0641540496
2.4807058103 -1.8939618843
-1.6959878434 4.1008507917
0.6918205483 2.9254477914
-1.1381587054 -0.0249230176
-0.7507432371 1.8766671780
-0.8339044683 0.5081940466
3.4454767363 -0.8407110069
2.9380333665 0.8211345636
-1.4464399803 0.2681568931
-0.1216093921 2.0203632654
3.3033204771 -2.3945163191
0.2065862373 2.5255310981
2.2791667973 2.3243582588
1.8568586324 0.9962609639
1.3936845391 1.2826835382
-1.8795318594 -0.3882903543
1.0546082390 1.0780349366
1.1041088004 1.7259903195
-0.5446197451 2.1981405704
-0.3503828804 1.3501244482
2.4251283893 2.6586881797
1.1553546967 1.4881083699
1.0187288984 2.6975431329
-2.7641281813 -0.6516509530
3.0011004499 -1.3223033188
2.8034422551 -0.1956547126
3.4635160488 -1.5128858048
1.9438832126 2.3673485798
3.7251671144 -0.5717859623
3.5068117550 -1.2708468413
2.5583588014 -1.7649321013
1.2405816981 0.7116990032
-3.1013461666 -1.2547214406
3.4197862889 -2.0876564212
2.4936037592 1.9371351087
2.2462013068 -1.9992510380
-2.2620996788 -0.1681208067
2.8881208893 -1.1186983489
-1.4500729432 0.8628682841
1.8741690165 2.7624394937
-1.7774880416 0.6930658245
-1.8214660926 -0.2798859461
2.7749735281 -1.8151027201
-1.8840327644 0.4507700157
3.0843524934 -1.1415928285
0.6587710264 1.7314779900
1.1736855246 1.2728927723
2.7328385375 -2.2136849733
1.6510215573 3.5479908716
3.1158316269 -2.0584271217
1.9843901293 1.2946848790
3.0092367420 -2.0560802964
3.5260754839 -1.5040149797
0.6493417960 1.6635458326
3.3714887879 -2.4511113337
2.5829775170 2.4320476280
1.0942527298 2.2408034117
3.2482115280 -1.2970053234
-0.9731042201 2.4571198308
2.8278237491 1.6083889285
2.9383528093 -1.7293675991
0.8540229569 2.6198373825
1.9790601980 2.5485028743
-2.2814512422 -0.8160596122
2.1952517002 -1.8098346618
2.7588555651 -1.8525322886
0.5291977227 2.8030964065
1.2085175258 -0.9801335604
3.0660395306 -2.1397761345
0.7837469601 2.6814477150
-1.6593039125 -0.5585205328
0.0598610392 2.6494214458
2.1257257046 0.9470526675
0.9421319366 3.3990883353
0.3719423487 -0.0915097588
3.0975827225 -0.9732985938
3.1411208629 -1.4098390734
3.4128498846 -1.5231046630
1.7005883831 0.6928482336
2.1309157163 1.8310752235
4.3653349037 -1.8774621668
0.7469528603 2.0079996401
1.5571021338 0.5874171471
2.4710932893 -0.3896896276
-1.8819471256 0.7748433194
0.6361714377 1.6855617604
0.8595403188 1.8392975335
3.1569961277 -1.5310898415
-2.1820180428 -1.2395643218
1.9436190062 0.8409610244
2.1772279912 -1.7354250872
4.1014378380 -1.2044396029
0.6672969258 2.5927185108
2.4760566082 3.4108259160
0.9209742730 3.3002950352
-0.2195866576 0.7621254229
3.5147648578 -2.2344748577
0.1502109726 0.4583067557
2.5776495845 1.6973701681
-1.6740635650 3.0264967960
0.3811009677 0.8447609378
0.4964049032 3.0729223165
0.6411105678 1.0626636653
0.5223253960 2.3249562504
0.9398855982 1.6860847830
-0.1657451535 3.2927843538
1.3713388665 1.8118108046
0.9064824516 1.9266980261
2.6260836949 -1.3885367660
0.4670850364 1.9589664356
3.1665582304 -1.6460090076
2.6577628466 -1.2584641224
3.2563004252 1.0147086596
2.4702603464 1.1526241525
0.6130749816 1.2408528573
0.1703329624 2.8109965221
4.0606843612 -1.4796139868
2.7025052847 -3.1527200455
3.4905435564 -1.1261074814
0.7575188548 2.1967498392
3.3455604667 2.6077806678
-1.2148734287 0.5004881049
1.7957020121 2.1787077517
3.0849639033 -1.8634133969
2.2330393852 1.9655461066
1.6738703285 2.0837061351
3.3312598487 -1.0151585652
2.6026273542 1.5737432181
0.1054925203 2.4469002857
1.8784964151 0.6270881352
1.5959027607 1.4911704334
2.4559025495 -2.5017974945
2.6979158743 -2.0121973955
2.3349568490 2.5945066329
-1.5530460632 0.0840744549
3.5457546200 -2.7167424725
-1.8391528612 0.6050362910
0.7917446439 1.2396878396
3.5409698058 -1.2623758564
2.9776230815 -1.6559178561
-0.1021616533 1.4035596223
-0.5404746218 2.2959804004
2.0573631262 1.8180847717
1.1334233403 1.7255370726
2.4528600510 1.2016043463
2.8534537360 -0.4579935904
-2.0685769595 -0.0115342825
2.5836216681 -2.1734171164
1.0722775267 1.9537915744
2.8788172654 -2.4948422411
3.3755490376 -2.5299546721
1.6558907022 1.8145418435
0.4165748399 3.1846000515
-3.1135690958 -1.9590535722
1.9226279720 1.3635981118
1.2728982718 2.1312763620
1.2608440087 1.5334696435
-3.9206102909 -1.3382285565
0.9403572483 2.7506132713
2.4866908110 -0.2754202433
-0.4154532268 2.1898814437
3.0442686016 -0.8845959685
1.2442818966 1.4056645591
-3.2743196316 0.8676585859
2.4597444622 -1.9731929273
0.5250786344 3.2232890678
-2.3892373839 0.1046687879
1.0897871152 2.4860216763
2.4988076157 0.0991159600
2.8792200856 -2.0810190802
2.1212043197 1.0940715176
2.1453457044 1.7954351089
1.6522370660 2.3193550428
1.0577881784 2.5638474724
3.7097801010 -0.9277462315
3.4959278376 -2.4166174346
3.5056633329 -1.4243226464
1.7626106736 1.6773863077
2.5690558605 -1.8197422951
2.1123153308 2.0084994559
0.6996008179 1.5311308045
4.4372624083 -1.5957606055
0.8061340325 3.4682666112
-2.1134270300 1.3703565195
2.2491453201 1.8330932443
1.3841825681 2.4486095281
-0.6064851399 2.8272975280
3.0558729680 -2.1292841287
-2.2661847944 0.5018171192
2.0309263336 2.2542711866
1.9465056916 -0.9491402760
0.5821813727 1.7809711586
2.1836378032 1.6434193064
1.6665163513 2.3539945191
1.7925357208 2.0428724239
0.3931957808 2.6027790608
3.4961957866 -1.4281904213
2.0240092992 2.5046675030
0.9686992292 2.5235686719
-1.0308977641 1.0768297364
2.2156463633 0.0348052206
1.0592936008 1.8270589823
0.8717422751 2.0307197280
2.7953663817 -1.4607223065
-1.2428452272 -0.5627215864
0.1225566556 1.7818779220
2.7517863982 2.6263660941
2.9098688677 -0.9637036858
0.7472408692 2.1554135243
2.3432741111 1.3683114041
1.3860200541 1.7831444759
3.7505971006 -0.7485727337
1.6330307446 1.3506866205
-2.8652490055 -1.6806824343
2.9080136374 -2.0042730199
0.9574269254 2.3573191948
2.5531999477 1.9774355512
-0.0318796494 1.4736163271
-0.3599448634 2.2617994134
-0.9840536164 3.0975881112
0.7648998052 2.1712376796
-0.8474722251 0.0522638987
2.2637626759 -2.0094149882
1.2959687142 1.5959786956
-1.4473821176 0.0732034226
-1.6443254145 0.4313321110
3.9054319063 -2.0276752456
1.1202639970 1.5412346563
3.7924390668 -2.6092698064
2.3584058204 -1.3062861641
3.1399754805 -2.5373073958
2.6792461524 -1.9087660951
-0.6240734851 2.6055321163
3.2127455927 -1.6206191593
1.1951448977 1.8621314685
2.1392838825 -1.7887406960
1.2693631462 2.4036580201
3.1529241224 -0.6188956273
3.5048701320 -2.3874680348
-0.9110475204 0.5691814742
-0.2162491910 2.2538206253
3.6191433482 -1.9156243071
-1.2283397438 0.5427939104
-2.5605831806 -0.8444826714
0.6215351872 3.8587480257
-1.9516796516 0.9971861037
-0.7918842169 2.1069699647
-1.9232321874 3.4976730287
-2.0123603289 0.6246575007
0.0399563938 1.6982094667
3.0309149105 -2.6790365928
2.9249499462 0.8946432721
-2.6240032267 0.0445526075
-2.9287897409 1.4187751585
-3.4548686444 0.3540558316
-1.5447078680 0.2891480225
-0.8305322339 1.4029536040
0.0391824260 1.7625282283
-2.6119581875 -0.1153160831
2.6174672939 -2.1213562737
0.9291823330 1.5741884222
2.2118125241 2.7873330644
-0.8827040166 -0.5480876577
3.5139519041 -1.5869957666
2.6557558435 -1.3729050998
-2.4531418799 1.5717548319
0.7381901758 0.5607491265
1.0627799285 1.6674765042
-1.4920543992 -1.7339652450
1.5725277376 2.5948680598
-1.8755644158 0.7269889702
-1.5902450800 0.4973385184
1.2273935224 1.0183086506
2.6800052085 2.1613615572
4.1265731499 -1.2911314177
1.6050073642 1.6922178443
-2.7984962936 0.0190422034
2.9471474276 -1.5516939333
-0.7169084933 3.8241009790
1.3387211445 2.2399608853
-1.3502162702 -0.7921929171
1.0846176253 3.4746641680
2.7004487929 -2.1387450391
2.3347668682 2.6690346451
2.0889053836 2.3615261125
1.9143041257 2.0337133745
-1.1971296891 2.9795664538
3.2439817505 -0.8314711786
4.0279997733 -1.0646450617
-1.0273364473 1.9321633753
-2.9033971322 1.2915351228
-0.5827062620 2.2999662734
1.0047294348 1.7618638533
0.8489422136 2.6018378759
-0.3686731571 2.5917640138
0.8180923992 0.0498256094
3.2526413216 -1.5773701178
3.6930291551 -1.0875152968
0.7069825449 2.2055472543
-1.1670732954 0.2858830653
2.4901376381 -1.3950922602
3.7182442733 -2.0658395848
1.1451764007 2.1059304819
4.0184683455 -2.8030842332
1.9867443980 2.5857584514
2.4834551573 -1.7707669282
-0.2943886012 0.1848466276
-2.6034386056 -1.2582211313
-1.6885697998 0.4532666378
-2.4850166079 -1.1450705023
1.3447839219 1.2004887633
3.1934710495 -2.5193378581
-2.3665335124 -0.9624102736
2.1405674061 -1.6240127377
3.2211014383 -2.9722296738
2.7509717204 -2.3741058228
0.0427532840 0.9923924082
-2.1097569116 -1.2178577628
1.4085127993 2.7536053121
3.0478151622 0.0473984763
-2.1409571350 -1.4171606113
1.2942842055 2.6212671619
2.4299993440 -1.7352826613
1.0241192586 1.1619093186
-2.4283196192 0.6878473462
2.9198353309 -2.5096222383
0.2230259139 1.6658758281
-2.2172789680 0.9200031009
-1.3345294356 0.1501846120
-0.2246242775 2.3937356973
2.4133712318 -1.3570511308
-0.6893988797 0.6737024378
3.3286262430 -1.0106902584
0.7239849339 3.0175869955
-2.4503131012 0.9807421898
2.4375070747 -0.7198703244
2.4079641673 -1.9991508237
0.5970731303 1.8578230916
2.0106200159 -2.2838868791
2.7397790594 -1.6709472586
1.2954406693 2.6527650093
1.6712690437 2.5485956228
0.6334860915 2.5900102506
-2.1250867026 -0.1438219042
-2.2397979423 0.4356229284
2.4288055382 -2.0957581984
2.5228066769 -1.4423259115
-2.1478763177 -0.4553831241
-2.8175586900 1.6125195125
-2.5236941248 -1.4405567808
-2.8724493014 -0.5875991301
1.4114775369 1.6844740757
-1.4600620293 0.0616056806
2.8398751266 -1.6976742247
-0.9089739360 0.9546284033
1.9931540552 2.8801663190
2.0104168666 2.3790300634
1.6141713257 1.5698537682
1.1559903250 1.9002612873
2.6734047407 1.5874201383
1.0001466069 1.8048885109
1.3424313372 1.5636765907
0.1150175904 1.8725085869
2.2016320913 -2.2180143479
-0.6109354322 2.4314847084
0.1557890235 1.1223347545
0.8106560631 1.9713534041
2.5760323992 -1.4161488525
-1.9373111914 0.9614261975
2.9046496113 2.9364647570
0.0072308608 1.8319670966
0.2210008242 2.7970042793
1.6710758318 2.6871606383
3.0979573702 -2.1965929531
3.7996647204 -2.4295949699
-2.4555479268 0.2562992205
1.9232504083 0.2350370471
1.4900842517 0.3457442684
-2.2267609641 0.9257311947
1.5357781783 1.6878465507
0.5536157180 2.8047226398
-0.9161315586 0.7537202096
1.7711666307 2.7510876617
-1.2097228402 1.6292449707
2.9074242657 -1.4349528989
1.4859898789 3.0021194306
-0.3546031792 2.5444708025
0.9238281035 0.6301895937
1.5517428301 1.6981336799
3.8526329632 -1.7030040553
3.0819314666 -1.1561507830
-1.6872749736 0.9324169497
2.7952593110 -1.3559069673
1.0956177190 1.8415358427
2.5526977761 -1.4463110735
2.8503936803 -0.6623578025
-2.7667731149 0.0158040018
3.3758494131 -1.1607845709
-0.6075201511 2.9013192621
-1.8664281551 -1.6971667991
-0.5142405633 2.4895324768
1.1492641038 1.2452127108
2.1479414509 0.1484299642
3.2265350227 -1.4951060986
-2.1806608899 -0.7934635907
-0.8611914846 3.1238537697
2.4321982727 -0.9294690997
-1.1790431971 1.0786446024
2.5201780080 -0.6440271678
-0.1274395912 2.2329565400
2.9168463253 -1.8129557552
2.4742736405 -0.7359250622
-0.0115587675 3.2883622841
1.9188447167 1.6000026537
1.0636215300 0.8092061459
3.3906740810 -1.1444269661
1.3134297157 2.0813499246
0.3350129862 2.0224778228
-0.6153898150 -0.2465659038
0.5522381222 2.3994363747
1.1479526175 0.7524061528
3.0306982070 -1.5539738112
4.5062735316 -1.2203203106
0.4617847527 2.0085066008
-0.7045481289 2.6512339310
-0.7657071852 0.7061880896
3.7681399099 -1.0993905187
0.2748166051 3.2998027916
-1.6325451812 -1.6570740978
1.7178682314 2.0142667527
3.3014933845 -0.7410513158
2.0529197088 2.3674788230
-1.9780322656 -0.1048205027
2.4677335417 -1.4775789153
3.3792609305 -1.2557227999
0.7774678660 1.9208406014
2.7300820373 -1.9761752725
0.6170316952 -0.4454150907
-0.0515255698 3.6126895360
2.2072443012 -1.6431340809
3.4909729726 -2.5759163415
-1.8051633899 -1.2927919689
2.2121653553 -1.3506496628
3.6088722424 -1.0115158496
-2.3480694565 -0.5483884960
-2.0650202001 0.5950624602
3.5245038749 -0.5242307318
2.8337227077 -1.4284861428
1.6250801892 1.2466311094
-2.2735907309 1.9960881213
-0.9462509792 0.8236059217
-0.2641300570 1.7484079122
0.3751991221 1.2382212973
0.6563988724 2.4884420055
1.9325196860 1.5367549932
3.2280677737 1.7017123744
0.6032849558 2.9448326330
-0.2568648315 2.0801355081
2.5767942051 1.3824028384
3.5297846631 -0.2920787407
-2.0237328278 1.9748857045
2.1366988144 -1.4876771690
-1.1613881682 0.2343366923
0.8339681377 3.2512392638
0.9742231673 2.9599499477
3.4829521008 -1.3514272810
0.7536212605 1.9265117234
-1.7626534067 -0.8014133563
0.9641393860 0.6524092077
3.3220456088 -1.5502053109
-1.9435661669 0.1987664604
-0.3560034586 1.9680557775
1.7273101516 -2.1902772842
3.4617728375 -1.6802694061
0.4151960492 3.0978769196
3.2340050026 1.4993125106
-2.8158501897 0.6824713069
-2.2963983101 -0.5691395324
3.1143743541 1.9736725776
0.0555539619 2.6353608967
1.1794335730 1.1295020542
-0.4737185190 3.4203069363
0.9994313102 1.3775222960
2.6652654554 -1.8461848521
0.8149214427 2.1357945398
0.8636266513 1.7810338665
0.6899047631 2.3418534931
4.4625535613 -2.5655662257
-1.6437336429 1.2561292070
2.0146724363 1.8712857285
2.7147182267 -0.9393451407
3.0952418806 -1.4100307696
3.0957614376 -0.6305972709
1.8212731420 -3.0727535786
0.9048573104 1.3917524367
2.8069663931 -0.0254210733
1.6087183887 1.9620544723
2.7205901665 -1.5141161637
2.7995414917 -0.3944673506
-2.0698960587 -0.3867650968
1.2724705852 2.1276892391
3.2784861893 -0.4315764396
0.7322261851 1.3866854015
3.8555030875 -2.2807759838
0.3379512105 2.9101684711
3.7213275045 -1.8626899036
-0.7055989243 2.7762278750
2.9157140045 -1.3711014285
-0.6600472451 2.9659963811
2.0316676319 1.7768816696
2.1475818463 0.6023392160
-0.8824880941 2.3691089331
3.1310804032 -1.4068157775
0.7004585352 2.1363766760
-3.3122271285 -0.0153420009
2.3209533174 1.9545635664
-1.2200771545 0.0980488312
2.8277421707 -1.2656383672
1.6307477171 2.3661393242
3.8257536408 0.4810273101
-0.6934756523 1.9372669061
-0.1422026380 2.9154148871
1.1114188149 1.8326913413
-1.5801445617 0.7145334634
3.7402910299 -0.1771243413
-1.2470398466 2.5319044647
2.8467767547 -1.7067876450
1.1271610534 0.9628741405
2.8492880320 -1.7255334810
2.6936226798 -0.3091029331
3.1577064448 -1.8185921633
2.7176776915 -0.9137322875
-1.2788045585 3.8720274038
-1.5945411656 0.5107035146
1.0411630034 1.8159237023
3.3684244810 -0.9065347927
2.0898501367 0.5650515301
-0.5900930699 0.7239625588
3.2756598353 -0.1304083839
3.3428744329 -2.3116797526
0.8852384308 1.2031217800
2.2449019447 3.0738612112
-0.1884613767 2.6830563920
0.4763167327 0.9909353073
2.4718734651 -1.1954540975
1.5173364681 2.9477712861
2.7120850431 -2.0049252748
-2.1500131954 -0.1761787892
3.3935540955 -1.4167673246
3.7956153892 -2.6486731852
1.9383463689 -1.2074251807
2.4890470036 1.5946392318
2.4102473763 1.1867801375
-1.5607274394 0.7019597134
2.3165139178 -1.0824961468
1.7020873105 2.2932727066
-0.5017774184 2.8659538524
-0.0551209856 4.1269182158
3.7968990190 -0.8229484116
2.8803346443 -1.4225721474
-2.2280666808 0.0384987399
0.6671051014 1.0378294093
2.6583837957 2.2342078395
0.7367171643 1.1166179718
1.5439692764 0.0085396202
0.6777393215 2.0668563027
1.1747851678 2.4631810702
1.3632851971 1.3092772880
0.5650151516 2.6939488193
-0.5437630829 1.1189056818
-0.5687844944 3.2580635231
0.7838392812 2.8024078960
3.6036335983 -0.6580255898
1.9640217944 1.7282878336
1.1744805326 1.7539067943
2.6212246673 -0.5328589083
2.1262047966 1.1576947250
0.5056886857 2.2166306365
-0.1208729787 2.3677858724
-1.9787715131 0.3352418034
0.5754509703 2.9305752071
2.8822476556 0.4232649015
0.4941078977 1.2870580888
0.1640914034 3.2396050727
3.0192079811 -1.3094418386
2.2805529971 1.2186587468
0.8164542005 2.2533368148
3.2216103103 -0.8632400414
3.2446813047 2.2783212917
1.3571509194 0.5165771087
2.7946326808 1.4911141152
2.5884619427 2.2402972117
3.3688401499 -0.9876272300
-0.1075762937 2.0245331921
3.1700564335 -0.9321128502
-2.1444036521 2.1163178367
1.9832206351 1.4819932316
0.1420617958 0.8468282511
-0.6214749496 1.0164627670
-1.8635188848 0.1156257175
0.0270132995 3.0598483604
-1.7462715783 -0.2339781292
0.9007330618 2.3087613229
2.2152811537 2.2718824574
-0.4762344588 2.4817321391
-2.5283347608 -0.5202445704
-2.3639682650 -0.6888069684
-1.2073424215 0.4338071221
2.4649115290 -0.6868538326
-2.1701745696 -0.5389749161
0.4698564805 2.0030229596
3.5704229901 0.8412056225
1.4179451429 1.7750629140
2.5342129145 -2.5212495547
-1.7637565146 0.3616169028
1.2779842044 0.9254081100
2.2819463033 -1.7124697365
3.6501311172 -1.5982442408
2.1681526709 0.2213531966
1.0928720231 1.5717485760
3.6503323823 -1.7813531675
-1.0978976879 -0.9723881974
1.0629021062 1.2099925605
2.6847621101 -0.7111471332
0.5075026396 1.8894737746
-2.0725578585 1.0447301019
2.6132731345 -1.7319728907
2.1903457657 -1.6638859305
0.2698000212 2.3844554652
1.6654408727 1.8385732316
0.0172015815 2.9004203921
0.8154609659 2.7362657953
-0.1375094430 1.5826597439
0.2510200737 2.3133321313
0.4006394939 1.4538093346
3.2559836171 -0.9122845586
-3.2374166450 0.7671772276
1.5465548148 2.9081344854
2.4731376712 -2.3780072374
-1.3859768766 -0.9085348431
0.4735809996 0.4308494133
0.8938958917 1.0998737844
3.1043698669 -2.5930388186
2.6468284922 0.9832501495
-0.8008988583 2.2109716590
2.4284757525 -0.1096085101
1.1035717682 2.0611741540
3.6079540363 -1.2132828017
-2.6870135493 0.2700327783
1.1175824652 2.5698900248
2.8959019222 0.9018685067
1.5058105059 1.3406708113
2.7773993509 -2.2866661371
1.0600963199 1.9136222252
0.7749870496 2.1724165433
-1.5875786017 1.4840231879
0.6998099361 2.2672476053
0.7388711384 0.2927389930
2.6433542722 -1.4296266461
0.6855542441 2.1402193234
0.8848230292 2.7473894744
0.3927673682 1.7091368895
2.1074956346 -1.2194444265
-3.2636632717 0.2531247227
-1.9200745828 -0.7732435665
0.9611586731 1.2624211483
2.0556093344 0.2305721113
-0.1728123767 3.4495988644
-0.0064499974 2.1955702693
2.7795128692 -2.2816160083
-1.4911672568 -0.6760205190
-0.3782316580 2.4636145963
3.2521721808 -2.1949809662
2.8281581636 -1.0550000434
-2.0452508141 -0.1308838634
-1.5640888246 2.5551639217
-0.7900082781 2.4620936729
0.5288288128 1.6387001164
3.2049853071 -1.6155216249
0.7159379376 1.5700898576
0.8151194857 2.5958655572
2.0235026146 -0.6844570559
3.2716589391 -1.4762145786
2.2505013038 -0.5225520094
-1.2341608281 0.1018533941
-2.2545624403 -1.2118705789
1.9034406136 1.9975671055
-0.3605508454 2.2078918021
2.4960731142 0.6180146894
-0.2348601913 2.6734279095
0.4885555923 1.1624338222
1.7777399138 2.9560236278
2.1663876899 1.9789809912
-2.2084930097 1.1250870891
-1.8397786791 0.3514305912
0.1962602885 0.0120071990
1.8366501780 2.5011273020
0.5183209279 1.3377509137
0.8619954326 1.0649193953
3.3934202016 -1.5445707675
1.9028249561 2.8864555253
1.3041933663 0.4720646881
2.3539412119 -2.3389522497
2.5193210117 -2.0618647209
1.1141916074 1.3623600410
1.1821822384 1.3006907742
2.4226130115 0.3397777751
0.8419720776 1.4961279344
-1.4871116343 1.7391683749
2.9608218373 -3.0119563697
2.6779048670 -1.8285817879
-1.7574378210 0.7447374387
3.6799896703 -0.8320323399
0.8178875519 2.4206804316
2.7805446584 -0.3347136983
-1.1500045823 0.9036349069
3.1825224687 -1.8664241571
1.0382259328 1.7203954081
3.1225564355 -1.3552568860
2.6170437443 -2.3545246526
-2.7619234302 -0.6223956007
0.7875384652 1.8073677618
-0.8924864709 3.5154621437
-0.3033688689 3.7342611832
2.3750974437 1.4456667613
-0.3431143703 2.3362791200
1.8434125250 1.0960900590
0.7714969192 3.4499456021
-0.2267624356 3.1466005048
2.3238229901 2.5815918522
2.3902797772 0.9937506960
-1.4867652823 -0.4812333102
3.9640166147 1.6697054829
0.4071773748 0.4515489723
2.5312789009 -1.8095377572
1.1299569298 0.8781818519
3.3754153029 -0.2279192326
0.9650726062 1.5424071620
2.2369972108 -1.8726989333
3.1547251966 -1.5447709082
2.5627388865 0.3851806656
1.3601983408 2.9921577630
1.0157453561 2.0277386010
-1.7154711196 1.4261585083
2.8690508620 1.5066468662
1.9342768838 2.9853250818
0.5879441730 0.9174415155
-1.7498247525 1.3474872747
3.3247057611 0.1454792731
-2.8079627811 -0.2257940603
3.0542927586 -2.0885381697
3.8465516543 -1.2496896600
-1.4129211381 0.8498734581
0.7083251833 3.2544651941
-3.6615331884 1.0183866947
3.1110190002 -1.7666289096
0.1027105000 2.2265694638
3.4495086639 -0.6400116911
0.9696473346 3.6497606228
-3.8011759073 -0.4858365234
2.7376995830 -0.8471526211
2.8001040388 -0.9172296857
-2.1753280331 1.5065523251
1.7148103645 1.2430028270
2.4778329263 2.7654055545
3.0713503055 -0.8521036757
-2.3991008564 -1.7922489072
0.4012126471 1.1236168070
3.2230483778 -2.2187530051
2.8776058387 2.1958176857
-0.0170285589 2.3051870125
0.6678157090 1.2942684255
-2.1348155495 0.4692437985
-0.0611842020 2.4160945708
3.4191861923 -1.6438160704
1.7859266870 2.6360085748
-0.0386294996 2.2692465602
1.0418772114 3.4237422028
1.0758379252 1.6290422191
2.9678052796 -0.8245296269
2.4294224398 -1.2785516882
0.2382319074 1.4153318113
2.0743278133 1.4670140029
3.3372617887 -1.0255105319
1.1952887563 1.5099841075
0.2006718757 1.9742877432
4.1111960580 -2.6593904209
1.6409410935 1.6863851680
-2.9303173163 -0.2124999006
-2.0489129197 -0.0530054469
1.7158004363 3.1530022832
1.1311110975 3.5084579988
-1.7401879080 -0.4578582827
3.7842968471 -1.9617529679
3.1909015445 -2.2156706881
1.9413507287 2.3362960186
3.3595062537 -0.7137185968
1.3912336123 1.1888665727
-1.4003451460 -0.2692026667
2.6077259482 -1.6093743525
3.6332399792 -1.5645896947
3.5211650699 -1.7439028633
2.7263168769 -1.9686010885
2.2014326392 -2.3284353727
2.0678591253 -1.8220385236
-1.5513316682 0.2148651949
1.1710321682 1.6775658953
3.2637559916 -2.0764907638
-1.7642508183 0.7961044050
2.9612883122 -1.4178641911
1.1905942698 2.5752688328
-1.7115303691 0.7170569701
3.8947840865 -0.7296898324
0.9462906331 1.9311629808
1.3470463035 -0.1636274391
1.0491039283 2.4975496310
-0.2671535855 0.5650324727
2.7306231487 -1.1739632875
2.3177258084 -1.1381455784
-1.0594546281 -1.2918454441
0.6052346931 1.8606358419
0.5766488896 3.2400622591
2.7820465827 -1.6903533068
1.4767222651 0.6222960118
-2.2030134812 -0.0839440796
1.1170627495 1.3686219296
1.8586393800 1.0842801651
-1.9652784812 1.3810686837
3.6457609003 -0.9241034955
2.7929181336 -1.1867360072
2.9393598788 -1.8006520296
-2.8572502410 0.5993239250
2.8011021504 1.9834143710
0.1876097786 3.4673291505
-0.5783816665 0.9591829292
3.3804960249 -1.3892530157
0.3960399710 3.1194026336
2.6673481018 -1.1929739744
-0.0318152742 2.8769095329
2.2529269091 1.6423965586
0.3352512130 2.4068660969
3.0484862435 -2.2434148250
1.6052762585 -2.1067749579
1.5645178295 2.3364003457
0.0822397032 1.9812977929
-0.2157110371 2.8674253957
2.7363793770 -2.6770581427
-0.0878458269 0.8555505129
-1.6861593490 -0.4863858870
-2.0212951215 -0.5587008750
0.5126456850 1.0172523636
-3.0283393206 -0.2700032900
-2.9763235175 -0.0309637593
1.7272477899 3.5678636002
2.8890262897 -2.0807357500
-0.2383858231 0.8094052136
1.2124459141 3.0408868942
-0.5208000012 -0.4468438612
-2.7681118983 -2.6077147667
3.5407838071 -1.2682520711
-3.8909615473 0.3462687190
1.6433691401 2.4162523269
0.4477868330 2.3056323069
-0.1634912258 3.5992000474
3.0634270566 -1.4824255527
2.3923123669 1.4872337632
2.1457835235 0.9506832276
-2.3358123686 -1.5361205643
2.6842848358 -0.9821761031
2.3742096618 -1.1036901086
-0.6939629433 -1.4035934422
3.0482960266 -1.0053399582
1.7220974996 1.0048310529
0.2074516324 1.6501965424
3.5257879333 -1.6316287517
2.5157330917 -0.5781271477
-1.6970811977 0.9553954134
-1.1334265562 2.5693940494
-2.2195562340 -0.7652311147
2.2127815179 -1.7152951152
-1.9296445148 -0.5448088677
2.2799383437 0.9587108401
2.8336850789 -0.6726664803
-1.9904396427 0.8266902577
0.3056037121 2.5575176948
-0.7149375485 1.1437512280
0.8879730303 3.1742501147
0.6505375929 2.3517932499
1.0639499613 1.1444007308
-0.2839521031 3.2083513618
3.0749477111 -0.8712266830
0.6126107793 1.4100954843
-1.8366946987 0.5490215481
2.6430611507 0.0840651224
1.1613608273 2.4887421147
2.0082660357 1.0366525525
1.6408902880 1.9307535289
2.1570723626 -0.4414369140
-2.2969582844 0.5529881120
-0.9059102392 0.7577705928
1.7487819302 1.1487858204
-0.6363848445 4.0776646600
2.8487701194 -2.1984437786
-1.8213195408 0.0644709842
3.4681181982 -1.0299051167
3.6386347318 1.4796298168
-1.2147325285 0.4292200158
0.5660722581 1.5631065402
-1.5713682823 0.0886157923
0.3892006200 3.2674677927
1.9251056661 -0.3984883422
1.2195925950 1.4504840509
-1.8642720043 0.3756141669
0.7014419049 1.4766361911
1.4198420107 1.7659617463
-0.7933060310 -1.0648693773
0.7545600531 3.8730815876
3.9677756149 -1.1476005608
-2.5663744359 -0.2712470123
3.0179653736 -1.3947258099
-1.0480657753 -0.0012756679
2.7183567870 1.9526974935
2.4240897723 -0.8911599863
-1.2564809914 0.2912319957
0.3272316157 2.8159931525
-1.2658615537 2.7752070756
-0.5154599167 2.1975674736
2.4900204615 -1.4264625516
3.7819903753 -0.7223130708
-0.2497297263 3.6422073192
-2.4972875047 0.9213717787
2.5681374550 -1.1562433941
0.6796471172 2.5618592771
3.8624786834 -1.6485094309
0.1994742651 2.1369366102
1.7724949838 1.7150808422
-3.1936109323 0.8607767537
1.7405407685 -1.5727784141
-2.0884171585 1.3044980142
-1.4171001619 -1.5382234095
3.8079289533 -1.3510386210
3.1628184721 -0.9432971258
-2.5450787800 0.1391502280
-1.6386195634 0.8537240532
0.7356191326 2.0108300725
-2.1483936100 -0.9837213583
-0.5757014347 2.6786154612
1.2603336221 1.2801079699
-0.0328124174 3.6823743888
1.2133050667 -0.2998715785
3.0125451671 -2.4631073732
-2.8631345315 1.4138014558
0.5578715172 2.1049350354
1.8330817176 0.2996171823
-1.3716052173 0.4530797817
3.3305495166 -0.2327455431
-0.6894976562 1.5494505345
-1.9589187762 0.4231359217
2.6011341490 -1.4478577015
2.3154551477 2.1700752474
0.8740223359 1.6358642144
3.2615684131 -1.9583012156
2.3836077870 -1.0752022369
0.3988131527 2.4351317582
-2.5499006361 -0.9631537493
3.2886031417 -0.5205305749
-2.4125936980 0.3803045286
1.8299996980 -0.9634845653
1.4093809574 1.8526760036
-1.3168713768 1.6310519856
1.6030538546 1.8421621702
1.8606261155 2.5428815235
1.1066925851 1.3701016723
-1.1719718168 4.1049015130
2.8548664809 -0.9347009352
1.9534218993 1.8354636629
-2.3559765232 -0.3803943668
3.6148099292 -1.2504886861
-0.0056068489 2.6837156212
0.3914165550 3.0766064444
2.6403946845 -1.0381499557
3.1735454849 -1.5934001274
0.7972497686 0.9484762249
-1.8808650933 -0.6397665191
3.0515164875 -1.8403816317
1.1716726187 1.5218025877
2.9501028203 -1.8893998710
-1.6736091998 1.4239494552
3.7573610028 -1.9129435656
1.4170993365 2.4923032768
1.1116492503 2.3862066851
-2.1314505632 -0.4166111671
1.1706073345 2.5958559363
0.9991637460 2.1193948326
0.7828229415 1.1543876885
-3.5000092003 -1.4469892753
3.1728595391 -1.3210732656
2.0022496723 2.0273634836
3.9359072165 -0.0881899698
0.7076208845 2.0788303971
1.7686053701 1.3028067528
1.6747260482 1.0806866744
2.9520654275 -1.9996282599
-0.1068938375 2.2501172597
-2.2817672199 0.5773940357
3.5623770702 -1.4414344685
1.4668554124 2.5097429127
0.1699737721 3.7547384887
2.0295181431 2.5102690116
2.9002634734 -1.5232554631
0.0042908631 2.0732211684
-1.6330606882 -0.6234974012
-2.2186533399 0.0054164797
1.1740407009 2.7027804843
-1.7353993853 0.0787347644
1.3698193234 2.2414726524
2.0209140998 2.5226575632
0.8074988204 1.6573576653
-0.2817288018 3.4852501106
-2.2944667207 0.0059830737
3.5354633843 -1.4036516897
0.2379781194 1.2992223468
1.0242108422 2.3647196012
2.8779570804 0.1272422855
1.7188092826 3.0917908041
-0.5770496971 1.1234039750
1.5776182860 3.0023665512
0.7921781960 3.5762540657
3.2247184251 -1.6335802048
-0.6949880166 3.7516578802
1.1898105523 1.9290486946
1.2851500193 2.2481929646
2.4851870647 -2.1070855404
1.4605249147 2.6673621091
2.6711124136 -1.1774828906
-0.3794075030 2.0293059164
0.4243776006 0.5924430347
0.8710956858 2.3287424530
1.9828088761 1.1233594035
-1.5706971362 0.4576972281
1.9386548670 1.9653737666
2.3281389160 2.5983278849
2.4545165326 -0.7806401899
0.7054066201 3.3835949056
0.4582378375 1.9349975402
-0.2147027896 2.5199109784
-1.2527330545 -0.1023239184
-1.6350461443 2.8125328209
-1.2143746048 -0.2311705732
2.5895248250 -0.4584494762
2.8041091226 -0.9947728413
1.0110478457 2.0314246021
0.8999815370 1.3305935936
0.9151506810 2.9172664855
-0.0406045471 2.6106563647
3.4356034874 -2.0365517150
0.6199379762 1.7324291771
0.9318743622 2.0184246324
3.2140035799 -0.9695620448
1.8175084674 3.4033145336
1.8168644777 0.1379528962
1.0486966092 2.2897257031
1.9633199876 3.1685679202
-0.7017434081 2.1186112147
0.3211718360 1.7333659521
-2.6325576260 -1.4283272082
0.0254227700 3.0146971329
2.7671941585 -1.4007446996
-2.1687975309 -2.0433237400
2.7946244186 -0.5495993404
3.3465994227 -0.8037245833
0.4985413866 1.6357776991
1.2421152744 1.6706499930
-2.7103217907 -1.8411638709
3.0458422662 -1.6363993320
3.1288691736 -2.1294551725
0.1438160379 1.2119897951
1.4444887923 2.4111241927
3.6226207238 -0.8351902604
1.1625694696 3.0757279847
-0.9143526465 -0.5093322820
0.2681159321 1.4540135758
-0.5730601753 3.5998511064
2.1914955048 1.6350703702
-1.8766545790 -0.9068668660
0.0767275440 2.4391348853
-0.1447713610 4.0448632442
3.3556418931 -2.6456781837
-1.6657833703 -2.0436880174
2.3001484074 2.9802106039
3.3583280531 -1.6893207709
0.9970023483 2.1789148611
2.6927600405 -2.2151741938
3.9572351500 -0.0273447768
4.0717136448 -1.9526952714
-1.9821219607 -1.4052952061
0.4586229511 2.5741343985
2.2488629120 2.8000556148
3.3420373658 -0.8265798999
1.5945675386 2.0846493005
0.4716895467 1.7925811961
2.9315883471 -1.8475659280
-2.6200853879 0.2707926822
2.5221949234 -1.6535902500
2.9295126271 0.8424458160
-2.8427881122 -0.7173358956
-2.4278086641 0.5031291186
-2.2252441811 1.2830431634
0.6803610539 2.4110759144
0.8205727097 2.1541471783
-1.2182365183 1.8629646537
-3.6537679436 1.0330868000
3.3944893660 -1.9703298031
2.6594928456 -1.1446151854
0.9098765293 1.2878836984
2.9415200290 -2.0935724339
0.4913898560 0.4251900837
-1.0383372697 1.8733870826
-1.6907580740 0.0611204490
-2.1222145467 0.3945994366
1.9604277396 1.6547885329
-0.1647259512 3.0138903966
0.2921203555 1.6404966451
-0.9513692608 0.6392829783
3.6361169107 -1.1111722655
3.7931733609 -1.9817552172
1.0480053569 1.4157013020
1.7814311680 2.8367898839
2.5544507035 -1.9262095265
-0.7443958477 1.5333301308
1.0088454162 2.0542939508
-1.3821577085 -1.1293963329
0.8623882159 3.7499698232
2.9543800904 2.7086081927
-1.5797076318 0.7608228185
3.0735835487 -1.5207252578
2.5025884406 -1.4496526130
2.5980587851 -1.8243223324
0.9720433641 0.7096724946
0.7008023921 2.1971062946
2.5465469889 -0.7222765901
-2.3253961769 -0.0295286874
1.2681950821 2.2688203950
-1.1041771481 0.8737090685
3.0881882221 -1.4442077715
1.5193839833 1.4201502223
-1.9264949659 0.5714741163
4.1746698097 -2.3610811138
1.6816425146 2.5684862657
2.0039663951 0.4783783158
3.2006807915 -1.2583086291
1.8206540902 2.1798516051
2.3487002607 -1.1758830100
-1.0950471446 3.4262538229
0.0494038686 2.0236857318
0.5632336933 1.0751706533
2.1368052240 -0.5072269978
3.0679571923 -1.7960881768
3.0300491855 -1.3545707249
1.3549647430 2.1828624902
-3.1042534612 -0.2131224341
3.2262361398 -2.4276440920
0.8300819258 3.1493862085
-2.0918986523 1.1547475142
2.8251287588 -1.8029644017
3.5148763783 -1.3518770275
-2.6149736938 -0.3009104195
1.0775516591 1.0175081463
-1.6861309552 -0.2867555396
2.9119285468 -1.7339618672
0.9602143309 2.0027895986
2.5953985435 -0.8060864057
1.2602709546 1.1424354113
2.4716010934 -1.0903281454
1.9417697915 -0.9314055950
0.9885197031 2.8456673840
3.0903163614 -1.3266317807
0.2917177885 2.5007475991
1.4249314324 1.4940707944
-2.0099873820 -0.7035470009
0.9190086620 1.3428580914
-1.2264158278 2.3705632336
0.9336253317 3.7308692758
0.9296293641 1.7809127845
-2.2373539766 -1.1297602132
0.0370315247 3.0242925085
-0.7090884873 2.8594899046
2.2621006290 1.1545294100
2.8990934347 -0.8217610543
3.2909858996 -1.7414859465
2.8432862134 1.7722398870
0.3713240836 2.0857083225
-1.3098987648 -0.3456799886
0.6556954298 1.2802801591
3.9447627874 -0.7780186293
0.0411583446 2.8212125117
-0.5571540619 2.4532975167
-2.4116678175 1.1602928425
-1.0383223590 2.0618547427
-0.6901856763 0.6522180376
2.4247581360 2.6100493223
0.5800614381 1.8392983098
1.4436946104 -0.6165548868
3.8794035689 -2.2990844143
3.6945721129 -1.7263798024
0.8609419909 1.6630328269
0.7649220853 1.7515746708
-1.3157150108 0.8472681483
2.4904274421 -1.1917640777
3.4213600424 -0.8186442036
2.5199155397 -1.1410022977
3.4929567213 -1.7504567470
1.5456733882 2.1583918885
2.5905763955 -2.0443307943
2.6680811804 1.2572267773
0.5004046311 1.9752524165
-0.1273697442 1.9663282313
0.5923074707 2.8022315446
2.2232564400 -1.7531585921
2.9234529307 -1.1879635378
-0.2458314438 2.3733229488
-1.6964054858 0.4895020681
1.9693360635 2.9502896953
-0.7950868972 1.3941995098
1.8661363951 1.1891007302
0.9046323238 3.5314054439
3.6905396166 1.8696601440
-0.4703683551 2.5981255662
2.8556137127 -2.3959806197
0.5098397190 2.0879521242
1.1466733696 2.3588755153
2.6282957611 -1.6842645338
3.1751917879 2.5954314141
2.6332055742 -0.8223399028
-1.7598601543 1.5905039527
0.5182322394 2.3345297094
-2.0321256008 0.3576556949
1.8606116163 -0.9402295233
3.5260037526 -1.2622150948
2.2753202607 1.2355191165
-0.2253904408 1.0802121222
2.9218852276 -2.1417353678
0.3244235571 1.3976174383
0.6742713294 1.3488601938
1.4045800368 0.5257432184
1.8931660147 2.0174199122
2.4100074196 -1.6055134783
-1.4507937987 0.3697863595
3.0367337347 -1.6474120809
1.5103050195 0.9649094430
1.0537535576 1.0629329041
-1.1613121702 -0.2074285965
3.3688831797 -1.0758047649
2.5875237160 -1.7897026639
2.4430684793 2.0840507879
2.0979502211 0.9720699140
0.9357975056 1.9238945914
0.4652779507 2.1329228989
3.4405635973 -1.5692010967
4.2693552619 -1.7714203951
2.4167055983 -1.3359815229
2.1141486845 -1.4192087699
1.3763912960 2.4315439088
0.7393006181 2.4435374069
-1.4592763645 2.8007061883
2.5186287188 -0.8285471416
0.7669474665 2.0374890571
0.5969107163 2.3577111536
-3.1335852228 0.3506413783
3.0872592212 -1.0938486749
0.1253637683 2.7688082675
2.6497783589 -2.0694714542
3.7509459231 -1.0921015889
-1.7235814134 0.2380216934
0.4772619347 3.5294941376
2.3052710772 1.7424708707
0.2234814125 2.7406132511
-0.0552210937 3.2855717708
2.6617921999 -2.1908053475
1.5637032578 3.1704481625
3.5384871065 -1.4622435091
4.3718222245 -1.5301826664
3.1454479597 -2.2079976089
2.2925550188 1.9429107500
2.8145022833 -1.4499783537
-0.8097861807 0.5782897945
-0.1148360797 1.9373262566
1.8810238827 1.1377299135
-2.1300193139 0.7500083723
-2.6209334773 0.0331682534
1.2351206795 1.9225643192
0.8750687718 2.4932394460
-2.1990818897 0.9749695571
-2.1917677174 -0.2623575366
0.9758106444 2.5553490628
3.5827021733 -0.7386293203
0.1993910044 1.1998046830
2.2775848087 -1.5685923123
0.9993271453 2.7830804011
-2.5454979961 -1.5416317438
0.3080771975 1.2680453335
-1.4266626384 1.9966638434
-1.1052884404 1.0944957335
2.8831436993 -2.1182417360
-2.1219067127 0.2032766466
1.1763130122 2.3231068928
-2.6699353143 1.6507722931
1.9635296982 1.9509441447
-2.7188150304 -0.8709334436
3.4165053102 -1.2222786388
0.5720530793 2.9950402912
3.9010215836 -1.7188102289
3.6561177567 -1.3653959243
-2.9571319857 0.4552354413
0.8791995055 3.1542660129
2.3963580442 -0.6221166969
-0.5866346455 1.2510957976
2.9381703242 -1.8078655432
3.1077173754 -1.1076693469
-2.0186640820 0.0536043823
1.5419277249 -0.2127176649
-1.8473618572 -0.4146912128
3.6055256509 -1.5337746212
1.6427028323 2.7439685214
-0.0531994278 1.4161024330
1.3346951363 2.2949981090
3.2222794535 -1.5021612955
0.0012292002 1.6669441943
3.1682548157 -0.5206751150
-3.0916265507 0.8758957158
-1.8852195416 -1.1075171667
-2.5854240117 0.6164659185
-2.5934506869 0.0239160483
-0.0928288389 2.3661490696
-2.0022493383 1.4133190642
-2.7745551161 -0.4353029769
0.8975601190 0.5574409795
3.1861866976 -1.9232636281
3.3329169225 -1.0921108938
2.3085903356 0.2265785314
0.5424713571 2.7809525188
1.3009399936 1.1448919548
-2.7520507189 -0.2639893388
-2.8459075177 -0.5481610230
2.0531953472 1.9117504129
-0.1079322377 3.2938520687
1.2190195465 2.9772879051
0.3231630962 2.5019164269
-2.0027650148 -0.2830672900
1.2646643546 2.7170966331
0.0294549788 2.8272379483
2.8983925490 -2.0865802073
4.1843957228 -0.0476397662
0.6477546222 2.4977408645
0.1757444329 0.5594119416
-0.5352374051 3.3944866836
3.4197421296 -2.1697810980
1.3581275889 0.6823334924
1.0409755240 1.3277253473
-1.3773336100 0.6904980034
-0.3370343169 2.4708515824
2.1031871282 -1.3868157522
1.0642810920 2.8953944550
3.3252181697 -1.8121479215
2.1987222469 0.7751740392
3.2853094649 -2.2643346369
2.0289473261 2.4577319105
0.9981908356 3.3027495273
0.6983289998 2.5719896218
1.3765846293 1.2688954888
-0.4102789957 3.1122944497
3.6907859073 -1.6199493677
-0.8493968855 3.5767253953
-2.4196860178 -0.5003416173
1.8560325081 2.3572127678
3.1421300910 -1.8607659592
2.6438295033 -1.6739284660
1.6363219172 0.8254763281
-1.0033803744 -0.8504106853
-1.0040026535 1.4634341438
-2.6497012519 -2.0607997589
1.4157620271 1.4128302170
3.0153250349 -2.3934239892
2.2553682036 0.1220539111
0.5868130497 3.5090440613
2.9787508265 -0.3699197403
1.2546552640 0.6495247573
0.4315960347 4.0165381083
2.6808394752 -1.3068414515
3.7974596406 -1.9557617404
1.3706332480 2.7092200805
1.3767146580 0.8912490386
-0.2086828695 3.1121907307
2.7750619913 -0.5902131261
1.6404358730 1.9774809625
-1.9212340293 0.0585041797
-0.2842386108 2.8225013894
-2.0607720393 -0.1873216274
2.5624685689 1.4396862645
1.9281674819 0.8651997384
1.6666573610 2.4615384257
-0.3903467055 2.2907547391
2.6673720367 -2.4929633645
-2.2765322682 -0.8103127495
0.9606403438 1.4097873013
2.1691930388 -2.5337720046
2.3114132674 -1.1902801763
1.3409829007 3.0194855161
3.4829862110 -1.8142066957
-2.8221817269 -1.2391606143
1.7279130866 2.3666536951
0.3275209972 2.9026959179
2.6602936788 2.1819086724
3.7852393958 -0.6273219947
2.5203163352 -1.4525799178
-2.8738790664 0.4533912426
2.2105824741 2.0582285096
3.1704990439 -1.6492578516
0.6701005697 1.7790159612
0.9580179837 1.6926320383
-1.6729637627 -0.1855033781
-3.1217386210 0.6059694295
3.0388039235 0.8655495844
2.3731680863 -1.8517120099
1.3750420864 1.4129936666
2.6118027110 0.3230276643
1.0256205650 -0.3295123474
1.9952241738 1.5719257158
2.1437545388 -0.8377187657
1.7342439709 -0.2266487253
2.6215940990 -0.8952909160
-4.2971192671 -0.7388214117
2.5839641809 -1.3167188420
1.4208287369 1.5385619927
-2.1974578743 0.2056303553
2.8560123480 -1.3826365501
-2.6736839077 -0.2148886565
1.6443778336 0.5144814170
0.3184835034 2.2771214519
3.5097862691 -1.6691391552
-2.5535779744 -0.4914124057
0.8810362924 2.5395185567
-1.8017472483 0.6576961714
2.0904941825 -2.4985618511
3.3743598149 -1.4424117517
2.8527845792 -2.1371323128
-0.4613216715 1.9658714595
2.9881214032 -2.2998410815
1.2005356488 2.6590735176
1.2480788931 1.8911048888
0.7720696419 1.8632580838
-1.1994853519 0.0980496855
0.2671304906 4.1451797141
1.9219912351 -2.2794460977
2.3973358608 1.1448520953
3.2277549939 -1.3726757653
-1.2194193898 2.4128290571
3.2877066751 -2.2789064723
0.0597768634 3.9726053898
-2.3421474028 -1.3363004619
3.1510874528 2.7706963188
0.5998998852 1.5987274965
1.8396327225 2.0095681733
3.2848388875 -2.1858619049
1.8986820677 0.6977374253
-2.4894803351 -0.9418577089
3.1575982735 -2.5986068838
0.9937979751 3.6432173714
2.6746950232 -1.5778030822
-1.1312810904 1.2754616613
-3.0123019375 -1.4170261202
-0.1783143117 2.7253920078
-1.3946773259 -0.0125266131
0.8829454566 3.5544199121
3.8361905760 -0.9515031775
1.4829408751 2.9730745207
-1.9343086563 -0.0475434494
0.4434824519 2.9874555367
0.3490505040 2.2711390835
2.0070450233 2.1549891209
2.4611323053 1.2233169931
0.7557482402 2.7688202589
2.2424392810 2.5688170549
0.7882334351 3.4567200785
1.3031536291 1.2196486769
-1.9819222404 3.9072996891
-2.4146033329 0.5804867616
-0.0646975026 2.4922561222
0.5656348279 3.3194776024
-1.2146307365 -0.8646838908
-1.4771184169 0.4556494420
1.4076595478 2.2516339902
-1.6753345647 -0.9024191845
2.2867121602 0.1208374715
2.3864937313 1.5360969577
2.7333895781 -1.2667131987
-1.2573259329 1.6864959873
-0.3098997231 1.5291394980
1.2698427629 0.8923035011
1.7931790324 0.8594477011
-0.6124912866 1.3267414622
0.6105044028 1.8999449819
-0.6662446101 0.5307037705
2.7963897220 -2.0909203582
0.1090579127 1.3585250499
-0.0873565702 1.9112108730
-1.1051865767 -0.5536958262
0.8546714777 2.6443128961
3.4202595671 -0.7175488343
1.7338712645 2.9642589507
2.6709173917 1.3381121483
2.6728210266 -1.5567124586
3.1986818383 -1.2879574298
0.9337159611 1.7280995377
1.6958218233 2.8652891138
1.1964736474 0.9768872955
3.1622888365 -1.0958909918
-1.3405603556 -0.3918591183
2.8798593822 -2.2286528332
-1.6574532431 0.9806388763
3.3328880402 -1.5294664687
3.2426542958 -1.5419570596
1.2738844030 0.0712874997
2.5595806372 -3.0189868190
3.9511345308 -0.9830076624
3.0038401391 -1.3480682745
3.2203927804 -1.0532495502
0.7640572150 2.2430258116
-0.1512441540 1.6244161088
-1.9789824675 0.4052278131
-1.8940287221 -0.3974702496
0.5777144262 2.9642461489
4.1677708482 -1.3086417612
1.6749424258 3.2543647852
0.6239677605 1.9691221651
-1.2648294629 1.9724021559
-0.9133758966 1.2196878439
0.6271603579 2.7392049662
-3.3472646658 0.9032129226
1.1348173865 3.4435272015
0.3870399558 0.4629361826
3.6964325889 0.0659290012
0.4528844417 3.1672183100
0.2928400511 2.4131927626
1.5362501456 2.1745071120
2.1810632904 3.1380709589
0.3280997257 2.6357474003
1.7909345847 1.7644137611
3.4602028302 -0.9057349995
3.5001933781 -1.6339314566
4.3175210185 -1.8655791592
1.7058585340 1.7355097436
1.3541830917 1.0726489969
2.8849395342 -1.8163290152
0.7777210033 2.7661479742
0.4971512580 2.7087962773
-1.3561812502 1.3135835928
2.2913404313 1.3176428935
2.7397380919 2.0053499591
2.5330346203 -0.3205837046
1.0352900072 2.3919382333
-1.2905239061 2.7760493153
3.2267728684 -1.7980927926
4.0435941489 -1.1038115503
3.7732851159 -1.5022105149
1.5428351613 2.0471263341
-2.9322842518 -0.0998882214
-0.3105235315 -0.7839345789
-2.0065300765 1.2193638679
3.4500086776 -0.6621351944
0.8887331765 1.4254533367
3.1411350388 -1.5943445947
1.2050069851 2.3921306457
0.3182027359 2.1665904025
0.5600901917 1.8340385712
-1.6681592450 0.4111069862
1.7892437903 0.8451229291
0.7561460502 1.9282527067
1.4383631926 -0.0424869472
3.5052775744 -0.7592587019
-0.3113416204 1.5560882780
1.9161947451 1.7050705675
-1.2154896417 -0.2112813742
3.3152979672 -1.8715379118
2.5690444264 -2.3710109986
-2.7068931823 -1.2738299746
2.5570569819 -2.0528021218
-1.8774525294 0.1226530021
1.6990731141 2.1913483234
1.1684732593 1.9757310870
3.6616016898 -0.9658479185
-0.4751318728 1.8829119806
-1.2755828090 -1.6506884200
3.4939935312 -1.8133665149
0.4398786588 2.9939390579
0.7195478206 -0.2475834295
-1.8532285642 -0.0209015049
3.0341659031 -1.5435962666
-2.7264870128 0.4920878126
0.4469055337 1.7836222646
2.5862285304 -0.9671921901
1.9559992559 1.6093769839
0.4448639373 0.9419197356
-2.1877611720 0.2986593696
3.0063384042 -1.9989137684
0.3384526985 0.9761047297
-1.1877351300 0.5617407199
-3.2415908131 -1.3701152991
2.7778879567 -3.0719208830
-2.7168317587 1.3236397759
3.1392494588 -2.4987396018
-2.3967314246 0.5508784257
2.7922540437 -0.8363270719
3.1029485711 2.1381184901
1.0414082819 1.5281703824
1.3129981573 1.1178178621
0.1043516040 1.1218997766
0.8667346103 0.9971964328
0.7882679950 1.4191215966
-1.6120932454 -0.2110355646
-2.8220251831 -0.8838562573
0.9169292218 1.9451073396
1.0709896071 1.7929924391
0.7145582057 1.1710836538
3.2412226228 -1.6250024307
0.2380169148 2.1088174697
3.1159374350 -0.7262223640
1.0232170712 2.0420864473
-0.3282926500 2.0582789577
-3.6486750479 -0.1977268844
1.5489971811 3.4339625325
2.6716231445 -2.1363703721
-2.2324607886 0.4443528371
1.5182904170 1.2949680391
0.2378976368 1.6363810630
0.0810136104 5.0633874549
0.7318570615 1.3977621474
1.7879500539 -1.7347505112
-1.9097969342 1.1788420354
1.9650479310 0.0106827951
2.6132783177 -2.1655045657
-0.9715807231 -0.9800348052
1.6126358100 0.6661730279
-1.3432149563 1.3726481543
-3.0306293740 -0.8960538773
3.0703566489 -1.1294484965
2.5564869711 1.6626321070
3.7235271604 -2.3818760814
1.5900017573 2.2135899706
1.0739267372 1.2836672761
1.9048930409 2.2095114843
2.3978644910 2.4823219393
2.8571988742 1.2896273723
-2.0804771158 0.0153041341
0.4486180039 3.5485320758
0.2055961036 1.2342394862
-1.4617530712 -1.1718271285
1.2743095533 2.5499679596
3.2801611844 -0.9481804399
0.0291048838 3.5869943894
0.9403385838 1.9681396350
3.4877296239 -0.6105575659
1.6389477400 1.6212028196
-1.7420283568 -0.5128619165
1.4011011679 -0.5826327999
1.7583248751 1.5717438941
2.0148486654 -1.2266890042
2.5511495040 -1.0473329470
2.2857721208 -2.2304651901
2.3817265745 2.8193784023
3.7225533870 -1.2475302899
-1.4262739513 0.0816183341
-0.4826767586 2.2820611240
4.1184112358 -1.7160397353
3.7721361134 -2.3017191356
-2.2133373904 -0.0580396742
-0.4737576492 3.5048047924
3.0242307624 -1.0469113688
0.5089151797 2.2516159547
2.8837964560 1.4432491636
2.8271728311 -1.0114726278
3.1379919315 1.2661904708
3.4499443773 -0.9031482704
2.9715470859 -2.1095536799
0.5850801457 2.7601507705
2.7702220473 -1.5816936790
2.5009705074 -0.5638749189
1.4097099602 2.6118842554
-0.2809220820 3.7559486547
1.0013050779 2.8944288418
-0.6053223414 2.3608489756
1.1466216714 2.7931898136
-2.5143912479 0.1808640710
2.3750894748 1.0107152854
1.0948235266 3.1560457589
1.1172989460 2.5549148252
0.9437235090 3.1929270512
-2.9539787805 -0.8588384066
-1.9221528642 0.3382056499
0.9651295454 3.3200621963
0.2752656280 1.2590055343
2.0854724665 2.1548809682
2.4231968773 -1.9539828524
-0.9148210184 2.6413600581
0.9579467670 2.0714264467
0.9047655182 2.6886551257
-1.7649999759 0.5030211819
-1.2391230372 -0.1001133029
-0.5578232068 1.3824668187
0.7419397632 3.3831297468
-3.0489103959 -0.2599221298
2.8667632646 -1.4393123433
0.7910783284 1.4418907280
0.1937991975 1.5225241869
-1.8362366416 -0.2775477236
-1.9422708857 -1.2027775044
-1.8123473930 -0.0602800245
-1.0393513280 0.1287163986
3.0438286751 -2.1704276943
3.0532663871 -1.3128415123
-2.1719346366 -0.5884235969
0.8031538835 3.4373504737
1.0333865645 1.8599945577
0.9243647383 4.2372635999
2.5151023948 -1.5984136665
2.7569646142 -2.0385301710
3.0351219996 -1.5848770098
1.2203188846 0.3332455929
-0.3739532092 1.7594690001
3.2691875429 -1.4196437574
2.6202389772 -0.8297057064
0.2079038360 1.3784644328
0.3692507243 3.3418364867
0.3653645099 2.1004817133
0.4343965561 2.4960865854
-0.6645881963 0.8981173563
-2.3011893118 -0.5028615418
0.6232330588 3.1181978267
0.9931016279 2.6521187656
-2.6468998223 0.3868790022
2.5655405210 -2.5991819585
2.8815390707 -1.9545768965
-3.0923002597 -0.6247303523
1.3937786765 2.5326331371
1.2409757866 2.4346538506
1.3631271872 -0.0320631463
0.9377087464 0.9135388281
-0.8827115870 0.6435807581
3.7405252366 -1.0125983412
-1.6077909980 1.1454375918
0.8483365943 0.8965739174
-2.0961335063 0.0778361591
3.4624907226 -2.9301741661
-0.5487884604 2.6018553376
-2.5637925599 -0.2220757824
2.6759709243 1.5611892788
0.5506596349 3.2280762603
1.5590862123 2.7624829432
-1.3273537778 0.3720026790
0.1028389085 2.2390755455
3.2785353467 -1.2610745914
3.6934663927 -2.5594714241
-1.8233114491 1.1807986928
-1.5353155798 -1.2318352011
2.5361664614 -1.1351617701
2.2652880016 -1.5709126075
1.4928069203 1.5188626318
0.3277442952 2.1550398049
-1.1195243360 0.1546361835
0.6935442190 2.2303150880
1.4919093556 0.7162856979
0.3950583578 2.1639277041
1.3643395467 1.2588934028
2.6195242877 -0.5973521980
2.7739981227 -2.7285464945
3.2742551816 -1.3256569548
2.8374715057 -1.3415562937
0.8301991729 3.5137541934
3.1271730636 1.4686470253
-1.0696086278 -0.6554837878
-0.1460807600 5.2037400428
-0.3396203777 2.2995514792
-2.2280427440 -0.6191199388
1.7542109208 1.2141185096
-0.6323366207 1.1970326692
0.7886672695 1.5751590263
3.3324034980 -1.6582403759
0.6786841240 2.3136065411
3.2676684657 -2.2772523203
4.2106367014 -1.5717555312
2.0827776601 -0.7276551555
-2.3000514191 -0.5239168627
2.8647313083 -2.1929773846
-1.6736471978 -0.5677898998
2.4585129476 -1.3231025966
-1.8819140007 -0.7206922883
1.2676590630 1.3595844207
0.8124978794 2.9950315879
3.1432370719 2.1563834399
1.9305107259 -1.7814562995
1.4562602447 1.2824773068
0.6346384367 1.9786169771
-1.5752423094 -0.3023376271
0.1930842733 1.7052716231
3.4621799464 0.9851384162
-2.1126805977 -1.3692931115
2.4890045020 -1.7298868061
-2.8620486211 -0.2967633242
-0.2101034845 2.6765962356
3.1502396659 -1.1376140701
1.2223389349 2.1217429891
3.2617956834 -2.9447844288
-1.8468226648 0.6102848619
0.1233759164 1.3769933856
0.6695494376 1.8571487291
-1.8415317655 0.5058203746
-2.1823617296 0.0680920575
3.2618688936 -1.2654170850
3.1028412106 -1.0553003058
0.8792742441 0.5594521098
0.3078852538 2.0558932157
0.6813340747 2.6296796348
1.4061476525 2.1341392811
2.6078614511 -0.9072600089
2.6601681691 -0.4618570776
2.4091841772 -1.7681141053
-0.5861179932 2.5013149135
2.7718274710 -1.6890885630
-1.1216977896 2.6398659479
1.0798097700 1.8816288650
1.1479325998 1.5823221621
-0.2575406917 3.1965209426
-2.6204066503 -0.7513250998
2.4490153425 -2.2978288544
1.9479784161 1.6981602424
-3.1068766923 0.7605760426
1.6239588134 2.3032991692
3.2477963916 -1.7105953701
-2.2745837672 -1.1210259618
1.5067753526 2.1095188580
1.3667267704 3.1677199317
3.2041571896 -1.7176371256
1.1596970290 1.4963903339
0.4573524044 2.2793005485
-1.3304718169 0.3545697613
-0.1323215017 2.4901508899
3.4817229114 -0.8908679394
-2.4769793459 -0.8345267803
2.7722581095 3.0383581843
-1.6895494145 1.0396271496
1.4102411143 2.2686619630
3.7121422997 -1.1998982644
3.4713855546 -0.1031045834
3.1222222910 -1.7689431858
2.1550796279 0.7331107576
2.4227850933 -1.9354361885
-2.1748240717 -0.1240921183
0.9385086843 1.4714462075
-0.8287852929 3.6720519075
4.1658616911 -2.2702078428
3.1522433968 -0.7323072816
1.9555769494 -0.4926709176
-2.2127536908 1.0001415659
1.6206002281 1.8287013420
3.3559876429 -0.7414229441
1.7869151161 -1.4060586185
3.7637645106 -2.8210358816
2.6914714815 0.4643885396
1.5099846649 2.0108900464
2.5900977321 2.4788906108
1.8987850617 0.0122029652
0.6567425187 2.2713446491
2.9661795383 -1.8413969543
0.1155016209 2.5315040778
0.7967244296 2.9148179150
2.5222289780 -2.2219053704
2.9071775374 -0.4990020553
0.4231136068 3.1231927686
4.1438938109 -1.5973972049
-0.2249962736 2.8168282554
-2.3921091962 -0.6070295173
3.1536795537 -1.8807596702
2.7559256751 -2.2321779565
1.0278504727 3.2620014563
3.3831973166 -2.5059902962
-3.0014857411 1.1861392073
1.3371483972 3.0174667352
-2.5939311810 0.1796492126
3.1819734208 -1.7211672434
4.4914275894 -0.2291901192
2.7644119021 -0.9644333938
-0.0095557446 1.6931608271
2.0575991542 3.1921399460
-1.2522700380 -0.1022825315
-2.4721797119 -1.9724423616
1.6730850047 0.7666352684
-1.4450556237 4.3087469421
3.5752878756 -0.9672816006
1.9006943194 1.4676715211
2.8884117459 -1.3842355591
0.9366827990 1.4333495086
-1.8454793450 0.5455010518
-1.7037021817 -0.2536065405
1.3761716664 2.5107052843
1.3247297147 0.5867030772
1.0155368400 2.7943185685
1.0961835141 1.4455198664
0.2162921261 2.8524819898
2.4932674807 -0.2511566950
-1.6269472695 2.2804866394
0.8924885071 2.3360260607
2.2512447065 0.4124256392
3.4231979351 -1.3848379146
0.6672636246 1.5339150875
1.0952725550 0.8102253924
2.7962811182 -2.2987364852
2.6258627740 1.6446188181
-3.2330366507 1.2450510477
-2.2795253707 -0.2219144623
-0.3520590772 2.0360340742
3.5840396833 -2.2037272352
-1.4692712496 1.1617399222
0.4606917106 1.9869578093
3.0351647124 -1.8410000392
1.2961610413 2.2460189728
1.9129511594 -2.0428066764
2.2422613857 1.7805647105
-1.6787306609 0.8767458939
2.1230804007 0.3003113834
-1.7995286104 0.0404237083
1.2016396336 0.8414875902
3.1522917271 -0.6405418625
2.4203236867 -1.0349105832
0.2977510993 1.8579828843
2.0715638898 1.8701765426
-1.9453934556 -1.3599170838
-2.0722239865 0.2291915255
-1.8004299608 0.7252074260
1.3342878969 2.9338722437
2.9984722177 -0.7837959981
-2.2754331996 -1.0798846903
-0.5478166458 2.2390228799
-2.5697509957 -1.3707658641
-1.9702101895 0.4070936391
1.7284194101 2.1488536062
2.7763699324 -0.3516964724
0.7915334073 1.9131342125
1.4338972372 2.8908965313
1.6078025556 3.1010695657
0.3446258835 3.3041058568
1.7659394858 -1.7687293710
2.6345649563 -2.0373029017
3.3279472148 -2.6830999333
3.3024269442 -1.9243189783
3.7293067412 0.3098480531
0.2972016690 3.5725683638
1.3272025833 1.8596778936
-0.0051521225 3.0146260805
3.7451307290 -0.8922400117
-3.0676760602 0.1790266342
2.8504185073 1.7348307286
-1.6265942720 2.4344145882
2.5257419429 1.5138193655
0.0187282047 2.7723714560
2.8737995013 -1.5365219418
-1.5318249550 -0.4142739507
0.2614774745 2.8132458183
-0.9103465714 1.3977759329
0.6988286579 3.0691452283
1.9612105355 -1.4721793448
3.2698752790 1.3642000081
1.2307320038 1.1341991142
1.7906638617 -2.3342388737
1.0638879245 0.8801294086
2.5735481642 1.2173947453
1.2642659412 1.6091289611
2.6600545571 1.6056300776
3.3956181841 -1.7974610307
1.2283871849 3.8809641127
2.6419336372 0.2847711547
3.7625770833 1.4563232932
0.2689434610 1.3282826128
-0.4800781587 2.6449751635
4.1951436966 -1.2094368169
-3.3547011766 0.1292387370
2.3966215909 -0.3767648164
2.9597540089 -1.7060483720
-2.2585123350 -1.6476775705
0.9155114102 3.3958268213
3.2155936285 -1.1726020823
1.3021832636 2.8557196337
1.6847992155 2.5579367153
3.4626844237 -0.7974737998
-1.5934063835 0.9919443488
2.8616231282 -1.2796704992
2.7678400311 -1.8322187721
1.3082940540 1.6996667028
2.4012120396 2.4278244474
0.1940498256 2.0450566595
-1.4763331462 0.7807322650
2.5892953870 -1.2960351146
3.1103177076 -1.0035267627
0.7065087840 1.2446443226
-1.9626890964 -0.9133116980
-3.4780328143 -1.1600054747
2.8872309043 1.6649740044
-1.6426155381 0.0969678453
3.1212902574 -1.4060634842
-1.8373114888 0.0736300268
0.4955055232 1.4886961997
3.3973239070 -2.2538354785
1.1406933682 0.9790952626
2.9309820975 -1.6035266872
2.7608792580 -1.1720581192
3.1515625811 -1.4309136217
1.0468242724 2.3045114767
1.3480265649 0.1002347309
2.0191287829 0.8547469557
0.2805446931 0.6140494189
2.7824647398 -2.3499116737
3.5373396430 -0.8364468808
0.3279234212 4.7826156118
0.0013051716 3.3157005452
-0.5540722265 2.2401961879
1.3135674175 1.5075687158
0.0364424566 3.5812139462
0.4354251445 2.4002654293
1.2640378146 1.2372290336
3.8063698913 -0.8439835977
1.1020811498 1.8224962889
2.7512563330 2.0465600238
2.9572123769 -2.1193051558
2.8737112192 -2.1958499683
-2.0579767925 0.8136250638
4.3296554388 -1.2539400417
0.1294249843 2.3913427883
1.6980002167 -0.4226908763
-2.6218177227 -0.3661114442
0.2968803207 3.4636249568
-2.7818257068 -0.8109364752
2.2071874994 2.0031700131
0.5864866844 1.6631463046
-0.2037710857 0.6257031892
-0.0165509473 2.4629041258
0.4424317919 1.7408074929
2.9370713242 -0.0505989426
-1.7486094302 -1.0131585671
2.9004640378 -0.8928892947
1.2585062595 2.0088980439
2.0524392207 2.5748692653
3.2582155744 1.3814062933
2.7363188639 -2.3679228412
2.2858033735 -1.6861755891
-1.8775070885 0.7010298709
0.0861392937 1.8654219828
1.0165143411 2.1123530517
-1.8333561950 -0.2640765524
-0.5584611336 1.2030834621
2.1120891600 2.1997442718
-0.8782483582 2.4149172128
-1.9711673894 0.1807240634
3.2297042315 -2.3299528841
3.3160111209 -2.2121602161
-2.2072117252 1.0399283473
-1.1737568577 1.2607474275
3.6570050333 -0.9316280604
-1.9258521818 0.1919462730
0.4255484450 2.2383597936
1.4149823001 1.3321232719
-2.1218792571 0.6209249421
-3.0882228945 -0.9477111836
3.6703072249 -1.8124519490
2.7768801254 2.8676548486
-0.8952200794 -0.1049664326
-2.2498008342 -0.2658301862
1.5805156126 1.8054774785
2.7206258224 -1.5713773640
1.2823135592 1.2506735372
-0.0741903875 1.9934137266
-0.1821576245 0.6790624224
0.1449167976 2.6309460076
3.4575204806 -1.6321262611
1.3397608636 1.8974324860
-3.0118419412 0.0016258899
0.5058412942 3.5556890268
-0.1496593005 2.0452848780
0.5822790344 2.2568904451
0.1261162186 1.9235498003
3.0097899616 -0.7672774340
1.2235811778 1.1403692404
1.6430834579 3.6465003598
-1.7105743790 -0.5245320849
-0.2969093192 1.3098335158
2.4996628260 -0.9047112755
-2.1112365730 0.2821853488
1.0022343042 1.2694253906
3.5413686969 -0.9544101397
-0.9022796675 0.6928730084
-0.2679030965 -0.1712135249
2.1430083705 -0.5660126599
2.3422664334 -1.7180996733
3.2002686512 -1.8965945492
3.7654964332 -1.7250558179
-0.6310156459 3.0425176037
-0.8783552249 -0.2131316353
0.4559387727 2.5801733698
0.7429730388 2.9139687191
3.1886052046 -0.7964360578
1.3014640832 3.8529239248
-2.4832075662 1.8353559022
0.5483726412 2.2351175848
0.1533388744 2.3614206021
0.7186565274 3.1718937698
2.7219193578 -0.9725390951
0.9387388686 1.6948559485
2.2852523232 -1.9574617740
3.1102318238 -0.6920770423
2.5737078396 -1.5891732440
-1.9075039626 -0.2950330908
0.2117520403 2.1322961954
1.9061199302 -1.4962140631
0.8109288001 2.4733344665
1.1559483765 2.3211143295
1.2437066423 2.6355474126
1.8185234741 2.6818083881
0.9302709271 2.7822195268
3.6811219114 -1.7223818065
2.7175669239 -0.9526908215
1.6349269615 0.9189227234
1.3343546430 1.1226885073
0.6769928793 2.9393061768
3.7230187896 -2.1288705806
2.7280797298 -1.6409374474
-1.2593574575 1.0144900896
1.4080938621 0.9752844360
2.4401605004 -1.3472701400
-2.4846072209 -0.5065223772
-0.5535185381 1.5380585315
1.2763619852 2.0546857661
2.0047409722 2.9335670786
1.7556124762 0.8904017583
3.3421444547 -1.1261586482
1.2805611949 0.8485335448
-0.6537531143 2.3508841223
3.4544665250 -0.4229919466
-1.0941299667 3.4673119089
0.9803008084 1.9636281192
2.0414057578 1.8892405166
-2.6491506679 1.1201554495
1.1239439644 0.5155082473
1.7436513626 0.8618521900
-0.4189496628 1.7329287525
2.7617366787 -0.8383307812
-0.0598479008 1.0436004268
3.2680071758 -1.8963453496
3.4111692596 -1.2650874012
1.6100912433 1.0257676750
0.2541940342 2.0851694703
-2.5316082173 -0.4991293653
-2.5710373728 0.4013163828
-1.0115188061 2.9699102789
-2.6736797151 1.7127051374
1.9051808974 -1.1103440332
1.0244489606 2.6939874721
3.0887725893 -1.4144917462
-2.4696179939 0.0292929677
-0.6206037154 0.7447485134
1.2615968825 1.7742387932
2.2799808532 1.8108896771
2.9035816891 -0.8747443823
0.4275717242 2.5206736236
0.1568778075 3.0457429907
1.4815108773 2.5349567377
2.6075849019 -0.4985638123
1.3866965985 2.4790330167
-0.3508464015 2.3856030202
2.7190672340 -1.4573311686
2.2033039734 -1.3943931479
-1.5720042628 0.4447057161
1.8534418719 2.5532873308
3.3703236765 -2.0662747422
2.8517816801 -1.4124754231
0.0914605775 5.0396079942
0.1589875787 3.1843359044
2.4425672321 1.0618479185
1.5181268364 2.1571020326
2.9593647331 -1.6850567600
1.9619731448 1.1823056618
2.9416774176 -0.7322979671
1.6340740123 1.5337790249
0.4880368695 2.6397031303
0.5198362209 3.4696365235
0.5194019414 0.5429380555
2.6246143738 -1.3522073014
2.9744420023 -1.3739017415
-3.4095828806 0.2269596094
0.3387404284 1.6281790476
0.7617576027 2.7104029181
0.9426978257 0.9705152235
-2.2790180844 1.4341609775
2.9499404647 2.1871663820
-2.0553623547 -0.8312682386
-0.6558904555 1.2410811645
2.7271295615 -1.6403033705
-1.1518859655 3.2437090943
1.6434090367 1.9333238597
2.2994660913 -1.7118259338
3.4077360474 -0.7576960152
3.4396272818 -2.4093419507
-1.6823540399 -0.3743710240
-0.9184069196 -0.4433344325
0.3726372223 2.0334255222
0.3026331832 1.8798417439
3.2760614568 -1.0362572529
0.9357178039 1.3170940438
1.7338133715 2.2221269900
-1.9937889637 -0.1351522557
-3.1438144049 1.6652531986
2.6942892399 -2.7948460078
0.6665709645 2.4746843410
0.5490147581 1.4994145812
1.8686105968 0.6737013822
1.8424449108 3.3811234592
-0.0300916956 1.6980004482
-0.8474609473 -0.1454812894
1.4214427575 2.4744209410
3.3658635929 -2.0094107138
1.8365090512 1.0996041989
1.9091092332 2.7022734574
3.2713097789 -2.2686738668
3.4639579269 -1.3214821501
2.7672155616 -0.1661421048
2.4136808850 -1.3929522736
-0.9652803838 1.6572773284
-2.4820933670 -0.8271959920
1.7381570368 2.1342965079
2.5207907558 0.9488393044
0.5407462995 3.2789062135
2.2314383507 2.2847564756
-2.5881539898 -0.1009502247
1.5189505217 2.8814741356
2.8589575993 -2.2689443627
-3.9044870429 -1.1514647133
1.7190371518 -1.1077377986
3.6606951689 -0.3929346227
-2.6864173398 0.0772563793
0.8130641522 3.4102294071
3.1221964433 -1.3307706138
2.8397101048 -1.7871018406
2.2019448921 1.6448879555
3.0518684691 -0.9037406312
0.3779690969 0.8898479408
3.2108043575 -1.3360742890
-0.0312131689 1.8762316910
3.0271860535 -1.3608487357
1.9767099578 1.4998699421
-0.0516907775 3.4225368889
0.9788653715 3.7371949357
-0.8775384097 0.7586527024
-0.3563607830 2.7313025248
-3.5333405675 -0.4563283880
1.0222082317 1.4790748845
0.9504667840 1.4242003694
2.9093068637 -1.7271257708
-3.0982280777 0.6243965137
-2.3340431562 -1.3475296425
-2.2212543299 -1.0922237807
0.8635449800 0.0665446970
1.2387289396 2.3256196451
2.4590873352 1.1032579036
-2.8579995323 0.6316926779
0.7769772280 1.0802702262
0.2133865741 1.4395702992
4.1572230637 -1.9378808434
2.6112611312 -1.3336368992
-0.1877858366 0.1693233721
2.6582896911 -2.4347963551
1.6692799878 -1.8889100049
-1.3419708618 0.5186829302
1.3355283287 1.3272271805
2.7488323281 0.6673176919
0.5830925051 1.8505527245
1.9279492690 1.7329233490
2.4838506206 1.2867362696
2.3945482824 1.5561374202
-2.2309890607 0.6816832885
0.4460743206 3.8017815647
-1.4015131058 0.3194525770
2.5088560796 1.8615478361
0.9677019004 1.1956926395
-2.2978679091 0.6859536836
1.7671270541 0.8555473720
2.6793730226 -1.3064345217
0.1527181386 2.3131710254
0.2840492878 2.3495596016
3.1038265938 -2.5566849523
0.7570233795 2.6339857964
1.0075531494 2.1008321308
-1.8981229790 -0.7188628679
4.1408042264 -2.2003653207
-1.2457524402 -0.3612587041
2.1041305365 -1.6212206648
2.2959314137 -1.6014130425
1.0699786384 1.7412702017
1.4393744987 2.4517941460
2.9511283367 -1.4826791046
2.7591755658 -2.3260054599
2.6588073673 -1.5141538984
-3.1564116115 -0.4946190497
2.7086996997 -1.4025803164
0.2310205455 1.7071569529
-2.4822022699 -0.7098808720
-0.1749079809 2.2558989890
0.5019471262 1.3167207566
0.8733860240 1.0821192488
-2.9730516258 -1.5589731914
0.2022751098 2.7461515637
-1.4256834136 2.7466954681
-0.7493871921 2.9713376203
2.3324683074 -0.8079311499
2.5322862421 -1.3127961572
-2.8846125106 -1.0259852949
2.7396867483 -2.6569469092
3.1623262340 -0.6003096014
-1.5499674531 0.9586356492
0.6076640839 2.3275001101
-0.1130046137 3.1727002950
2.9981425978 -2.2974467511
1.2832556695 1.6932632373
1.3023119460 0.9352704693
2.7341201364 2.1597713623
2.6711986033 2.2765079306
-3.5330228435 0.2907148717
-0.4041754205 2.3530094482
3.4894240620 -1.3977331856
3.4970197986 -1.7554511986
3.2666855197 0.4595161688
2.5116430962 1.6701496507
1.2430636833 0.8817861179
3.1446511976 -1.1434297125
2.2468745866 -2.4680534608
-1.0092554657 1.0110066759
3.0735972641 -1.7937610458
3.1663995188 -1.6791015803
-0.1471310334 3.2303810952
-2.2304793844 0.3335231014
-0.9474961088 3.9938896480
-0.1882134064 1.9584868270
-2.9924347857 -0.2648846492
2.0308070896 -2.2598225039
0.7973042308 2.9954641149
1.6061694310 -0.2195400372
1.6007725300 1.9387717175
-0.5195306706 0.4910439443
-1.6225927678 -0.1835555116
3.7803530803 -1.5332833488
2.3260677109 1.4154051398
-2.6598393525 0.4201842895
3.0045269374 -1.7959987825
2.0977514210 -1.0860532788
-1.5140774048 -0.4069674149
0.3394888101 2.4829913423
-0.5054952991 1.6876689967
1.5103887700 1.1372624714
2.9945017568 2.2723181573
-0.8273460152 3.1474660948
2.1725824389 -0.9862862254
3.5416173817 -1.6925592128
1.5421879807 1.2021754470
0.8090654978 2.3194858799
-2.3909051917 0.8117306000
2.4546964091 0.9676945876
-1.8630089764 1.3698068730
1.5726406064 0.9954044957
2.5213039510 -1.3945377940
3.9293897728 -1.4673958753
3.8722289738 -1.1129148344
2.0846874712 2.1050773564
2.3339464404 -2.8564642423
3.0922565496 -1.8356164597
1.4788676898 0.5400760029
0.4962473719 1.3386704489
1.2354952353 3.2387086634
1.8583858176 2.0044207186
-2.0349172556 0.0379746174
-0.7715063852 0.7383490876
0.8447967371 1.5471678287
2.9993469846 -2.3972783464
3.3266299792 -1.2792769382
2.1853861117 -0.7504664449
1.4298902891 1.1144469927
-1.3013587531 -0.0808502523
2.7185932691 -2.5900976203
-1.1945501207 0.1214403289
2.5706379455 -0.8920870584
1.6247811154 -1.6801072167
-2.2195871244 -2.0910706223
-3.3913226430 -1.2675361901
0.4044297300 2.2759281556
1.2194471131 3.0055734399
-1.9840403002 -0.1504106901
-1.2165698357 0.3923940727
2.8593413358 -1.9714734435
2.6319937702 -1.0359020627
3.4323616402 2.1895750647
0.7545503267 3.2183695792
-0.9989615127 3.0100657752
2.6057799713 -1.2854070220
2.9459416526 1.9504371139
1.9895680135 1.7320174929
3.8980476960 -2.5928011138
1.9465667143 2.0668992645
-1.6430929405 -0.4323813463
3.3885515247 -1.3552642381
2.5911968534 -2.1609929846
3.2771808696 -2.0458973968
-0.9665863008 -0.2380758393
3.4589638059 -1.4929143141
2.6906331439 2.1852929318
2.5351894626 1.7390158116
3.1237859211 -1.6245358268
0.7543057073 1.9915659143
1.4192162070 0.6561744790
0.9276545431 1.4304417129
-0.3346667336 0.5110832356
2.1668776082 2.0880435698
2.3860479935 -1.9378741530
-2.4396228874 -0.3385806827
3.0574197368 -2.3457651043
-1.5202602532 -0.5596381427
2.2326798441 0.8148018873
1.8482665794 1.3302372135
0.3841305388 3.8358746783
2.0795945726 1.2894412714
2.4263778196 -0.7260043706
1.1900020983 1.3701877657
-1.8259554556 -0.8754474210
-1.1900287897 -0.5017402445
1.5975740522 2.6863321459
-1.8778804691 0.5765589596
3.7701664854 -1.6334269333
0.0487467108 1.9304288317
0.7431006395 5.2956039565
3.4413825200 -1.2582693308
3.5596516524 -1.8584643287
-0.0189249800 4.1180153978
1.1241470594 2.9748107010
-1.7652342396 0.2264430269
-1.0276653397 -0.3314772222
1.2734972112 1.1126110183
2.6702485790 -1.3680830522
2.6645525082 3.0764680336
-1.7623674093 -0.5774762083
-2.3022968161 0.1547304009
3.9264111978 -2.1711899808
-3.0474743435 1.2050017263
-2.4984354256 0.1891664148
4.5897055360 2.1795506913
-1.5344254656 2.4538051233
0.8451902252 1.7842641921
1.3331759628 3.4166953817
1.0668856987 1.2696626736
0.1007637512 2.6658949579
0.4012135396 3.3359622764
0.9308251897 0.9011442355
0.5066071948 2.1172448082
-3.2090159801 -0.6463704884
0.6326913994 3.9869612002
0.8875169115 2.8066674596
3.0665343499 -1.8212386808
2.2621996194 1.4235526990
0.0366202512 2.0159333842
2.5127321415 -1.8282155982
1.6597528754 1.2249786293
1.1558540887 2.1795761146
-2.2866311815 2.2247673874
-1.5760789805 1.8302798506
1.6939095024 2.1612744750
2.3964037599 -2.0895233533
1.4655033788 2.1676094357
2.5631500250 -2.0407069395
-1.0048628852 -0.5405864991
0.9274888087 2.6774269911
-2.2429345547 -1.0150316350
4.3776598784 -1.1507679988
-1.4120991959 -0.1871015369
-0.4364743288 2.0146683751
3.8765791325 -2.1082180450
1.7358385285 0.6500857784
-0.3482805374 2.6624532465
3.3359026970 -1.0635700748
0.5595880611 1.7762928057
0.0313972093 2.7662711564
2.2105895966 -0.7512982503
-2.1628781482 1.5338571037
-1.8089231171 -0.7313803063
2.1233065678 -2.3686827706
3.5337930022 -1.7827469653
2.7866353004 -0.8748159340
0.6434487584 3.0457261168
-2.7229328173 -0.1787134422
-1.1024818233 -0.5985922974
1.3538237406 1.5489502315
2.5077882206 2.1583138644
0.0816560480 1.9861415012
2.8385001225 -0.7772288852
3.0308672694 -2.7079310957
-1.4355325503 0.5556007774
1.6567264579 1.5533948711
-0.8733125076 4.9999770316
2.2256503712 1.6245768700
-1.7421562054 0.8288910055
0.5463001681 0.9329586442
0.9489893603 1.6186795860
1.4493785493 1.2413874894
3.4368190824 -2.2340115058
-2.4411180215 1.4741080746
-0.3852073241 2.0000801992
3.8705585028 -0.9021260122
3.5091868792 -0.9698708139
1.4539836485 0.8223570263
2.8331565952 -2.0999151804
1.2592068133 1.4514546280
2.8221889539 -2.5601958830
-0.4881317057 1.9123893759
1.9493122723 -1.1811295103
3.1519852466 -0.1611433463
3.4926845256 -1.5538157031
-0.4369285439 3.0942710486
2.4708113003 -0.0743107661
2.2450941477 -1.0937275181
3.1572281426 -1.2521986655
3.9597664834 -1.0509928394
-1.6172037573 1.0662379247
2.9331662753 -1.4796712783
-2.8657219683 -0.0909844723
1.6653389943 2.7302268626
1.3807779501 2.9581862033
0.2801360733 2.1643786877
0.4781870235 1.8037511492
2.9509355072 -0.3475178417
1.4263606492 2.3601578348
1.7110214377 1.9452810269
2.8714212438 2.1081503581
0.9732513115 3.2908484489
0.2901086218 0.7378111992
1.1218095157 2.3305200765
-2.6279988641 0.1321119437
3.0865751615 -2.1144662918
-1.7955177268 -0.9362508158
1.8557553986 1.4219531059
-0.1816871177 2.9784075871
2.5985377437 0.7844522982
1.1339925121 1.0980345070
-2.3383876364 -0.1189628689
-0.4146803488 0.1464091365
-3.0461142077 -0.6136142302
2.1393481614 0.7971807950
0.2129385437 1.7762419498
3.6976921758 -1.6934376190
2.1549661473 -1.8111782715
2.9453245874 -1.4225865146
-0.4852976301 3.2669636178
-0.6986443698 1.0273725588
3.4029563010 -1.4872590240
0.9430900781 2.1828262516
1.7654984840 0.0849180480
2.4242351565 -1.7471663382
-1.8262710823 0.3540594083
0.5994246413 0.9949587441
-2.4027216110 0.2455114150
-1.7816238194 -0.1160966603
2.7220731415 2.2561810815
-0.5713173275 3.6366384394
1.1457039494 1.2462886394
1.8622606847 1.3341446367
2.7734669733 -2.7746800634
-1.6607112998 1.4815754241
2.8561176520 -2.8429375265
3.1193408648 -0.6619020627
2.5733148172 -1.6925766907
1.0921171282 1.4060283581
2.7984449512 -1.0898609801
1.7559445138 1.4170397460
0.9516231230 2.9472944126
1.1309683863 2.0401762009
2.1844132092 1.5200101705
0.6259221000 2.3969086769
-1.5371211735 0.8391285447
0.8422116592 2.9579907251
1.9925683844 1.4990478829
-0.2578819113 2.5257641975
1.8171716491 1.8130629276
-0.2460346097 2.1055473111
2.6454640629 -2.2601549330
0.5410826768 1.5802462275
3.3128399217 -1.0450572974
1.0679252244 0.3509712496
0.0990133488 1.9200977874
0.8486200617 2.0638179050
3.1261586932 -1.5151576857
2.5614779994 1.9182611231
2.7318193383 -1.8919354658
-2.5918625666 -0.2912641189
0.4034919786 1.4355396961
-0.5751656764 1.2500178399
4.1106588309 -1.1034117635
2.4498922677 -2.6652472493
3.8936691763 -1.1414982396
2.6663291206 0.0503729942
3.3084299035 -1.1828258958
2.8506922162 -1.0624280308
-2.1372564509 0.9872946667
0.6597559921 2.6797659179
2.8192938151 -1.7361777626
3.8005185845 -2.5742345704
-3.0491659010 -0.7544125252
2.9122346705 -1.4778905288
-2.7829767939 0.6812669250
2.6783872334 -1.5595523557
2.2888682232 1.0875226039
2.2657957686 2.0605877677
-1.2641223952 1.0624215835
1.0886337104 2.3017357802
0.7277807164 3.6437682349
0.1767017446 2.1990922973
-2.2603823636 0.4226262291
1.2696950140 1.8061428526
0.1495060258 2.4880060498
-2.4837170116 0.1424574094
0.8761801180 1.7387434983
1.7899871656 2.3922884576
2.7750924381 -0.9187502326
3.1045160028 -0.0461998276
3.3759135329 2.1010766972
3.8463801819 -1.0986281491
0.7319782387 1.2559241793
1.9126558808 -0.5652567120
-1.9924991676 0.1162044271
1.7102081020 0.9007506707
0.4200035078 1.5343442595
3.2600776305 -1.4089188198
-2.7991809142 -0.2517536349
-1.6751036408 -2.2509757710
2.4194661864 -1.4752537906
1.9071418704 2.8273900902
1.3320752763 1.4299828384
0.0025547261 1.3912265774
-0.8521939434 0.8256104832
3.1248873554 -1.8244325884
3.1640015026 -1.6384763336
2.7344028015 -1.1888859696
-0.2808411318 3.1932149721
2.1044243934 1.7466663246
1.4454357286 2.9260675296
2.6646187435 -1.8212443135
2.6648402358 0.3287806974
4.1945091337 -1.6163104589
-2.2948629186 -1.8360514332
-1.6013950229 0.5188444499
0.5478312438 1.1791752751
1.5859938792 1.1889039729
0.6426078542 3.0533522179
0.8213587020 2.1834068857
3.9752485344 -1.8800480384
-1.8348181225 1.3833334849
3.3121267527 -2.3097081948
3.1805551901 -0.5995533408
3.6870735715 -1.8498408287
1.8667422131 1.8756739478
-2.1039047760 0.6318326151
1.9554413171 1.5338204293
1.8901425148 1.4435917072
1.4937408015 1.0666184470
1.3450921143 1.7219089218
0.6101633809 3.2540407574
1.8482928936 2.6292393275
1.4154399565 2.6332466699
1.8681281795 2.4048670152
2.8900329676 0.6894877201
2.3601247017 -1.0782413399
-1.2873767591 -0.6302600342
3.1524754942 -0.2669892915
2.3879428309 -1.4096211926
3.5095234825 -0.9876065769
3.4884732959 1.2649367510
-2.8046642715 0.2060651068
-1.8331829851 0.2099819669
3.1134830583 -1.6871627180
0.1921718623 1.8648012407
-2.3562368834 1.5038101022
-0.8781157727 2.5429806605
4.0751282943 -1.3022669425
0.2714191872 2.7120406732
2.7270465192 -1.3942929725
-2.0750079519 -0.6105131263
1.2157860181 4.0324803591
3.4785604475 -2.2959474422
0.2163656624 4.0031125486
3.5154950570 -1.0622452734
2.9071560318 -0.8536505061
3.1666868168 2.3578662598
3.2542107692 -2.4099081280
2.4801166348 1.6286628858
-2.2170970954 -0.3574702210
-2.3879195602 -1.3570974512
-2.2640814376 -0.0908438883
0.9500319090 1.3942949836
2.7162735139 -1.2338209653
0.3738731330 1.8893717619
1.3644089754 -0.2538411778
2.4064768658 2.6611559618
2.1254056778 -1.9238633122
1.1339724261 0.9544858476
-0.6050345257 2.9737595928
2.7425368276 -2.3477786635
0.5945857787 2.8952246353
3.2641037111 -2.2037970832
2.8502439706 -0.0648676254
3.1858952462 -1.3900960993
-1.5412559721 -0.8655298257
2.1742049314 2.4238331354
-0.9646594344 1.5885058302
-2.4867127032 0.0375202991
0.5900353350 2.8346243441
-2.7653931506 -0.6958844352
3.0169237884 -1.6465213964
0.7965582384 2.2469846335
2.4764482374 -1.7404254737
-2.2434947639 -0.3057888635
0.2004327050 3.5893801579
-1.6879931449 1.2896485163
0.4095153464 2.2914834876
-0.7742115840 2.5374288500
3.4936680312 -1.5950737999
1.4872997159 2.9085262245
2.7646406215 -0.3712498364
0.2755357033 2.5439984046
0.7366361432 2.2524276703
0.7643939681 1.9939239182
2.3659177681 2.9499734619
-1.8083964167 -0.4872258904
-1.9083710455 -0.9099821615
4.3603040879 -0.6571498983
1.0801455936 2.2722745208
3.4794294135 -0.8013438514
-2.2127788677 -0.3852880835
1.3593954507 0.2229139143
2.3231745634 -2.0515091158
2.1464655115 -1.5107809018
2.6828636317 -0.6322380476
3.0097996057 -1.2381269705
0.1560849651 1.5111834064
-2.1468706471 -1.2980036960
1.4433673993 1.8606672021
-1.4991996106 1.2937982519
2.8151304692 2.2566271550
-2.5641975076 0.0944150224
1.3031992971 2.8433027034
-1.8398714243 0.7550917419
0.8575103395 3.2106582499
-2.4733678452 1.2868740738
-1.6531849132 2.7443185872
1.5840626289 1.4155536965
1.5817017715 -2.6424236276
0.9688388059 1.0730119317
-1.9492154053 0.2063298596
0.1279103480 1.6942720467
-2.0679855486 0.4794565757
0.1314188123 1.9979083923
-2.5279836209 0.5818481746
1.5830818275 1.9933588489
2.0731562847 2.1858088212
1.6807143181 0.0288912433
2.5433030179 -1.8015086259
-0.1964503262 -0.7882418919
2.2880219070 -1.4871670978
-0.0707803603 3.3681314929
3.4900341584 -0.7533631962
-2.4116695731 0.8105036358
2.7864536502 -2.2134631071
1.0100918628 1.5067239197
-2.8536220579 -0.1557084540
3.4739871850 -1.9398260095
2.1278576692 1.5732260427
3.4929837402 -2.2576646777
-2.9209025702 -0.2571154469
3.8548880432 -1.6537296829
3.6914988952 -2.4583038387
2.6838081000 2.3313027457
-2.0917259716 0.3867826806
4.3397703842 -1.8572880544
2.5496022152 2.2650089664
2.5239525347 1.6567356031
2.5939993647 -1.5620983600
-1.2638153013 2.2857257531
1.6997946734 1.6304957288
0.1502673801 1.6063686835
3.4670035352 -2.2120196657
-2.0622547842 -2.0182530739
0.3918604596 2.4890613183
-1.4227407085 -0.1583960054
0.7438517075 2.1016555633
3.5402887226 -0.8705921830
2.3086940636 -2.7305503980
1.6432871885 -2.1675874605
-1.8579625550 -0.2920324803
-2.2703466750 -0.7020245557
-1.8844150694 0.0705725713
2.9349952941 -0.7395914885
1.3428321634 1.0637148626
-0.0026095203 1.0751323680
3.8197302993 -1.2421033164
2.8910094176 -1.6814543625
-1.9106434109 0.2924912174
0.1295662013 1.5191046518
0.1289617328 2.2984124500
2.2330309546 3.2886989728
-1.7264323331 -0.7743752167
-1.6965912659 -0.3152998248
0.3120434997 2.3088951509
0.0875556674 2.9211285818
-3.4268398404 -0.1046208101
-2.1018542699 -0.4548121283
2.3352754977 -2.3177730385
1.5144312246 1.8988956345
0.3194432060 2.7746755077
1.4449924418 1.4907833863
-2.0048469870 0.1061770961
2.5125765103 -1.4472069059
2.5491700139 -0.5664531711
2.5168493313 -1.7657466103
0.5236167771 3.9139515429
2.0227682980 2.2872481850
2.6290288805 -1.2719846509
-0.6284528568 3.6961577580
1.7004259220 1.9068694757
1.2275203030 3.5865111600
1.7214076578 1.0342903033
1.1917430624 0.7320536191
4.1940722010 -1.2006103821
0.4959558000 2.0780234673
2.8036410118 -2.2065141217
2.6206070854 -1.3970731516
2.8735109718 -2.4991871083
0.4314851987 1.9667024198
-3.2489441342 -0.3768060906
1.6025441509 2.2219946563
2.6280978059 -1.7441780019
4.2238062441 -0.9653017164
0.8698850126 1.3934594770
4.0077425149 -2.6322457786
1.7905949079 0.0263121907
-0.4571488572 3.1631597806
3.5532806037 -0.6407880205
0.8154410184 2.8450610638
1.3343898800 2.5057490292
3.4139211914 -1.2209630265
1.9952376867 0.6869638643
0.2205878992 0.7059757166
0.7699106495 0.8271481255
0.8413268912 1.6090321975
-0.1678364676 1.5490193964
1.1029526152 -0.7661466381
0.4689433028 2.9344103083
0.3627165871 2.8875285270
2.4627438373 -2.5292299498
3.5311076171 -1.9978426607
0.9669175500 1.1809586763
0.5812735551 1.3057751326
-1.2867151485 -0.7592680213
1.3182078552 1.9550355478
0.4293225549 3.9182147728
1.8604071172 1.8876304622
1.4864895914 2.0417786306
3.3556223112 -2.4112848163
-1.1714437169 1.1413152523
0.2620968487 2.2889746923
2.9155632013 -1.3478602665
-3.5778122597 0.4100252118
3.8762064933 -2.1499439542
-2.7048531095 -1.2707861157
1.0857760382 0.8585982672
3.2208514722 -2.0707406851
0.4788375751 2.3572545501
1.2195866246 2.0184354174
-2.1553626975 -0.3510349940
-1.9441117248 -1.2086042705
1.4027599681 2.2868343844
-2.1422880139 -0.5758962088
1.2953141547 1.8870899672
2.8824828602 -0.2869285065
0.2598641262 2.3631157443
0.6217375091 2.0492412966
1.3260042278 1.0134577906
2.4364987478 -1.7148099881
-2.5355183476 0.1983383245
1.8705129373 2.2680721127
-0.3200996179 2.3303869075
-0.4608053630 2.3360937057
-3.5538679631 -0.9307780726
2.9152627016 -1.3244336520
-2.9363772289 -0.8214678932
-1.7427127777 -0.2119814584
-2.1278736347 0.4453086251
0.6153633259 1.5217392572
1.1049261577 1.7324305522
3.1853931790 -1.9141492179
1.5825635030 0.8977898508
3.2696297024 -1.0594287325
2.7063269679 -1.4257603491
0.5846057400 2.6779966721
1.8401943953 1.3131853179
3.6019004937 -1.7903063099
-1.4945737988 1.6888224575
2.1976019542 1.2721623502
2.8091059708 -2.3361921725
3.0920019969 -0.8823769209
-2.3367910198 1.4656423586
0.4855735661 3.4197348282
0.0855451645 2.7538254449
2.2779646343 3.2382976763
1.4463559828 2.4719157707
1.6914621714 3.1829553869
0.5798629715 2.5456429707
1.3994154963 2.5598990614
1.9299765007 0.6410446488
2.2633485709 -1.6381483093
2.7525425118 -1.6071869881
-1.6044348212 -1.2718895966
-2.0390130415 -0.9501613122
-1.5292161177 -0.3619146116
0.2246321145 3.2242189480
0.5014021745 1.2559234293
-0.8278239711 -0.6090451025
-2.3579870866 -1.0509156041
2.6772764272 -0.8469947633
-1.9963267267 -0.1467043572
2.6401286171 -1.7409435244
3.2658514250 1.7635763554
0.7254467783 1.0213438981
2.2844428306 -0.7374265583
1.6031740122 3.3859156745
2.0117213164 1.3248758002
1.5285764211 2.4675042980
-1.8863761238 -0.0522462744
3.4608251828 -1.3064499002
3.4973937039 -0.6483683184
-2.6958112056 0.7509965843
2.6140673343 -2.5344926366
-1.4191785198 -0.9007550492
0.7320370104 3.6306253287
-0.4850696736 4.5192700297
-3.0731508707 -0.1655173115
1.5059022634 1.1806649726
2.0964637706 0.6560017325
1.7879318906 1.3692362562
1.1795596188 1.1093727194
-2.6297848264 -0.2541736561
2.9341721473 -1.3626275281
2.7938800924 -1.2973472218
1.5041135338 2.5072145864
1.1082073090 2.7717290558
1.6991883919 1.9488782558
1.4312300159 2.9243291568
0.3573458250 1.2797693023
2.3702411515 -2.0665087388
2.2905967265 1.3385880850
0.5428477519 2.6469195539
2.1637111312 2.9168275207
0.1571961037 1.1679412112
1.3313220316 2.8687558895
-1.3026867720 -0.1150469483
0.2721018538 2.3486715034
0.5420352406 2.0272034900
-0.1791732139 3.3448796832
3.7669098062 -1.3508714264
0.5513816950 2.5899653807
-2.5651063616 -0.7957655644
0.0998961213 0.9595641185
0.2216599636 1.8568730654
-2.6578481912 -1.2141990765
1.0186615765 2.5590830659
2.4296370247 -1.6919787685
0.0477382597 2.3105688538
-1.8974900201 -0.4615123609
2.9888831255 -2.7224722522
-1.7556955539 1.5128619329
2.3401400537 1.3746012980
0.5135227433 2.1898445471
-2.4854238008 0.0456916688
2.9708458981 -1.9293023542
3.3284127901 -0.8495175148
2.2468104121 2.2933317258
3.2021730136 -2.0855950430
3.9293596140 -2.1069381413
3.3718798167 -2.5239991628
0.3816156293 1.5151884603
-1.9980185740 -1.0259192508
-1.2560513079 -0.8135722281
2.1564289735 -0.0640169975
1.9071998645 1.2435496660
3.7300365263 -2.4787817183
0.5084943713 2.5566531241
2.1036858799 0.4430579466
0.7816707637 1.7817790038
3.5043554409 -1.8325006860
-0.2266289948 3.4851700759
3.2761414480 -1.5239590853
0.4391162905 2.5476056138
1.0265438228 1.7733139860
0.4862484196 3.5602973147
0.4687417046 1.9815609369
2.9968946534 -0.7698130962
3.4586564021 -1.3262654514
-1.2141573313 0.2000164171
-1.3776250270 0.6636820299
0.7224949643 2.2356327576
2.7120563747 -2.3500376379
-1.7491233480 -0.4069997187
0.8950881484 3.1520936204
-2.2945995595 -1.2272037291
-1.8014511682 1.8549363800
0.0024609800 3.9449338826
1.4935065518 2.1823978057
0.9576797816 3.0158632027
-0.8934639756 3.2932265131
3.7101031044 -1.9432586933
0.1927835863 2.5955843425
3.0745788870 -1.5293359058
3.3230321369 0.3947603351
-2.0784126257 0.4324516608
-2.2557566266 1.2468679360
1.6237156492 0.3001849958
-2.1653526540 -1.1703067613
-1.1374392063 0.3172211102
1.5908994386 2.0283449650
0.1211962791 2.3256491905
-0.0063103980 2.3234912136
1.5833703918 2.6280465015
-0.9120641804 -0.6475309689
2.4155704177 -0.7027041880
-0.3698966359 1.7538735387
2.7898787387 -1.5354168831
3.1304471973 -1.4493834939
1.6057203093 1.8520110693
-3.1660668341 0.6517644989
3.1808964274 -1.7764770675
-2.2884227711 -0.6620329984
3.5171624492 -1.9702497385
1.9148251042 1.7860397280
0.1944857289 2.3940390760
1.2623024058 2.3963434347
-0.0671398981 1.8543237302
1.5334594057 1.9236579335
3.1109016979 1.2329757585
