1.4611503716 2.4562345910
-3.0659156122 -0.4605178364
2.8128405518 1.7806877788
-2.5782941070 -0.1745503534
-3.0416519001 -1.1256760788
1.8328876714 -0.5923633220
3.9583852112 -0.5706989599
2.5645878289 -0.4949704650
3.5994341826 -1.2175938481
3.7223994341 -2.2296848496
1.3639000373 2.3809056057
1.4668634556 1.9651732886
3.2515680234 -1.1141321200
0.0911677174 2.8506727552
3.8082041688 -2.3754386806
0.0976526781 1.5732233533
2.0176825991 -2.0043791774
0.9538589363 1.8677087168
3.9101469124 -0.6774710091
-0.5144102280 3.0941618011
1.8469456238 3.0607272887
-1.1882617890 -0.6078090401
-0.1150202810 1.5530332329
1.1132686809 0.9150502307
-1.3111712290 -1.1549613895
-1.3199701053 2.0560041111
1.5460307272 2.0762240153
2.5588098022 -1.9399035851
2.8890901897 -1.2807926424
-0.8805063945 1.7472969209
3.2673203292 -1.9848276870
1.8683547600 -1.5659970980
1.5988767358 2.3772567590
2.0496321739 -1.2065853571
3.2082129170 -2.0140491229
2.7710515763 1.0065570089
2.8296237230 -2.0658506470
2.7923816868 -1.4597580695
2.2624131461 0.7485218623
0.0899847204 3.6591655805
-1.9832974654 -1.4901000233
2.5212135464 1.5601350679
0.5125624768 2.8249688036
3.8032799238 -1.6047378667
-1.7256443204 -0.6929226052
2.4050657879 1.9021730806
-2.3692973877 -1.0347388901
-2.2060088968 0.0995603602
1.3402072652 1.7596108795
0.7756331514 0.9476356128
-2.0175966538 -0.5788317908
1.6200631981 0.3560726528
-1.1102068643 -2.1811411038
1.2853020344 2.4817886800
3.4417955655 0.7768571359
1.1600486726 1.4873248855
2.7810838574 -2.1100588997
1.0630615123 3.3851248644
1.0334865721 1.9332892211
2.0704854721 -2.3132290294
0.9243045794 3.3062622943
3.1721917709 -1.5821791564
0.8508874803 2.1667549212
0.4228813647 1.0429626424
1.4120729385 1.5253417156
-2.8908086977 -0.1240859744
-1.3517022463 3.0152824923
1.2607522423 1.7371411568
2.7983027969 -1.4785889581
1.4683461599 2.2345451304
-0.6846702049 3.5069842305
0.7097657143 2.2793036184
0.3688452365 2.1864074966
0.4702041927 1.5405713697
-1.6877680806 1.8360306870
0.4740090472 3.2077372044
-0.5263713156 2.0108142457
3.4843039600 -1.6507003375
0.3862825893 3.2304312212
-0.0507532767 3.1965442738
-1.6974324466 -0.2562720587
2.1380660198 -1.8479615640
-1.9892184227 0.2681710876
2.1212541780 1.6704235779
0.4264961364 2.3980037831
2.5545805500 -1.0411294999
3.5459582422 -1.6044808711
1.0886626386 0.2289313551
2.7653355470 -2.2866346529
1.4809440777 1.2510434365
2.9301343412 -0.6697416838
3.4873244625 -0.9896245328
0.8618959965 2.6453788756
-0.2186445542 2.2061083113
-2.6386908929 -0.0824630526
1.2002369389 1.4181632924
-2.0155463386 0.7663301252
2.6774387260 -2.5523170779
-2.4517430167 -2.2030972947
-1.8192725333 -1.3861622407
2.6533553319 1.5521895726
1.4355295843 2.6302675866
3.6215492330 -1.3873854559
-1.8450753934 -0.1256551669
0.6029929559 0.9644848048
0.8275609503 2.7185900338
2.3215498795 -1.2570761961
3.3053388596 1.5793687562
1.8206388752 1.6074742589
-2.6096238706 1.8049724151
3.0844876956 -2.2891640099
1.4852021307 1.4622223304
1.0259545318 2.1510510562
1.7239874840 2.0296292092
0.4701125627 1.8993883741
2.5042410870 0.4528247657
1.2347395226 1.3559755803
0.7792247107 2.9595431921
3.8495520927 -0.3061085517
0.5559605194 1.6263731215
2.9768601025 -2.0385777682
0.6157461371 1.9435792863
1.0326572876 1.9475267451
2.2099714364 1.0280947428
-1.4802725852 0.1041539101
-1.6953752557 -1.6519972977
0.7354147624 1.3228221260
0.5876745383 2.2166416764
2.0545309547 1.6601812701
-2.8596848641 -0.2747491432
1.6302848105 2.5408985892
0.5106700456 2.1823549598
1.3459303035 0.2738161086
0.5471403365 2.7483943698
3.9493023793 -1.3203928039
2.1976211132 -1.6838952691
-1.2292488348 0.1354335936
3.4306048952 -0.9076900556
-2.0965455514 0.0661906524
1.3446597737 2.1941067463
2.3926629350 -1.9853646475
-1.3995971876 0.8813647937
3.9998721158 -2.2887479080
-3.1215502372 0.4737673294
-2.8181524134 0.0189728663
3.3372409411 -2.1398131451
3.2198189516 -1.6834693712
-0.4303338456 1.2793275345
-1.4443609042 0.5934710652
1.7078703693 1.8044523045
-3.2544732113 -0.1760011241
2.9169061756 2.2034393139
1.1990089800 1.8213987588
1.2353880149 1.9149688234
2.7938440178 0.3345149617
2.7963739382 -1.9632663842
1.4545240499 0.5147852844
0.2858967891 2.9986314178
3.0141580342 -1.8152326761
3.2177534265 -1.7182170415
-2.0985696009 -0.4771707232
2.8394375976 -1.3147080983
2.3984627171 2.1465278893
-3.2938606868 -0.7824486135
-2.6533763327 -0.2738533726
2.7571975905 -1.3606268308
-2.8676039880 -1.0028012315
2.9401044688 -0.6193717013
-0.1554112858 2.5266768053
0.5871934437 1.7351234175
-2.1475280847 -1.1770309106
-0.6591243925 2.3222595288
1.9299964371 2.4625096980
1.4441214353 3.7727197940
4.1806595307 -1.4244693373
-0.5208099714 2.2469157190
-0.0714480465 1.3829215207
2.9991566346 -1.0746091434
2.6605093530 2.2615097453
2.5589418343 -1.6146050637
0.6464407507 2.4814580597
-0.1040623367 1.5287149320
0.6461355213 1.8479047600
-0.2527679200 2.4575811354
-1.2772928270 0.1584658299
3.0648424170 -1.3481623599
0.3448876629 1.8832273990
2.0043481960 2.5847118624
3.1770239989 -2.0475211707
1.2152092646 2.1183562219
3.3488583712 0.1268253576
2.8452279354 -2.1533260095
2.9446200584 -0.7356889988
2.3291665249 -1.9989568132
1.0113169314 1.8649506970
2.0506229380 0.3425945136
-2.7594513927 -0.0910657446
-3.1260681793 -0.7235493304
-2.6091474073 0.9852330458
1.5009668705 0.6489561665
3.8354985211 -2.2165357794
-0.1774672843 3.9971830815
0.0384378200 1.4506721614
1.4211830088 1.8801176991
1.5024568483 2.5612443694
-3.0563027190 -0.8627285519
-0.4420674056 2.0552338815
2.3816602883 -1.1920801774
3.1331961081 -0.6241909219
0.4020184128 1.9760886116
0.2553873999 2.8011292653
2.3219271528 1.9004971374
1.5749019465 2.6297407249
2.9092967845 1.5451948378
2.4740461684 -1.0351998238
1.1185798274 1.3701699144
-2.7126028497 -0.0794456564
3.8919208903 -0.6985570332
0.0134956450 3.3878132879
2.4846718401 -1.5750476414
0.4345231023 1.6947347795
-1.7941172620 0.9344880494
4.3868983104 -1.5728387945
3.0524259889 -1.4926051646
0.2871251018 1.4513134116
3.4007015736 -1.7923655649
-2.8076545124 -0.6395677553
0.6268267018 1.7024856774
1.3954375019 1.6587094691
0.5948434430 3.0575201717
3.1627389604 -1.3240600797
3.4357025896 -1.7228979034
2.1081804041 0.5535445827
0.1078979497 1.8628503868
0.3742578849 2.0536056514
3.3230796373 -1.6939423479
-1.6837444514 -1.1697363312
1.0877361012 1.0650621998
2.8024165428 -1.7474150389
3.0639007886 -1.0390450090
2.8803590444 -0.6239839407
3.2588464396 -1.3598921891
-2.5139335928 1.0054563404
-1.6849524575 0.0135276913
-1.1800022427 1.0382905440
1.7469562807 3.0543238137
2.3818334436 -0.0584802186
-2.9814629023 -0.7743312102
1.1753342888 1.0956967872
1.5170448131 1.7546568677
1.7165590273 1.6577308596
1.2632627234 -2.3043379789
-0.5098833088 3.5892920970
2.8454638528 -1.8766574446
0.5690279953 1.5805786862
1.5415444756 1.7118475194
3.2032985645 -1.9005167321
-2.7978764635 -0.6919228545
3.2325244618 -0.6722019992
2.0317123141 0.7958912790
2.5438171870 -2.2497807676
1.3816110795 1.5981294832
2.1063849337 0.5151969232
2.7242064578 0.1650175852
-1.7268581117 -0.1979102685
-1.8648878840 0.5566479511
0.8965323392 1.6524168402
2.4778633825 -2.4399109735
2.2845264454 -1.9588278827
2.4736897394 0.7988221760
3.1874206254 -1.4753226474
-1.0939653886 -1.7735767675
-2.8246019281 -0.1199100328
3.6270106528 -2.4887348577
-1.4647479668 -0.0430061679
3.3208889934 -2.2098906220
2.0992195829 0.9723945565
-2.2178601300 -0.9850011907
2.9866940904 -2.0997047323
2.8203124818 1.5021209100
2.9322473380 -1.9095820922
1.5707374049 2.2358653812
-2.4503343528 0.1318975149
-1.8674059955 -0.1909957810
-1.8877298847 -0.3474040741
-2.0762642016 -0.2833148924
1.5899781375 1.2489462264
-2.2490203212 -1.4665864395
2.9995142151 -1.9036787392
1.5218998278 0.9100120333
1.9942062205 1.7266921953
1.5951710256 -1.6731867522
0.6720075388 0.8078880204
0.6854403904 3.8474757630
4.0834034156 -2.0751527658
-0.1613389432 3.6146728148
1.3700979936 1.1976622742
2.7857577784 -0.7595171592
0.6716522989 1.3498734789
0.0165955583 0.4899501218
1.1520944343 2.0102117215
0.5188731721 1.8239511185
2.3412518665 1.4420265002
0.6167180796 2.9667179539
-0.3927098865 2.4353824475
1.0779443831 1.4666468892
2.4362697762 0.0218916352
3.2082445009 -0.5786117097
-2.6795789119 0.3803276793
1.3408151000 -1.9424169876
-0.7812047048 2.4220434667
3.2323895820 -1.9366357543
-0.7193588129 2.2027533782
1.4177591970 1.6956383361
3.1114218412 -0.9069036761
-2.1119355190 0.6598720638
2.9118415052 -2.2316656120
3.5964352767 -0.7908133734
2.2980579392 0.6763357768
-0.0329388968 3.6934083676
1.3473783745 0.9621320360
-0.8118943602 0.7544297112
-2.8672618155 0.7102501025
0.1404167237 3.2502553708
2.4975173282 -1.5312135797
0.2621687649 2.5456633888
-1.6162357974 -0.1812411061
3.8806993358 -1.5333909497
2.2094009974 -1.6816976547
2.3503298110 1.3537312945
1.4147016475 2.2760319614
-2.3623996113 -0.3256786230
-2.2897747075 -1.0424986052
3.3723013366 -1.6994343327
1.1297489060 2.1468638031
0.3249399444 2.1165366928
0.1631613815 1.6744417745
4.6779960066 -1.5771636607
2.8939119882 -0.4155589427
3.7145774568 -0.7442099067
2.8405648149 3.8158002558
2.5034908506 -1.8523563522
2.3446903987 -2.2489332466
-1.3444213816 -1.4176911680
-1.1198050423 1.4432936163
-1.7626711021 0.0054512137
0.7975831882 2.9084577798
-0.6204506422 2.0447171314
-2.6158149891 0.1214409536
0.2613877614 3.5158192935
0.4124304462 1.7253934191
0.0881906795 2.2847805077
2.3102173786 -1.6259037535
1.2550739122 3.1270309239
-2.4841548019 -0.0783192818
2.7639330999 -2.2237667368
0.9018650194 3.1920752278
2.0049728014 1.1041656599
3.0155736785 -1.6261753317
2.7750486136 -1.3286660773
-0.4065034184 1.0471413810
-0.2256306018 2.9510456067
-1.7231271659 0.6228842553
1.8064093196 2.9693377022
2.5927047257 -0.3089568810
-2.1153143084 -0.1821102635
2.1246214403 1.7552192682
1.0994966950 1.2248430936
3.8650081360 -0.6311112843
3.3621201548 -1.8536514558
1.7746173611 0.9664101870
1.3747665082 2.8837232649
-2.1027169697 0.0153557114
2.8091009706 -1.1612433725
2.3025771163 2.9398144565
0.5912271107 0.5483310523
3.3495000384 -0.0703756823
-2.3591924134 -0.6244758001
3.5978658930 -1.3987271914
3.7416714855 -1.1665463228
0.1512834634 2.3031726802
-0.8868393652 2.9164863974
1.5485509043 2.5947959640
3.2218815955 -2.1537176068
-1.9462729116 0.2323125872
-2.1861519806 -0.4624378868
2.5138389026 1.1133666952
-1.9906553922 -0.1376876092
2.8417525553 -1.9471013290
2.5099527013 -1.6557476874
-1.5966895716 -0.1941544819
2.7315682044 1.0518519500
1.6506815246 2.1585643019
3.5769439728 -2.0149198947
-0.3785911192 1.3716376173
1.2806636628 1.8798829334
1.4660448637 1.9192294529
2.8211629250 -2.0098803700
3.1415468060 -1.9358492885
2.0519003183 1.6036874963
0.4695192600 2.5312306058
0.9477711024 2.0264453557
-0.1066607539 3.0342831013
2.1403715040 1.6240036579
2.6887784212 -1.8528769334
2.8714170614 -1.8910928333
3.0110688685 -1.1986408418
2.5175341163 -1.3253888744
2.5184670932 -3.6027471799
2.5961313038 2.5319653059
2.4088977618 -1.1887616134
-0.3011724207 2.5332848678
-2.2854338838 0.6370768987
3.4878231569 -1.0548865815
2.4339366686 -1.3282602628
-2.4639811231 0.2997018478
1.4529690111 0.9636470957
1.7152642209 1.2248359067
-0.3928648637 1.9063286941
3.3798315604 -1.3419144523
-0.5636706562 3.5684390158
2.4611683957 -0.0279913343
2.4552109893 2.4277144403
3.3147559589 -0.2781127883
2.8343271595 2.2801955861
-1.3219028567 0.4830326247
0.2772845865 1.4261460918
3.1151957089 -0.0803449975
3.0143191461 -1.7661065864
0.4569507408 0.8409775608
1.0452457681 2.0170662508
1.6521255538 1.5344873889
2.5816540807 1.5494041757
1.5628011101 2.9111958676
-0.6282052764 2.6924629689
2.6869885052 -1.4424755853
-2.3247464018 1.0671324424
-2.3675310907 1.0677741734
3.1085481615 -0.4972885578
2.7073662827 -1.1785391252
3.0271843703 -2.9794379959
3.0339096250 -1.5826050888
3.2639059938 -0.8270631941
3.1158088956 -1.8204234899
0.3300586974 3.4285952547
1.4455578816 4.5250054907
3.6547471885 -1.1279972301
3.4372059075 -1.7162567148
1.8647708310 2.2018642068
1.9510678273 -0.9469810828
0.3134145756 0.9334666504
-1.4623070830 -0.2761839873
-0.6014052430 0.0004044487
3.0881284340 -2.5997960049
0.4604305122 2.6640453896
3.2494050746 -1.8770794883
1.1815971044 2.0545334502
3.2757093505 -1.4411478326
2.9044910146 -1.3423811152
-2.3419228205 -0.5879383195
2.0089677646 -0.7949222893
2.0013085866 2.5643933966
0.5137153099 1.9943597380
-1.0814036963 2.6957570958
-1.6943306182 -0.2645368967
-0.0341146271 2.0972353671
3.1607148186 -1.0612535324
0.6480752452 2.7104559893
0.6666868424 1.3245576274
1.7330070090 -2.3881392267
2.9828264245 -2.6839215207
-1.1857578677 0.7949261820
1.6791900720 0.1261612860
-0.2330044087 3.1175833994
-1.6063077996 3.5557463366
3.5159501656 -1.3555546813
-0.0938936570 1.1437449988
1.2152457123 -1.2175387298
1.1628122208 2.0740393003
4.1585981560 -1.2677825732
0.1559240236 1.4802687642
1.6125018263 2.3440835314
0.6296053409 0.8568494418
2.5104976719 2.0950498374
0.4617405466 3.4525306876
0.7773214462 1.7992567574
2.0662975161 -2.4327410623
3.7595097240 1.0694388124
2.6381381642 0.7733470278
3.8108886119 -1.2745825261
1.4098105250 1.4854847408
2.9149752089 -1.0972935704
-0.9369681102 0.5348924695
3.4643299776 -2.8732239032
2.5757776754 -1.1058661408
-0.0546650765 1.4886067928
1.9651584023 1.2528291202
-0.3714444814 1.0880700442
2.6596295055 -0.4386541613
-0.6602646019 3.0050132174
3.0683662127 -0.9218807797
-2.3931926829 -0.4583396650
3.6512331670 -1.6100889878
3.7745456144 -1.2359481533
-0.4945889085 1.7368415363
3.1980886173 -0.9412955969
1.7505744771 1.7795578049
-3.2260422419 -0.1593036917
-1.0519551103 1.8033298826
2.3808074111 -1.0959826581
-2.2010207892 -1.4383359605
1.8997815703 1.2058111950
-2.3969232381 -0.0582899234
2.1463868767 1.0472620060
-1.1698278362 -0.2769719008
2.4053036604 -1.3211617945
3.4218215855 -1.5086220699
1.8280206615 -0.6749100187
2.4404368821 -1.6002276097
1.1301151853 2.1830557283
1.2311507132 1.7997535074
0.3315752931 2.4578240463
0.9117038218 1.6469063301
1.0158111555 2.2365197195
2.9297966964 -1.5976172231
1.9620122564 2.3290928098
1.2087373210 1.3064000820
2.3701771459 -0.8342740374
1.0359583157 2.2957613047
1.8834862056 2.8797839588
0.0483884228 2.2291870889
2.1494454506 -2.2823956585
1.2345372916 2.1340446915
1.9152615173 1.1677187828
1.5391193597 1.4390155588
-1.2633320210 0.8404326703
1.6841910184 2.8056932232
2.7419877740 2.4769209031
1.6985015423 0.9354495248
1.8634716125 2.5620300767
0.0820425850 2.2138269330
0.1761584604 2.4630432327
3.2198359740 -0.9711938680
2.6949954487 -2.4954803597
2.1823927971 3.5941649441
2.8645244805 -2.1573105749
2.2456534928 -1.8612949591
-0.0857400073 1.8320164858
1.9376324369 -2.8353444718
0.7513516351 3.2098204017
1.2711408934 1.8291389983
-1.9702922332 -0.8646270218
-0.8107547058 2.7268814860
1.9472992103 3.0871291249
3.0910527054 -0.6701141258
3.0694841092 -2.5788011122
-1.5048983996 -1.3831246810
-2.5967043222 -0.2100568177
-2.8137801277 -0.0772901733
3.8329425796 -0.9752094248
3.3836594321 -1.2345463406
3.4272791495 2.4545855049
-1.5032709250 -0.2409834159
2.5899716813 -0.5609793360
0.4110503195 2.5395873158
2.5648631145 1.5469980247
0.2370412118 2.1421325875
3.3477470404 -1.1368019278
1.1390797622 1.6185712306
3.1056395594 -0.7846819084
0.1069770154 1.7222580843
2.9955436620 0.4267552878
2.5737781597 -1.7133647601
1.6059330228 2.1103397944
1.2181177486 2.0598961563
0.5443112882 2.4361107967
-2.2703957814 -0.4488662478
-1.2463438749 -0.8192072013
0.9485707700 2.4330983490
3.1089673814 -1.8425661114
2.6963038468 -1.8725825959
0.8547386477 3.3034778063
1.7413015705 1.0216415834
3.6654639869 -2.7561637889
4.1225940555 -0.7290024429
0.3989989654 1.9052782707
2.9055995870 -1.4507350473
2.8162871032 -2.3597522079
1.9433417559 2.9064858083
2.9492769846 -1.3122763537
-1.1639250402 1.0900878245
3.5623776931 -1.9746971805
-2.9242762117 0.2998715537
1.2419810956 1.7980065990
2.8328412740 2.0027741352
-2.4749077510 -1.0715402173
4.2312005955 -0.9186050213
0.7909600874 3.6045853125
-2.3670472671 0.2368820432
0.7115914083 2.1220018050
-3.6353848723 0.4852976539
3.3410289788 -2.0639547613
2.8109747994 -1.3776907342
-0.1192881085 3.7550581479
-0.5772555789 2.6715850378
-1.7879225938 -0.5852170377
-0.6877983129 2.2721618361
0.5780404316 2.0524277854
2.6423885826 0.1658469405
1.3602056033 1.2426901498
-0.8389535396 0.0326377091
-2.7888484348 -1.5224512713
-0.6723619532 0.5593467094
0.0616187649 3.3527652558
1.1217873919 3.2430209773
0.2392495375 2.8441687951
1.8373228005 0.9423139555
-0.4499140071 2.4634504363
-1.4501335664 -0.3062234734
0.9941201100 1.3395443715
1.8340017413 3.0924741241
3.2115791147 -1.9585646572
3.5640052613 -1.8466002891
0.0917776938 2.7413291472
3.0506395895 -1.7946832622
2.6969002564 -1.6501593656
-3.0764260193 -0.5099788755
2.2069532276 2.1112897113
0.5388446179 3.2483911649
3.8090294208 -1.3587878352
3.9420667193 -1.9429680309
2.9921248217 -2.3351547128
-2.8896309236 0.7778585090
0.9284563086 2.2521808496
-0.2870322357 2.4424031374
3.1033021382 3.2312487620
0.0668867391 2.9860768924
1.9766297931 3.1857956813
-2.3564690432 -0.7549894396
4.1839007191 -1.8988888148
0.1509650118 1.5292897535
0.5240496169 2.8180742726
-0.5820277812 3.4675798565
2.4091211602 0.5602814973
0.2854220919 3.4743885497
1.8509981561 2.3274725867
1.7571263133 2.6367840819
3.2322277023 -1.2077747839
2.3525856940 -1.6715745938
0.0653101434 2.1747893467
1.6789495954 2.9855947848
1.4734720607 3.9439438317
0.4041046490 2.2698087841
-2.3241014402 -0.2749865438
-2.2918907356 -0.2740857248
-0.1002965261 2.1541016846
-1.4717285953 0.2933574899
-2.2893800028 0.6621825118
2.1415548271 2.5232309804
2.9308117175 -1.0871064517
-1.8136213797 -0.5436577410
0.2633957251 2.0511081329
1.6685167378 3.7512475621
-1.0759882507 0.0689938274
2.7541373002 -1.9642110218
2.8967928550 -1.5198067894
2.6349684070 -1.7698729816
1.6095604237 0.5904530915
3.1428521097 -1.4385450320
0.3863683746 2.5225013796
1.7805475575 2.0682727880
2.4459920733 0.7884250378
-1.7151074235 0.2876377235
-0.9685475770 1.6512439527
2.8075844817 1.4760255457
1.9605367387 1.9336192945
-0.3936366655 3.6112386521
0.7636465736 2.1286680127
2.8563671553 -1.7515676708
0.8059115726 1.2310875000
-1.5077261825 0.3566946777
2.3815986626 -1.2475961125
1.2430865094 1.2494050725
1.6057525382 1.8655680249
-2.9293846670 -0.6243110897
2.4526593188 1.2338287307
2.6923864018 2.1627665146
3.0364358417 -0.6495968144
2.8597225830 2.0059208105
2.8893472323 -1.5367269727
-1.1280297162 0.9351320180
2.2081346007 1.4221339271
1.8132783446 2.3042287540
-1.0576082198 2.7243106749
3.4293811138 -1.7487887200
0.8045981432 1.4873934600
-0.4433130450 1.2999591104
0.9548740599 2.1478673228
-0.4154931286 0.5953406969
1.7387453898 -2.9591292784
1.7050027879 0.1048170085
1.2907092303 2.2120693577
-0.7875841383 1.9634435933
0.7047054994 2.7004258396
-0.3002493492 2.7461938126
-2.0619651260 -0.9129154635
3.1360408225 -1.1326695370
-1.9343851892 0.0374942495
0.4831018477 2.3344267072
1.4919183320 2.5474970029
3.1967668653 -1.8418156745
0.7779989362 -0.2028790171
1.9450061535 2.7474840834
-2.7130946890 0.7313734425
2.7333919069 -2.1537592431
1.6267837324 1.3068180878
-2.3619680057 -0.2692889542
1.4372805294 1.7797026300
3.0427064327 -1.6245846223
2.2465866688 -2.0655701689
0.2683431039 1.4839086447
1.9659707698 0.2599464335
-1.1092720680 4.0719905904
0.4799920079 1.7793577891
3.5668942421 -1.4093513839
-3.7574540729 -0.7551227338
0.4423441753 2.0180006966
0.8734899982 1.6989357522
2.7104253404 -2.3385358275
3.4660037163 -0.2514039679
3.8090351176 -3.1347221785
3.2031132418 1.3228510611
1.8148962379 1.1687677489
1.3572928070 1.0007113116
3.1960185969 -1.8077607793
-0.9002814658 2.3492854049
1.3319782455 0.8555647854
2.5927630723 -1.5984396501
3.3598271072 -1.1424331996
2.9580875387 2.4236430806
-1.6174873434 -0.9354083248
-2.6736581272 0.2743951833
3.1944773391 -1.5041147293
-2.7244069727 1.5264022580
1.2686533273 3.0033300638
0.8132605943 1.0743950285
1.4298108373 2.7783243824
0.6211608231 3.8074449827
0.2589502272 3.3410451874
0.8900267196 0.5510861724
4.0625242641 -0.9666303773
3.3849185314 -1.3799521269
-0.7977834489 0.9412605421
1.8003832914 2.3410273777
-0.2302119261 1.8272354994
2.3805783833 -0.7412735107
0.7060369506 1.0124298322
0.2016332607 1.8414161357
3.0280411130 -1.9195743411
1.9908994195 1.6778818271
3.4917473293 -1.5291557803
1.9551940807 3.9639943393
0.9934406839 2.2096916378
2.0662602434 0.2330806020
2.5889751444 -2.0453657582
3.2947823032 -1.5537143197
1.0624697806 1.4523719125
-0.0428745618 1.7437583029
-2.6251127752 -0.4416201788
-1.9179865050 -0.9793492747
-2.1310020425 -0.9882017386
0.4116971313 0.4733412457
1.9193201938 -0.7448371838
-3.1887415473 -0.6929102822
3.3114415521 -1.3438675515
0.7341937616 1.9127500696
2.7873843481 -1.5775986411
2.3026791039 -2.3034064436
3.3393572091 -2.4654261467
1.6797450112 1.9643171106
-0.3987125248 0.1448370073
-0.6461355619 3.0313230672
1.6297019980 3.1803623920
-0.0243653152 0.0691507062
2.4005033097 -1.5751014890
-2.3778894781 -1.9000633614
0.2541958708 1.5067223295
0.9898914087 2.0203507542
0.5441449178 2.3706499128
0.8766888492 2.6463440651
1.3976878701 2.2103407656
1.2304266981 0.7815506136
0.0770998493 1.7950006008
-1.5763660239 0.6344292687
-1.2969820606 -1.0651491555
0.0662298758 2.2745258647
2.9308039585 1.0783740179
1.2729671363 1.7082529145
-1.8934864589 -1.0865393872
1.4294631484 1.9336099644
0.9952588217 2.6518634039
3.9654762709 -1.6642966868
1.6833489853 -1.2406609294
2.8413535223 -0.8866103508
3.4443094171 -1.9230233937
3.4614560316 -2.8953559942
1.0606812495 3.5955982828
2.1303087174 2.2862667611
2.5614728871 -1.2003574606
2.1505447764 1.3363889945
2.9503339404 -1.5780251537
-1.7335410101 0.4842640506
-0.1074589123 2.9427707412
0.5145945891 0.6167267157
0.6588361529 2.4462612008
1.4968338643 1.5250878530
0.0433710646 4.7326433642
1.6493457059 2.0374645514
3.1137574790 -2.3836217021
0.5515859792 2.8915486481
-2.2619347722 1.2835016818
2.5587778911 -1.1375361883
2.2583294745 2.0729120648
1.8307442944 2.3256246560
-3.1211615290 0.1164302997
1.4514645384 1.4058222670
0.8071510406 2.4433375393
3.2690651833 -1.6655610520
0.7313020148 0.4934992216
2.4755237564 1.5158405380
0.4144003608 3.1498930333
1.0419983764 2.2159718359
2.8720165644 -1.3336646169
-2.8353243302 -0.3617187824
2.4060058405 -2.7154538754
-2.4307803302 1.9420648441
2.3974421125 0.3000831884
2.5635584305 1.5665659596
2.4995288614 1.0736495312
-1.5260744882 0.3294177746
-1.3014364283 1.9513250377
-1.8424101074 0.6745880042
0.2095187357 1.9946474521
2.2831587459 -1.1128731189
0.4151723966 1.7956917160
1.0896038017 1.6477656243
-0.8363091849 1.2309265913
1.3524986604 0.3457851382
1.7883099051 2.1174755272
3.2504437067 -0.5264569459
2.0303380773 1.5476201340
-2.2092818149 0.5345548093
-2.1097531380 -1.4211143337
2.8878715898 2.3202808212
-2.4347553049 -0.8561111051
1.0087665949 2.4127301011
3.1048363512 -1.5472437376
-0.1902648177 3.1567529302
0.7537847909 1.8492837012
-2.6443015634 0.2691913292
3.2347938612 1.0559823490
1.1030826090 2.6646311885
1.3608616406 1.2598000917
1.3454758421 2.0715829175
1.1713835441 -0.2278644994
2.1462800798 0.1144243689
1.8331934247 -1.3856933544
-2.1473440050 0.7534212737
-0.7327812602 0.8773118860
-0.0093878844 1.9117767522
3.6495353134 -2.2623787699
0.3818011127 1.9108096339
-2.1964019891 -0.6473665607
3.3218519131 -1.3715930308
0.4988397828 3.1165430975
0.1019445182 2.5776424639
1.4137649178 2.3330935669
-2.5065872647 0.0218776519
-0.0021867812 2.7229645792
0.3737121334 1.8329207558
0.3142156658 3.2601394341
1.1563547932 1.9359043760
1.5470878402 2.6180142442
3.9455287093 -1.5420649621
3.2418410613 -1.3179404461
0.7470598615 1.9831149713
2.6265619095 -1.4611753923
3.5459154200 -2.5862109615
-1.9687852343 -0.1405280296
-3.8362369212 1.0691723733
-2.5028594797 1.7526201616
-0.9730883691 3.4156623053
-2.5049687326 -0.1531189419
2.8037592324 -2.6085638427
-1.2578200863 0.8231938327
-1.9944665193 0.4691333320
3.2692642651 -0.8680638356
2.5096312606 0.4200142605
3.6164841830 1.8951011800
0.7996597676 2.8819239911
1.1021523416 0.7415013007
3.5508192164 -1.8186686233
0.4620532640 2.6309418242
0.9658928219 1.2176942458
-2.2429527179 -0.2788758147
0.4521235012 0.7252284093
2.8735451903 1.6317330753
3.5364012721 -0.4393246397
2.2231356397 3.2946549028
0.7702693485 0.5909469086
-0.0312334873 4.3721651324
-0.2741677107 1.1733229399
2.4278904427 3.0886646958
0.1267179749 1.3731817449
1.5658413165 2.5521791012
0.2974578079 2.5996406913
-2.1030471598 0.3968308188
4.3846698597 -0.3370974191
1.4481704231 1.0263552142
2.2150345899 -2.0921463419
1.0074508213 -0.0212826131
1.1246533570 2.4332456935
-0.3906220874 3.6459639913
3.2535415647 -1.3223883016
3.8461110274 -1.3188628106
2.1234650937 1.1712864574
3.4944629780 -1.2902674408
1.1538267634 1.4629841717
0.6369001625 2.0267355372
2.6884624501 -0.7088286082
1.3660277366 1.8114467443
0.0623615651 2.4444304013
2.6456212189 -1.7471620081
0.5175411730 2.0627233200
1.6001778103 -0.5525011075
3.0240691629 -1.0157070564
2.6633463918 -0.7268996616
3.3209797567 -1.8095987495
-1.9436617045 2.3259880117
-1.9939210325 3.1262769016
-2.7764578595 0.2211169699
-2.4186464517 0.0371443015
2.5014921831 -1.3377753075
3.0248880047 -2.0861741023
0.8143206957 3.9151480186
2.8511098397 -1.1259078154
3.3892229390 -1.9182127429
2.6994996629 2.8588697800
3.1467664391 -2.2450227748
0.5636461212 0.4923968009
2.8857676152 -1.8207964985
1.1709853543 1.5178378709
0.3411568694 1.7664710849
0.1008107021 1.3585090072
1.2793737693 1.4800455941
3.1943752655 -2.1229927996
0.3188699903 1.4821041974
-1.1776138572 0.1485244372
-1.8117002399 0.1646467013
2.7013864610 2.7323128614
2.8489445663 -0.7532218660
2.0701093604 0.8248719289
3.7242726708 -1.1073829908
3.3139045124 -1.6724669038
-2.0593710593 -1.0420924325
1.8173482724 3.1734078319
-3.1020226981 -0.7078710705
1.8104716701 2.6446391456
2.1679675128 -1.9383548780
3.9595510902 -1.2239675338
2.1187083001 2.4411630631
3.3018906251 -1.1273401326
3.1208827762 -1.5497330774
2.0916680932 2.2211316365
-3.0468967862 -1.3923240585
2.7492010464 -1.5253038266
1.6840324435 2.1528402809
-0.2358841666 -0.7070184765
0.7230840563 3.9699169548
3.2361724921 -1.5380029489
-1.7549564685 0.3023989876
0.0021371874 2.3501036855
2.7575054584 -0.8744715368
0.8131835116 2.1857069921
3.2545614350 -2.3340937054
-1.9381051624 0.9218578762
0.3681720350 0.2768562920
2.9674022793 -1.4880817689
-1.6099627109 -0.5161406545
3.6922338492 -1.0538979577
-1.1411355565 0.3636116296
0.2137121185 4.0137736931
-2.4363559559 0.5934677946
2.3387108633 -1.3879054191
-0.2972543620 2.4560328366
0.3617201137 2.6661637897
2.1362870985 1.4591274339
-0.2756553735 1.6506542021
1.5417566429 1.6896556079
-1.4008145599 2.7392910064
1.4265992529 1.7231610411
-2.8736302446 -1.0544395877
0.3133018588 2.2747072145
3.2080304838 -1.7962022002
1.3686024917 2.3533735193
3.2956627326 2.3536098158
-1.9645702731 0.4111847801
-2.6973468590 -1.2223551814
-2.0149798680 0.0101637610
1.6482667007 2.5201430659
0.4649196030 1.4673603541
3.5609577946 -0.7535550490
1.3815116849 2.5391082825
1.8158010572 2.1970325494
2.6389181591 1.8784721617
2.4552904959 1.3522127434
-0.2183043871 1.1966980749
1.1919993243 2.1419247742
2.6485806175 -1.1084439224
-1.4350465147 -1.3666919923
3.3790240758 -2.5331260744
1.3107171074 0.6602349016
3.1429441325 -1.0952655048
3.4062609266 1.3092576104
1.5463912959 0.7904818162
3.0130096832 -2.4258784164
3.9492235131 -2.0973657442
2.1647733432 2.8833415415
1.3197402500 1.4460294977
0.8298506513 3.2931078380
-0.6983924353 1.6078611353
3.4781346131 -1.0613721904
3.0596648402 -0.4477859673
2.9478569114 -0.2013413443
2.8903781869 -3.0354240438
2.3594987736 -0.4563010046
1.0658626818 1.4685606426
1.8670918465 0.8100969565
0.2124352671 2.5981574776
-1.1997507613 2.8163739278
0.4991686379 2.3405870738
4.0488186725 -0.9051175222
3.3593273111 -0.2930498080
-0.1457970775 3.7829340211
2.9343620786 -1.9641833187
1.7374608582 1.1159019422
2.9028501806 -1.7064909518
1.0775612372 2.1072548030
0.7654841654 1.7602513525
2.3179099139 -2.3824412510
-0.0668773131 1.7508807393
-1.6145021815 -0.1149705068
-0.8417901070 1.2373459728
2.4930284529 -1.1960013381
2.0741649939 -1.7489692283
-2.5214671920 -0.2235013376
3.2372929080 -2.2686547537
1.0575292754 2.2286255398
-1.5425067726 -0.2250145571
0.2079113227 3.4989494468
-1.6686760537 0.5868770499
0.5810472447 2.0409390703
-1.8283070895 5.1904182276
3.5041728675 -2.0409478454
3.6336072460 -1.7068295806
3.2797612547 -1.6168762181
-2.8612674137 -0.0887240920
2.0431728022 1.4539728278
2.1750392364 2.0169636524
3.0782008561 -1.2142472054
2.6944291253 -0.9315547568
3.3638966948 -2.0411661932
2.1458178963 -1.4820534648
3.8076672929 -1.5135410532
2.8976055442 -1.7525080320
-0.5719362702 3.1125423891
2.1164696814 0.7185580143
-0.4147596751 2.2194622154
1.2777069332 1.5891710749
-1.8468099771 0.8603670810
1.7094381708 0.2823324924
2.7815949504 2.0957661380
-0.3264903831 3.9153872113
0.1754465794 2.5612485805
-0.4414733421 3.2757344135
4.7080526326 -1.6315854798
-3.3490772264 -0.2380372240
0.0140731704 2.3100544736
0.1713864941 2.5294903414
2.6614485815 -2.1179724269
0.6995949088 1.7660293565
-0.1771271393 3.9316024621
2.2761943056 -2.5664109666
3.8292955495 2.7887247626
2.6679838356 2.9515468703
-0.1305389226 3.4367021060
3.2338770211 -2.1279069288
1.0981626918 2.9113219979
4.3952853008 -1.4349538115
1.1255019206 2.1868929104
-1.9997857508 -0.7895296189
-0.9474573378 2.4220077054
3.7262787981 -0.7527681001
2.6482313733 -1.2274717551
2.1850837977 1.0533040955
2.8120719531 -2.0036599392
0.2476153012 2.1241737355
1.2265559789 3.6476111518
3.6002717179 -0.2448169247
-0.4094145666 3.0479542457
0.9327624056 2.4490644953
-1.9371933626 0.5292207118
0.3744631932 2.8577012991
3.5035183992 -1.3078120632
2.2337528842 -0.0667691879
3.3222328668 -1.5736372859
-0.1131988628 0.5816333815
2.7023202525 -1.9690223405
1.0905563663 2.9312312127
-2.1265819667 -0.1485802906
1.8048987179 1.4084342878
2.6646322025 -1.9773292247
1.7717437716 2.0480632575
-2.4794080505 -0.0925844950
3.5620864865 -1.1521154136
-1.4333196272 1.4592991216
2.8671930787 1.6239076048
2.5156767382 -0.9598942463
1.0119521377 0.9527636287
1.3760845310 0.2392168524
3.0356213600 -1.4722433452
-1.6421278169 4.0343705898
0.7893292969 2.3253973655
-2.4939771388 0.5109339880
0.2535606600 1.4432048429
3.1127619519 -1.9297458499
0.3012482356 4.2870330623
1.6783832859 1.4045827240
-2.4773461019 0.7546686866
-0.5752583952 0.3316106007
-0.2181383145 2.3278162041
-1.7339101832 -0.6955612446
3.3870492033 -0.6969416814
1.3866777459 3.1516673895
1.3718943710 2.8657497537
-1.0420005717 3.1248086090
-2.8956007401 -0.4804865470
2.4198049962 -1.3543300164
3.5394777478 -0.2738923433
1.6899856047 2.5304786235
1.8199418934 2.6159908113
-0.7189513192 2.3466808520
2.6485654840 0.8678746636
-1.9643489187 0.2586652137
2.7761484856 -1.1537546136
1.6973509577 -2.0159073350
0.5957266990 1.3147257523
-2.7972968882 1.8278389257
-2.5654024659 1.2262996690
1.9407192315 1.3714429353
0.6303656023 2.6397720065
3.0214340425 -2.1648420635
0.3492251342 1.4939066217
-0.6726284870 -0.9892042943
1.7378476191 1.2792175731
-1.1435978777 0.2343971545
1.4716882920 0.9142533644
4.2027367122 -1.4676083309
2.3024427307 -1.3973341359
-0.6255829584 1.4868774021
-0.3569972226 2.9055082562
-2.0705899146 0.2926860091
2.6837625527 -1.9182217764
2.0546147689 1.9112000089
-1.5990530968 -0.6047697304
2.2825759023 -1.6946110088
0.0785345329 2.5294915437
3.1923898773 -0.9611481047
-2.3266479583 -0.4206488864
0.7027459878 2.3404444572
1.6602353581 2.6647008087
-2.5795175170 -0.3871732356
-1.7459910885 0.1814125073
-0.9579901520 3.1766840704
3.7540181804 0.3752228846
0.2289506286 1.4158440289
-1.9027792713 0.5093826947
1.8809727928 -2.7086284587
0.7253548582 1.3315895472
2.1186451749 0.1596936371
1.3741348045 1.8449902936
0.7709566783 1.6307629891
1.9951886139 2.2388036775
0.8330735123 2.2536003622
1.6386677794 2.3070222546
2.3200775280 1.4648604286
0.6259150762 2.6777356555
2.0635107996 -1.6667512841
2.2013538209 2.2652473411
3.5334332146 -1.6563042678
-0.2257629850 0.7565071655
-1.7652164425 0.4056016271
0.4511324937 2.0163131986
-3.5484712366 0.0927643790
0.4855884802 2.6315942075
2.8355981665 2.7852075980
1.0079151066 2.6788655781
0.6149770353 1.8352327060
1.6681599662 0.8876562474
3.3908476040 -1.4757871706
1.8858050385 -0.9077355593
2.4332578063 -0.8343138012
3.2929706218 -1.7091789151
0.7549780265 1.6251499466
-2.7502330392 -0.7164515406
1.0145418548 3.1632812575
-2.1401106164 -1.2906391757
-1.6372100580 0.8353078844
2.9327594730 -1.6910138684
-1.2287322025 0.3136876017
1.5937287202 1.1671618348
-3.2898715001 -0.7623917019
2.5867861017 -2.0924109544
1.2152054522 1.5060219284
-2.0105126427 -0.4230839827
2.0794366682 2.7357754849
-2.1809976847 -0.1318748284
3.2987892714 -2.5202809126
1.0429802245 3.4056432379
-1.9898295788 0.1967929176
3.2696174226 -1.1014243548
-0.7573472437 2.8293334267
1.0105439624 1.3473056816
-0.2227557934 2.6128020924
1.5670637726 1.7198151166
1.0022745277 0.9270670224
0.7776120274 0.4430889497
1.2112542409 1.4801132866
0.4525265846 2.1633396094
1.0789064730 4.0910623185
3.1657556523 -1.6626279373
0.3169374079 2.7245265254
1.2036260961 2.6946920379
1.6832746750 2.8782056534
2.3153589114 -0.5435936625
2.0343852774 0.0095201956
2.0343643805 -1.6102430793
2.7545339086 -0.8050538824
4.8536435222 -1.1555762305
1.1954213885 2.3425438720
0.0659495323 4.4611649288
-1.3592046444 0.9317661589
1.5216718360 3.9057270112
-1.5105796755 -1.0097356932
0.1200906171 0.8773326470
1.3339110823 0.9555142005
-0.9120430378 -0.1611599275
1.5498319208 -1.0503921165
-0.4528097643 2.8545919056
-2.8970113823 1.1366552314
1.1938660068 2.8270983510
1.7587836646 1.4680273968
0.7185334086 1.9399516328
3.8025046075 -2.6475144370
1.6140186390 0.6178211263
4.1239074747 -0.9442042687
2.9566647703 -0.8091805256
0.0338050696 1.7851614270
0.3456107279 2.9847433446
2.1163585860 1.3973123737
-2.0752295825 0.3686865867
3.3431032342 -1.9130137575
-1.8694381287 1.0055227529
-1.4178502123 1.6487994904
2.5511211762 2.2667408288
-0.8420015653 1.9051817026
2.3409398895 1.1064110261
1.5266933897 1.5761410401
3.8586882806 -1.4118233723
1.2126979309 0.9302692958
-1.8430038194 0.1822229863
1.7232170313 2.1239961439
-2.0036047200 -1.0547072569
2.4553262366 -1.4408163625
2.7632419549 -2.6462090209
1.7407122137 2.0318125329
0.1519002788 4.0107751621
4.0701002005 -1.1941374942
3.5573053302 -1.8390449618
2.7763917302 -0.3902171483
3.3723139496 -0.7704030509
1.3666263606 1.4456530502
2.7458657684 -0.7331274067
-1.7802810276 0.7445691862
0.2342779847 2.0458453111
-0.6445736055 2.4634622623
-2.6328176891 -2.1422180426
2.0057593880 2.7877195306
0.4587179332 1.4050263683
4.0769207572 -1.1037583672
2.2725508543 2.1258362769
1.0507066178 2.2549219038
3.0329262001 1.6685410885
-2.4676963896 0.6190704706
-0.1456174110 1.9277644426
2.6318017780 1.8822698805
-2.1740336956 0.0604168373
0.6662689160 2.8747556461
2.1053421681 0.6043163777
2.5688447101 -0.9506729318
0.5866950640 1.4991585895
0.9133276684 1.8424442254
-2.6224928551 1.4519407778
-1.4395824206 2.7723297159
1.3597072594 1.5095244704
1.3673135318 2.2162452597
0.4721330474 2.5182195460
2.4188144792 1.1639232979
1.4503857816 1.1822932431
0.6880619655 1.0467989168
0.4548558066 2.0808565785
2.5945045866 -0.1846634107
-2.3710474467 -1.1177615352
-3.0451244306 0.0690983748
-0.2459734087 1.4714895249
-1.8344558108 -0.5669472444
3.1011432643 1.6035881650
1.9133698873 2.8230509453
3.4390316402 -0.9091825570
1.9669711295 3.1250775160
-0.5149364539 3.4333610650
3.2190344146 -1.3016715797
1.1324667044 2.0900950158
2.2988145111 -0.6897358961
0.5083095693 1.8773709310
2.3560157253 -1.0056763396
1.2487279928 2.4449017718
1.1668531803 2.0733727615
-2.0184702308 -0.3576661657
1.7865467668 1.8750999284
-1.1006413726 1.2731469445
2.8531785316 -1.9159172440
3.3043247585 -1.4638069641
3.0499227176 -0.3963778867
1.5396715963 1.9234491379
2.6877329441 -1.8218679450
2.2584568397 2.5910907859
2.2177271566 2.1086553080
2.1483565667 -1.8257259313
-3.2282706991 1.1245198681
0.8528054287 1.2261789344
-2.7464083421 0.0431253873
0.7028268344 1.6210819769
-2.4471282142 0.0262904912
0.4350883007 2.2124939923
-0.1575193689 0.6355176306
2.3280903240 -0.1552275642
-0.5308325415 2.8538339370
3.5506446897 -0.8584847201
1.1146911786 2.7013912130
3.3514967255 -0.4741305411
1.2163519503 1.8403905082
1.1919521893 0.2459872689
-2.3926394525 0.6905944830
3.2858200940 -1.5096467922
0.0463181058 2.6482788564
1.1163111744 1.9720283249
2.7929522814 -2.6686593487
0.9162369040 2.3510616088
3.2880387563 -2.2212130723
3.0454480765 -3.2458541555
0.9019274474 1.8617251976
-3.2539754395 -0.7562863631
-1.8328810975 -0.6762328452
1.4876222409 1.2150504861
1.9268347118 0.9891187469
3.7013733663 -0.9187097846
2.5903342913 -1.0355380578
-3.1245845654 -0.5288309486
0.2287970692 2.2207605856
-2.5463188296 0.1457271410
1.0629034625 1.1277505674
2.3518514985 -0.9065676010
-0.4416595823 3.4766481617
-1.4588094098 -0.3622304396
0.5163653730 1.5235950925
-2.7990116735 -0.5060167218
3.1583425680 -0.9975191572
0.9111927146 1.8865257830
0.1709089363 2.3202811008
-0.0814402965 1.2569856724
0.8848913421 2.2538722640
-2.2913215427 1.3886362890
0.9567052719 2.3014261527
-2.4368395146 -0.6322468746
3.8761410718 -1.3514903157
-0.2128930537 3.4750651309
2.1263135591 1.0472633039
3.0403111896 -1.0699601544
-0.1263081436 1.8016811240
2.7594237663 -1.9333582296
-2.1340287130 0.2524392429
1.6627032291 0.7072821073
3.6163434234 -1.9054129684
3.9019523397 -0.9170015037
1.2827807535 2.2709903042
2.3372129026 1.2918596585
0.1202241216 2.0536793354
0.7048594921 1.7521194056
-0.8172164833 -0.2758476118
2.5676922346 0.9492453001
0.8454125122 1.4169739632
-0.3892956890 3.2747745726
0.7055796599 0.4952908528
-1.1440323402 1.0696098918
0.5048422572 2.0062099057
3.0045163468 -1.7660286632
0.7881455945 2.0847600524
3.2788814236 -1.3264907398
-1.0946911824 0.3680199511
1.9469271617 2.9127095484
1.4695816042 1.3793548510
1.6302378147 2.6234986559
1.6956622340 2.3320445295
2.9539874709 -2.1437491572
0.6050236138 3.0397334728
3.5327795871 0.7277797880
-2.6084373197 -0.7578684129
-1.2028105199 0.1935014026
-2.2259909651 -0.8795313382
2.7108123361 0.7032058518
-0.5802562654 1.7704054035
2.3737112505 -1.7826316916
-2.0292673366 1.4938187160
0.3764347356 2.3686748163
2.7526560307 -2.1129726030
-0.3260267896 3.0787181972
-0.9708548212 -0.5805481286
3.3842615832 -2.4954551751
-3.5022203883 -1.6757056982
1.7542717567 -0.7033576633
3.7104912330 -1.0942190931
1.4446470553 0.8087676532
0.2425883403 2.4038254237
0.4377421370 1.4334801199
0.2532222629 1.5572588461
-1.9599595045 -0.1415772227
0.4250185836 2.7427982548
-1.4720090265 -0.0129870860
1.1065196304 0.5810096276
2.6435756924 -0.4742775981
3.9535968090 -1.0842867748
-3.2232741400 0.3392932835
-2.0313730655 0.9799457783
0.3693635175 2.4950595616
3.6919427575 -2.3715709486
-1.2996417331 -0.8043426857
2.5259539482 1.3704659381
-0.4889608360 1.7613551667
0.1313804321 2.1615210921
-2.3371245941 -0.2167594072
3.1876048737 -1.9280239775
1.8213930103 1.6391632675
-1.8529657550 0.1446347580
-0.8293450474 2.5255986623
2.2289600632 1.1170494791
3.2972214631 -1.8149027272
-2.9537713791 -1.3221573283
1.5642493478 1.0286426689
3.7185970467 0.0813183396
1.6117793454 2.9517848243
1.3648546825 1.2542767860
1.8765351206 -0.1482538475
1.9651090171 3.0218234177
2.9303160107 -1.9384539927
2.2358543225 -0.7412231153
0.5574211248 3.6036081603
0.4237042401 2.1773198870
0.2922536334 1.6629843224
-0.4450207927 1.3428026976
2.0155454629 1.2236431803
2.6285266849 -2.3652805328
2.2505093379 2.2259849171
3.0149674500 0.0725049195
2.8521299825 -1.6988694369
2.8186775691 -0.7116301127
1.7817899739 0.7324463482
1.0600203675 1.2998153315
3.1691135124 -2.5307978257
3.2334772094 -0.7138454378
-0.6964535861 2.0056174336
-2.4806612720 0.1094422918
2.8137076116 2.5443124246
1.0405084438 1.9442144773
-0.0173412122 2.5752612304
3.6881264847 -0.9767699263
2.8572193627 -1.3850965804
1.9367155946 1.9331869742
2.0472903905 -0.4380264037
-0.9019669749 2.2530573999
-0.0714819176 1.6105651745
0.9417033473 2.8066126078
0.0542381978 1.9072656538
2.1258478408 0.1339427240
0.0757133232 3.0655755160
2.6036906616 -1.3671880623
-2.1093381176 0.9728980925
-0.8515405185 1.9049665056
1.5997618383 3.6705200817
2.5642883405 -0.7525256416
1.3619877449 1.5946435183
0.9758176959 2.7871538225
-0.0641108080 2.8400331674
1.9974518462 -0.1094184058
-0.8234736286 2.6024910320
0.4578361403 0.7461345512
0.5590226819 2.2535941811
3.5348586381 -1.3966983006
0.5777512633 1.8408607090
0.5698574258 1.7170700769
1.9474330527 3.2152766802
-2.2866488655 -0.8049960385
-0.3648385781 3.8980277546
-2.7418624633 -0.3776406823
0.7580844404 1.8846575008
3.4300936475 -1.0839091441
-1.2950076355 -0.4356647005
-1.8445321432 -0.5373476445
3.0354176232 -1.8530461238
-2.5712661421 0.1228410852
-1.9664511314 0.4293156378
1.4772058285 0.3339418005
0.1356210118 0.7490721267
0.4777015703 1.8035357956
-2.0765123646 0.6276260718
3.1877774860 -1.8291706239
1.7496158036 1.9051170761
-2.9469717466 -0.8518799682
0.1426108806 1.0610315208
1.7946502092 -0.7775246739
2.5289607925 -1.7829863411
0.7485154128 0.9194979351
-1.2198368171 -0.5458457857
-2.3095421801 1.2294453066
-2.7375601226 -0.3656404164
2.7912711715 -0.6288059661
2.5827020381 -1.1992203144
0.2656719207 1.4678760771
1.5162424403 1.5396144926
-2.6140137754 1.4642499305
-3.1326376658 0.9661528725
-1.8047270787 1.4026186411
0.1395985097 1.1584360304
2.4489288983 -2.1233194985
-2.8837808484 -0.1767622718
0.6635398574 2.3779137073
1.2763803596 2.0974803176
1.0554664098 2.0464701469
-2.4345574525 -0.2112080901
1.3966196754 0.8941631288
3.2204122462 0.9058315839
0.0606333995 3.7880010998
0.9485133095 3.0045142101
3.5262693856 0.1991412825
1.3155862520 1.5388066488
1.6200381410 0.7405972541
-0.7251083070 -1.4118769888
2.4350329612 -1.1577728780
-0.4294982046 1.7439397557
-2.4392187581 -1.0823671614
2.1263349419 1.7335659261
1.6015493156 2.4737044928
-0.4064220550 2.3176503239
0.5230115474 1.1972939754
1.4572382140 1.7748313015
3.1573308794 -0.6795606779
3.6668274973 -1.2710033025
0.3542054045 2.2553397140
-0.9549722157 1.6817047674
3.2265413630 -1.8332355907
2.1587350219 -1.7701639090
1.7350493715 1.3793148434
1.1538818183 1.7799319297
-1.2621639907 -1.0017793344
2.6689781080 -1.9816886161
2.6594747178 2.0920931969
0.4482103346 1.7563809165
-0.1601823296 1.6213657004
0.9449391350 2.2881239821
3.0109515245 -1.9111622334
1.9348662832 0.4722371204
-0.8560326206 2.6413299929
-1.4258216473 2.6373942709
4.3699580760 -2.1382598127
4.0749918516 -1.9334691213
2.9811364547 -1.2903756656
1.2879342143 2.3787538548
2.7104345950 -0.7368100605
0.9745785221 3.2453415780
-0.3161286741 1.7380092087
-1.2274044382 -0.3942197809
-2.3368147675 -1.2523391148
-2.1624942205 1.1542249668
3.2812166269 -1.2316336172
0.8277602419 3.3578344403
2.7323140951 -1.4200914154
3.6457968073 -1.6877653646
1.5774392134 2.2127306726
-1.6720723849 2.5336420059
0.6730251412 2.9532913177
2.1967721730 -1.4932912219
1.8304603317 3.8099366967
0.4451245818 2.4947138910
0.6627754275 2.2648719568
3.2415659940 -1.8192563965
-0.5717743668 3.0598911669
3.2898327899 -1.4428974200
0.2027977161 1.5266840734
3.4369532575 -2.7958261641
-0.4650890790 1.5155621234
0.5429554535 0.7484296501
2.0651019256 2.3129539334
-1.8099308009 -1.2000082259
-1.8970861173 -0.0238501827
2.5195017637 -1.6588147971
2.7714700358 -1.8404387055
2.1696823789 -1.9510240922
0.2533801428 1.6878939429
-1.7694599302 3.6440593254
-2.3538441172 -0.2379247248
-1.5857667596 -0.1873957461
-2.5716277658 -0.5567982212
2.5574499075 -2.2364507762
-1.2564040031 -0.8525694430
-1.2658141790 1.5363925597
2.1826375917 -0.2880971441
-2.8875092694 0.6262864286
-3.0503532199 -0.5759893692
3.2130612412 -1.0082287294
3.2985819065 -0.8767664367
1.4402758258 0.5625163509
1.7837383718 0.8992492418
-3.0715604887 -0.3239293296
-2.6838306144 -1.1797959219
-1.5173089272 0.2558770087
2.9998851715 -1.6449203382
1.4814165465 0.3481561751
3.4313870406 -0.3262316293
-1.5899006393 2.4625617809
0.4927685625 1.5317061785
1.4845261724 1.6362049795
-2.5483165037 -1.5000950361
1.8172690975 1.5106429347
2.9264544507 -0.9672818547
1.0273559233 2.4844747054
0.2711950629 2.7714981636
-1.6548528900 2.2904132622
3.2869567167 -1.4221533332
3.0557724474 -1.0466226143
3.6884058732 -0.8550549370
-2.8755830865 0.1028126425
2.7781322181 1.0049095695
2.6561782400 -0.4614014369
1.3584655550 2.4263453292
-2.1239531343 0.2140124524
3.7179959225 -2.1247053576
-1.6964722862 0.5327034485
1.3161662730 1.9541356479
3.4828558281 -1.0899648064
1.0870483713 2.1297862414
-1.6046209569 -1.3585402530
1.6227208051 1.7380410935
3.8237861478 -2.5816635522
3.5748190475 -1.2259029504
3.3536716466 -0.5054981368
3.3173842396 -1.0663249596
-0.2562418445 1.6866004823
0.5835887439 1.4460890553
3.1836496131 -1.1953437626
2.6071990508 0.9183909941
3.1058977723 -2.3282961217
1.1583756182 2.2791849518
1.2628652102 1.5536305372
2.5852429374 -0.5498645981
-0.2397947613 0.3971342070
4.1009820608 -1.8014005625
2.6085107676 -0.9616812681
1.8182712004 3.0310047589
3.2115005700 -1.4888126700
1.3191297268 0.2114379465
2.4490836635 2.0655743867
3.9777995204 -1.7387594619
-0.1831765035 3.2441223354
0.1573974346 2.3243816775
2.1108869434 2.6914304746
3.4391743589 -1.5022009679
-0.9119988350 -0.5566481870
-1.9727019752 -0.4851837846
2.4596450206 1.9988017079
2.4268828406 -0.5751407000
1.7100710514 2.5733306465
-1.9504703337 -0.2407622320
-3.4436884433 0.8981476892
4.1307093383 -1.3166944763
-2.4697720921 0.9481862387
-1.8167352525 -0.0419684665
-0.0993650761 2.6805241545
0.4892696614 2.0654003204
3.6008805344 -1.0678993924
2.6363639361 -2.2130461250
3.0820951702 -1.3467065022
-0.8944606918 1.6853014509
2.4489962272 1.5318258905
2.4099543834 -0.1956016437
-1.1756980233 0.1892582607
-2.0451814668 0.5167310255
0.1100940402 3.6041819932
0.9668527046 2.5643704545
-2.4475665287 0.7048212696
0.9434699772 2.8699216443
1.2531976520 3.4876358881
0.9369345953 2.5792299021
0.0475669463 2.5737845612
-0.4415254457 0.3087797434
-1.1922840823 -0.3500670229
1.1256161337 1.2459091362
0.5297338468 1.5071360002
-1.0557789115 2.3859165672
2.4551803652 2.6223878698
3.2443025047 -2.2496342820
3.8488566419 -1.3009042433
0.6915243812 2.0778013752
2.0955800722 -1.0321125861
0.0453860902 1.7284644906
-2.3101667141 -0.3203039308
-0.9614463562 3.3203908073
2.5585250726 1.3424829145
-3.8367716285 0.6945556947
2.8686597468 1.5435297388
1.7502107185 1.7610034736
-0.6722565850 2.9589342265
0.5557725329 2.8960271248
-2.6174889261 -0.0359453977
0.4273246719 1.5470769540
-1.4765881617 1.2027864166
1.9433300617 0.9067346621
3.8869951469 -0.9818925427
-2.6565437355 0.2500726232
2.3249016782 -2.7097574013
2.7164984585 1.9895767871
-0.0792592598 3.4001678055
1.5399652634 1.6197230393
3.1807004917 -1.6866586527
-1.9660437628 0.7755036396
2.4835981809 -1.3492874586
0.4055180230 1.0429297350
2.2756786891 -0.7342794308
-3.0523611628 -1.0089835412
1.8505021297 1.3216433475
1.5425599910 2.9932282131
2.7194041306 -2.0826169882
2.2874166339 -0.8746321955
-1.3136146317 2.5583759319
2.9178892961 -1.2402492663
-0.0979334124 1.9214473891
-1.9937369107 -1.1816674673
-2.8159896682 -0.7902450346
2.2252177603 2.2459772456
1.3709742159 2.0758743995
3.7717819951 -0.8287906341
1.1367541132 1.6218345255
2.9896930646 -2.5161759709
2.8402256954 -1.3012194270
-2.4929972849 -0.2007216514
-2.4483524294 -0.6181746704
-2.4948563302 -0.2917699520
2.8351992127 -0.6730740932
3.0077235815 -0.9498217142
-2.2317374302 -0.4182707996
0.2971131174 1.2960861672
3.0894986655 -0.7440930292
0.1704366973 3.2153968184
0.4085590355 1.9748773579
0.5130306851 1.1931649125
-0.1895476612 0.9469475276
3.5733956192 -1.2718000053
2.0771562513 -1.8094122544
3.3700914847 -2.2914579815
-1.2128147782 -0.5826232291
-1.4555607620 0.3880835430
3.7080686765 -1.0958129103
2.0214535145 -1.6567976599
2.9932210727 -1.8546794461
2.7612964912 -0.9006379571
1.8293388401 2.1718479402
1.6113571314 -0.0077614508
3.4895234614 -1.5801049441
2.4152120316 1.4745985225
3.1745709888 -0.6327304947
1.9192427142 2.3480215553
0.2962310356 0.9537030982
2.5141049700 -2.3664631213
1.6000242766 0.9225163540
2.8821366806 -0.7483053265
2.3151089213 -1.4741756837
0.6626062866 1.3944810569
2.4185473451 1.5181703837
3.1365006095 -2.0262939136
2.6888714359 -1.9651588551
-2.1374630794 -0.8060482943
3.7206019566 -1.3476206145
0.1149169704 2.4050161606
1.3626586160 2.1213335286
2.6404802135 -2.4431870800
-1.6164740987 0.5538770481
-3.8284789743 -0.3193715551
0.8339113219 3.2134539305
-1.5450983118 3.5201663472
1.1872068115 1.8990284588
0.4251982581 2.4075019820
0.1556441592 1.8025581974
1.8365954440 2.2129272127
1.0807984486 1.7094167931
-0.1099160944 2.8591114305
1.8552061621 2.6546366948
3.5152880521 -1.9626978745
-2.3288566170 0.0588890525
1.6321342421 1.4261429966
0.7793490277 2.3430094812
1.1376063261 1.8747424249
1.5739638784 1.1639473075
3.6109180260 -1.1807733290
0.7969861551 1.6341959455
-0.5827962593 2.7219545196
2.1977144265 -2.4357062393
4.5143513080 -3.3507274690
-2.6024866805 0.7283024835
2.0841422728 -1.1758273759
-2.7966060070 -0.2737401088
1.0972114770 3.4697355253
-2.2710862034 -0.9991232705
-1.9972054038 -0.5960247405
2.4573896922 1.4130387770
2.1554682155 -1.2795668389
-1.3168310941 1.0980186244
3.6841718747 -1.0233101881
1.7060651335 1.9980962166
-2.4992456380 0.2650252204
2.4495860153 -1.6811830985
1.4043161486 0.4684668037
1.5234671061 1.4774290619
-1.0947824929 1.1064963739
3.0723339612 2.5205857478
-2.5593799231 -0.9445956618
-0.2310083156 2.1886343490
3.7480366704 -0.8598136155
1.5996107972 1.9546790443
-2.9675287130 -0.7184841271
-0.5477854767 3.2805760697
2.1889902618 -1.7240057874
3.2916328579 -1.0177874108
1.1185271915 2.2703402475
0.5175899522 2.1964748547
-2.4588296009 0.4959390551
1.2689858107 1.5816683083
-1.9229491047 -0.3060397302
0.7622843480 1.9376593595
1.9142163338 3.4861712091
4.5694434102 0.0417157495
0.2698166371 3.2410986921
-2.2981416661 -0.0751288507
0.6777075617 3.8289172549
3.0758729090 -1.3899469854
3.0893988236 -1.6645328197
-2.5725209182 -0.6700823826
2.1186284321 -1.3454403201
-0.1676467300 2.7806883412
1.1800833413 2.8364316758
1.8666999862 1.4654223751
2.4295809870 -1.3228220976
2.3056253882 -0.9756133319
-1.9071094942 -0.6365118918
2.5931422309 2.1963344803
2.7196801304 2.0701273549
-1.8104501759 -0.3390416446
2.0812672499 0.6226467438
2.5610995173 1.7292680649
1.4437171907 1.7471417692
3.2643519778 -1.3510437723
0.7700782829 1.3280212055
-3.5613232969 -0.0384426642
0.6748263167 1.4170698501
2.9246175078 -0.3446392739
2.5604855547 -1.8023536114
1.4708830752 0.9394992844
-1.4086795371 2.6467547897
2.9834027047 -2.4333151352
0.9855377478 1.4789129517
2.7541261187 -2.0308015526
2.8759421535 -2.5276409707
-1.1938844089 0.1798777372
0.8431044559 3.5146617829
-0.2452730568 2.4063809194
2.0194835762 2.5189951299
-2.2710652678 0.2161333320
0.7112656301 1.9726380997
2.9533714319 -1.1298403090
2.7686579430 -2.1782453337
-1.6320056793 0.6629139874
2.5666123123 -1.5156906495
-0.6385754244 1.2570835655
2.5271530396 -1.7476980084
3.2867079191 -2.2310698843
1.2998913716 2.3907954345
4.0741726823 -3.3527370910
0.8635501165 1.7150248904
-0.3660924482 1.7371764815
2.8913710394 0.4474227429
0.5236299785 2.8039932433
1.7567096116 2.0585764551
-2.7241981218 -1.1067835868
-0.2315636882 2.1914640282
3.8900491723 -0.8085464679
-0.8968879825 0.6156600765
2.3511760442 -0.0823113867
0.7511714565 3.4924865380
3.2584012572 -1.1064601113
2.1357882071 1.7469048088
-1.4895307567 1.8848933945
2.7546215858 2.5871882924
1.0294058929 1.7266663285
-2.9081204224 -0.2875989755
-1.8243745633 -0.0721059539
-2.1225134603 -0.3122751210
2.9261394467 -1.5486347896
-1.5895787714 0.6442397258
0.5259944041 2.8981790707
-0.0550993825 1.7286261192
3.2027605565 -1.6710188362
3.3338697567 -1.1960461157
-0.0653821658 1.6874244786
2.6343701728 -2.9651175924
1.9407822685 1.0250166609
-2.8045040567 -1.4387706566
1.0445905441 1.3387386301
2.2790425611 1.3958731864
3.1123372845 -2.1744908514
1.7730465645 3.4688616493
1.3761414557 2.4256474201
1.0598049251 3.0864941907
-0.4134572544 3.4929064618
2.3320009276 1.9779122366
0.2469977623 3.5514985869
-0.1391650323 1.6324845893
-0.3457407744 2.2462063606
-2.7001837571 -1.4370373720
3.9882999607 -1.5551123309
2.2230374080 -0.3076537997
-1.9934518938 0.9415993024
1.8891614354 -1.1633579425
3.1233304711 -2.2507304418
3.0983481998 -0.9395589439
-0.2890923401 1.6030450478
1.3827108507 1.5827381510
3.5245915246 0.7914678965
0.0236166659 1.9597224854
4.2558030710 -2.5461641322
3.6177313455 -1.4030369630
-0.6568879849 -0.4067725803
2.6270147738 -0.9437590877
1.1740228124 1.4287281147
2.6560223100 -0.8514335240
2.5912506405 -1.7084502440
3.7062559359 1.9643284137
-2.2039974507 -0.4203435135
1.5163806997 3.2741770435
-0.1605104079 1.5642508433
1.1612555349 2.2551851866
2.3336177306 1.6741069907
-2.7034430589 -1.4153711440
3.4174352669 -0.6858394578
2.5614104765 -0.3239062685
-0.5831575723 -1.0874659682
1.9189506876 2.3598586006
0.2821387651 3.8080817488
-2.5949514519 -0.7625296116
2.2733086950 -1.9102477933
2.2120993571 1.1899556946
3.6524539751 -0.8244137537
-0.4204316365 2.6714897597
2.9380150260 2.2878014232
-2.7295075727 -1.1608726281
2.3568509307 0.8509518010
2.0220684303 2.7484703853
-1.7525347655 -0.9146355320
2.2293111276 2.7636593230
4.1055620760 -2.7578750423
-0.3564531512 2.6439329467
-0.3692750722 -0.5224715617
-1.8769924119 -0.6299827294
1.0679742392 1.0021481240
3.5353881661 -1.1813163518
2.8016041804 -0.2026834576
0.8475140249 2.6469104904
-1.5972624825 2.1145078575
2.9202325586 -3.1568839470
2.6803619035 -2.6154953172
1.2541586489 3.5080183062
-0.4478211596 3.0348016063
2.9448338948 1.0051181126
3.9882544929 -1.3211894482
1.8889075629 1.0049970298
1.9383469419 0.8656399871
1.7506913191 2.5658855560
0.6854220216 1.6735288736
0.7925978775 1.2328578697
2.4857014327 -1.1737296935
0.6667494559 2.6676569710
-1.6306739281 1.0008676261
-2.7528502082 -0.4334707056
0.2287863683 0.5747611975
1.0589566665 1.9223503184
2.5208122155 0.6445147935
-1.8062501044 0.6024449229
2.7292030935 1.4845118389
3.4620549445 -0.7009383027
-1.9879042610 0.6522908071
4.1388809414 -1.4739815948
3.4973996998 -1.5703472911
1.0553279672 1.8380302792
2.2900293477 -2.7841493017
1.9473640436 0.9330997264
-1.3024874091 0.1489187038
-0.1341115944 1.3001318499
-1.6060173637 0.3334632494
-2.8385643636 0.4528212108
1.4742619006 0.9285253223
2.1797700220 2.5342074790
1.0245943124 2.7906848079
0.7334029715 2.6749895332
0.9511905532 2.1322105005
-0.7202342280 0.2449763772
-1.8315228137 0.7436100841
-0.1183810750 2.6966940622
-2.6688857466 0.1816554475
2.8970771901 0.8948153713
0.5943434916 3.3696071800
1.6205353396 1.2259176230
2.7153124487 -2.1759528991
0.4298268236 0.8790584084
2.8744359904 -0.9849486871
1.0377535663 3.4620446822
-0.0521983610 1.4236978336
3.1060236637 -2.2457737174
2.4176340868 -1.5501654896
2.0071550640 -1.5339437160
1.8446266622 1.7172685843
1.5360083238 1.7133257661
0.9191496217 1.1411762109
3.0816082337 0.5472732744
-1.2983704919 -1.2935205168
3.4514240554 -1.2659519520
0.7881178966 1.9258650902
-0.2329316274 2.6018842598
3.0666457904 -0.7030441048
1.5217889798 1.7655522716
-2.1281468283 -0.9426337989
3.2125058138 -1.5027575500
3.7961720709 -2.5483576802
0.1245923129 2.0392097731
2.4525734144 1.7667472359
-0.2227169482 2.2901461338
-0.2470318953 2.3633071364
2.4457133445 -0.3980778123
0.3508548860 2.4890641267
-2.3913993780 0.0099180696
2.7891921640 -1.5224590986
1.0332603133 2.7931340081
0.9064546218 1.0351239287
1.4172468839 2.5897677281
2.9978181535 -2.1333042700
1.7377163057 2.5243799593
1.6716515119 2.0748642395
-1.4088527227 -0.2322337480
1.2277336469 1.3969317556
0.7159114311 3.3847228593
-0.8574294102 2.6967236461
1.1832745324 2.5005936381
-0.0623802205 3.5460245790
1.2306946967 1.2770677927
0.9539497043 4.1827306442
1.5054565035 0.6903254069
2.5557656324 1.7791297770
1.3413120964 1.3022640729
-0.7035550321 4.2202855918
-1.3223348151 0.2925810059
2.2166653936 1.8674186964
2.9156497089 -0.8180086427
1.9924589338 0.8762295340
-0.7826546702 2.2643411488
-3.0421279839 -0.0491649366
-1.7400445147 1.1692567828
-3.1665984026 0.1875771443
2.4652181350 2.6113968409
0.8583631871 1.6843787493
0.0158955944 2.5628491616
-2.8424640566 -0.0866243344
-0.0376340990 4.4527544830
-1.5900430780 0.2948318432
-1.3308919978 0.3942169387
-1.1713692339 -0.6025866769
2.7743396203 -0.9892599099
2.4689223316 2.5140566989
3.2365417531 -0.7791732855
2.2613951339 3.4478173636
-0.4992137830 2.8550986094
0.6710265640 2.6405080272
1.1259372560 1.5951585505
-2.1161414061 -0.5236322687
-0.5719698363 2.1301222515
1.3123646338 1.6770345219
3.4142217160 -1.3394640756
-3.0317738475 0.6468719247
2.9159751539 -1.5613283466
-3.0930013048 -1.1867701068
1.3159506304 1.1824436703
0.7882617230 2.3492584317
3.3977180531 -0.3772278783
3.7642833808 -2.3371704473
-1.0800515003 -0.9465643233
2.3666629767 -0.3707134990
3.1700806475 -1.2317799821
-2.1039807425 -1.8512898044
-0.5505936415 2.3675837838
0.9490257288 1.0047155003
-1.3031697109 3.0210182977
2.5770857157 -1.6915145095
1.0345815540 2.5829123726
-1.7767876701 -0.4200029004
2.5845507176 -1.4420953757
2.9307601481 -0.7508634636
4.3519074620 -1.0357099476
0.1614738575 2.7683833795
2.6507833769 -0.5599343817
-1.6896974717 -1.0626448330
4.5978712102 -1.0770775086
0.1503263675 1.3666155229
3.1399392943 -0.7850185707
0.9055293112 3.0721372988
2.0335323300 0.3962943812
-2.8433456809 -0.6223603987
2.3577150219 0.7504487150
-1.7655197114 -0.0915356497
2.4770966192 1.6624854392
1.0681457009 1.0023331322
-3.6412811199 -0.3614040904
3.3947537843 -1.5860304176
2.8986808701 -2.4167363893
3.1430066872 0.5904488882
2.9355107423 -1.5766839744
1.7684819175 1.4212786693
2.9779739661 -2.3858807210
-1.1866111235 -0.8772066366
-0.9105809707 1.8372115550
2.8492446640 -1.1883472698
-2.1865770522 0.5062421356
1.3521502797 4.0448763240
2.4352578624 2.0702890828
0.3542802685 3.7484247940
1.1031616863 1.3394146599
0.9749481898 2.3932100464
0.0994587578 2.5056682678
-2.8455632924 -0.1619475204
2.0173523005 1.2228206628
1.6653500286 2.2918927641
-1.1160470188 0.6800169640
1.5574193598 2.6149049233
1.5175250338 1.9437013128
3.5745082848 -1.0962999636
3.2510196418 -1.4677850062
3.0957979991 -2.7847196946
2.6742273135 1.6362265321
-2.3069540530 0.4285952619
2.2600956047 -1.7159441961
0.0957403669 3.9774616066
1.8600030955 2.9044962272
-3.6632914289 -1.2964114186
1.7873509296 1.4144464397
-1.6888280409 -1.0771413260
-0.4948634684 3.0101550903
0.6535968969 1.5971495466
0.2628494092 0.2105828226
-1.5692588233 -0.2470332927
1.3489326591 1.4501212090
2.4686815715 0.9440603418
1.8828207317 3.0392656254
0.5751830853 2.9330067903
3.1198935384 -0.7102529457
3.5700450960 -1.7177089095
2.0224208782 0.1330114835
3.9168341015 -2.3823911467
1.3528914985 1.6037561526
-1.8896958356 -0.2535165013
-2.5972029202 -0.6151431688
1.4084238922 0.1774375754
4.2489753043 -1.8715430685
1.4845960867 2.7121171423
2.0123065962 2.3362331890
2.3489629499 -1.4047402762
-2.3731592792 0.3502740031
0.7829111490 1.9533012398
0.0984272808 1.5903393548
-2.1283365700 0.5249303769
-1.6823288934 -1.1761764340
-1.0636626801 1.1209099995
-1.0132117093 3.3820377459
2.4722338610 -2.3076057455
0.6698964810 2.3708938868
2.8025202443 -1.8023797283
2.8937487236 -1.2759655594
3.3033119676 2.0756509616
1.8088565376 0.6986246355
1.6601311596 0.0593093072
2.8955320783 -1.0276008799
3.1599425681 0.7093469193
0.4271789714 1.4161154349
0.2771028775 2.6122121957
2.6421870932 1.2896689245
2.8029051627 -2.1484364559
3.8964330157 -0.7575931190
-1.7828076887 0.1412922457
0.6112054891 2.3572468662
2.4736011276 -1.7460167670
1.2974590644 2.6568256572
-1.2434126401 1.6937207753
-2.3113713846 -0.2450828149
1.8249429443 -0.4013798655
2.5081976678 -2.1613596033
2.5201541176 -0.9638066888
-2.1942121264 -0.2555867695
0.1307161012 1.7029111343
3.0772712164 2.2609260312
3.0171639369 -0.8999197906
-0.3662867208 3.1948190325
-1.7241290920 -0.0808076280
0.0129311041 1.8787942861
2.6643621362 -0.9310932775
3.0622224565 -1.9205192614
1.2200937028 4.4745284520
2.7274908554 -3.2854938310
-1.1220026924 0.3895034239
-0.3671274618 2.7419891854
-2.8356237936 -1.1881312357
1.0463533410 2.2913998111
2.1081788229 -1.3231536954
-0.1885973286 1.1604278686
1.9236379275 1.0801992838
1.2617017153 1.6185424865
3.7462767057 -1.4386770647
0.4360786952 1.7444861371
0.8772583025 1.8277185651
-1.5497134108 0.7248584675
3.1639375844 1.7874794591
2.4866860946 1.6341861213
1.9828611545 1.7257184374
2.3358063272 2.1065668210
1.8880275941 3.3959334597
1.5140270992 1.3515064218
1.7274277485 2.9157454161
0.6123150453 1.2426749101
3.1198764205 -1.4337034144
1.6150892236 1.7692211263
0.7031559110 0.9395213065
2.8171084964 -0.7905669083
0.1330076398 2.4783519280
2.3441782794 -0.6759428652
3.2905592959 -1.3698234618
-1.9512246016 -0.6581412144
1.2786920903 0.7314053673
0.7988506488 0.2644838369
0.3613299361 1.8544842386
2.5848909302 -0.5297503478
0.0720625688 1.7501918782
2.2927422342 1.2007958709
2.6104493011 -1.8201119241
4.0316075945 -2.3724564106
0.3534981299 0.8947975003
3.0918828987 -1.4232273413
-2.9321906771 0.1535608779
2.8652513156 -1.8728457462
1.8479441366 1.8449221579
-0.8593178323 0.5059408015
2.9348191980 -1.1749800435
2.5875231965 -2.2195745442
-2.8296839690 -0.9360659967
1.4674641639 1.2343685840
-1.2429194575 0.3435024317
-3.0791360858 -1.2607218888
1.1017285426 2.6215635376
-2.4771183566 0.0974959357
-3.2485009968 0.7325585275
3.4311285954 -1.0265455684
0.0926482486 3.1359715458
3.3330689601 -0.7078785974
2.1442096966 2.2773631709
2.0972039822 2.8073517345
1.2087134281 2.2799341586
-2.1726000322 -0.7426664507
-0.5879908830 2.4846074930
1.4511602936 1.8726556952
3.3284663916 -2.0920324907
1.1253637606 1.0493818845
0.6849611498 2.4272527796
-0.5831180223 2.6281807212
-2.6296878325 -0.3203004578
3.8467152426 -1.7188416727
0.8790566962 3.1716638788
0.5181128390 2.0869162020
0.8517583165 2.2254492882
0.5733122409 1.2797231820
0.9507745576 1.7642442838
2.5700604328 -1.1699204324
0.5498032991 2.3381726278
1.2659965652 2.8604635997
2.1880089500 -1.7584091281
-2.6192009319 1.0167549682
1.8435525881 2.6083872485
-2.0376612822 0.0021452124
3.0963220886 -0.9867481835
-0.6628537053 3.3717936311
0.5629870707 2.1748238545
0.4850564831 3.5948554447
2.8338320122 -0.7526013799
1.3487032373 2.8135202393
-2.0655927727 0.5006099031
0.8733604118 0.4118188992
3.1048104296 1.1974097218
2.3220683566 1.4341149791
2.5763936575 1.1952438957
3.0371395773 -1.6010900067
-3.1970297919 0.2358072119
0.7213537660 2.4603300376
0.6969157407 1.2320184978
2.4138208593 -1.9602125093
-2.6947506616 1.2393416266
1.2947090434 1.9609947084
0.6596493899 1.2453378314
3.3060300981 -2.3917416069
-1.4162570180 -0.0008744685
3.1539703591 -1.6298772388
2.4472202456 -1.2964821290
1.2127208993 2.0010467803
0.8187051737 3.5614559675
-2.4532809162 -1.0296004727
0.0936645796 1.9897656310
1.4114806102 2.9406630956
1.3056204680 1.4549557063
2.8316025277 -1.6913082464
4.5193344910 1.6513962431
2.2355135942 2.9158674038
1.9570429072 1.7045807815
2.8934146855 -1.3015556985
-0.6649953356 2.0208075659
-0.1331599764 2.3721121395
2.6164495268 -2.2388087736
-0.2924235230 2.7544320676
1.6244421701 3.2379911913
3.2244602012 -2.0180372184
-0.8058129741 4.0301559364
2.0804217423 2.6024250408
-0.7964857094 1.1715880500
0.1824930647 3.1093619946
1.9608527229 2.5095668385
-1.7658260432 0.6984506782
-0.8534163615 1.2748956187
2.8358010073 -1.6049318528
-0.1792820210 3.3938757388
1.5994635621 1.4107416522
-2.3144782693 -0.2658170156
-0.6347692432 1.1776588830
3.6406598571 -0.7679424522
1.0987044031 2.0140332902
-3.6862270253 0.1456578489
2.9655620837 -2.1107756438
3.9040389668 -0.9119986870
2.2935686092 1.0664795373
1.6083516256 2.8349880590
-2.1071297429 0.2836687386
3.2446594566 0.8487050359
-2.0115451420 -0.5024485730
2.1896307944 -1.0713063564
1.9530080712 -0.1248445515
2.7718881679 -2.2119569996
3.7854456972 -1.2890019506
1.2784344620 2.9527535838
2.7569894690 -1.6685097603
1.6949006046 2.4191505147
2.9654376963 -1.7829412840
3.0598161599 -2.1766088078
0.6435529921 2.1997394044
3.7882064529 -0.7485233465
2.1879342019 1.6573465506
3.1783898230 -2.2492600782
2.5196751349 1.1129940797
1.3226792320 2.1308340835
-2.7307815581 0.9167357928
2.2054761382 1.3445925295
0.7674902570 1.1721788459
-1.4026883550 0.2520912966
-1.7983473171 -1.9174354137
1.0030853880 1.7247512379
2.1133097448 1.8141324457
3.3066373431 -2.6386346458
0.5661699638 1.1510911969
2.8317889603 1.0573660236
-2.4882209983 -0.1498328687
1.3738480323 -0.1610819640
2.0134474868 1.6930559422
2.1598679661 2.1144403187
2.5045650586 -0.9863562060
-3.3947539030 -2.2548145736
-1.4338582516 -0.5465544354
0.3669081401 2.7432193407
-1.6360440343 0.0387893995
0.1662620522 2.9079779683
-1.5700636436 -1.0726313429
2.9441891001 -1.9814798530
-1.2453126765 -1.1434092026
2.8069887681 -1.2253289219
0.9063447821 1.6035764115
3.3900097243 -2.0602514917
-0.9378184515 -0.4988539400
0.5037967461 1.4059082044
3.1483395357 1.4721088374
1.8758788223 2.7407068526
1.4313942755 2.8974497273
2.2521805375 0.5937738179
0.9403974710 1.2957387847
-0.5018043472 2.7734588939
2.4022663815 -0.7137268388
3.1180328859 -1.1176328696
0.9663976209 0.9059492290
2.3602913006 3.0407924746
2.4239663137 0.1379817432
1.2236418973 3.1004965892
2.7883280209 -0.2954843638
-2.0528712887 0.6820715286
2.1230360065 1.3493080565
1.6684090974 2.8140042150
3.7981177292 1.3594009680
2.7944185908 -2.3665261551
2.8259373724 -1.4520397408
1.7163987092 0.5272275273
0.5590153830 2.0337515179
4.0978499501 -0.6190815728
0.6002192879 1.8801471576
-2.7746540761 -0.3163426778
3.2325562802 -2.1046166636
3.5063154322 -1.4896007656
-1.9275309289 -1.2923828401
1.2797878673 1.1793690885
3.8395824337 -2.1780389051
1.8058289241 1.7069751001
2.8045646604 -0.1286537672
1.3970311284 1.5331741716
0.3554664017 2.5291049582
0.8234021933 2.5663289711
3.3686036065 -1.1663628976
-2.7951832933 1.1778066899
-1.3561258767 -0.1832321142
0.1313113541 1.7938385569
3.5063601449 -1.3688061490
-2.0808560013 -1.5413945684
3.6541848836 -1.6348952169
2.5114165852 -0.1087382565
1.6676191399 1.2023216925
2.2259721342 -1.7672464554
1.0341330259 2.4139513785
0.4650824843 -0.0313365872
2.9706761541 -1.1254536932
-0.1162403334 2.2552363627
3.3147916842 -2.1836036098
1.3306748827 0.3622232338
2.6418111860 1.7979678946
3.2649001713 -1.3197621592
2.4378831554 2.0958986150
-2.1979695834 0.4622276579
2.1906718058 1.3432169043
-0.0703449784 2.7469292244
-2.6504865116 1.1465738749
1.5340376981 2.4076053923
-0.3394387667 2.1593394268
-0.0973685204 2.3068655627
-2.6887982918 0.2880796911
1.7217319501 0.7121600159
2.9281174426 -1.7117254974
2.9339635177 -2.4796062120
2.8337818337 -1.2698739420
-0.2768913589 1.9842718139
0.9889075687 3.3103183456
1.0914722630 1.8470321114
-0.7133859068 0.7100258748
1.5467935311 2.5287240662
-0.0009455524 2.5874338019
1.1299245273 2.0225699018
2.8132548101 -0.3238024533
1.5789929607 1.6783298862
3.5336144086 -1.4992757415
0.5299133668 2.7130560928
3.2355179969 -2.3767931114
3.5674524990 -0.3683723898
-1.2727300596 2.8447534856
2.5560547091 1.9491891355
0.2878250442 1.5788604859
0.8078097496 2.1678321337
-0.1792866998 1.0567702871
-0.6098548589 0.4394670387
4.6436882942 -1.8318746475
3.5600603782 -1.3317870570
1.7532308086 2.8177015648
2.9898204076 -1.2446076860
3.3493824326 -2.2031013919
2.5413850175 -0.1156398707
3.0518917226 -1.2530691615
-2.8504589626 0.0528817571
0.3543345128 2.4890140056
2.6096261321 -2.2770118606
0.5684920498 1.6109977852
2.9809085642 1.5624118954
3.5930019357 -0.5352268279
0.5447543989 1.5702724640
0.7735727329 3.4880207982
4.5005370460 -2.0402223354
-0.0047513931 0.9130281093
-1.5816111349 -0.1691267924
1.3247080585 0.6128759425
3.1923565954 -1.3694707059
-2.0112661313 0.3480759163
2.1931443192 -1.3469274799
-1.9769778144 0.5721406155
0.7236050280 2.2985898578
3.4676240343 -2.2819802006
0.8325585120 2.8182468617
0.5222698859 2.4982132144
1.0563958338 1.1672079669
1.3374223541 2.3957259211
2.8028832596 -0.9668255891
0.6637976590 2.5393530263
2.3091523932 -1.0628397268
3.5451233995 -1.8758881405
-2.7032920729 -0.2565827496
-1.4947212621 0.8270798452
2.9780835389 -1.5453101979
2.3462825539 -1.2665531123
0.6554171783 1.1940545555
1.4751709424 2.2052493048
0.7897373283 1.1549453418
-2.8432134243 -1.1496774129
1.8432762502 1.3495876684
-1.7833539097 -0.0784129131
1.6896857831 1.3410644226
2.1941988896 -1.9574313289
2.2516339887 1.9726219515
2.2748841926 1.5056910522
2.5496870723 1.6439912057
2.5027920529 -0.2943209772
2.1901429140 1.5540730811
0.2797807008 2.4661602339
1.9180817129 0.8364823169
-2.1126127356 -1.1569330459
-0.2552258537 4.1111888950
-2.7789711086 0.3199282814
-2.1719733838 -0.6403233092
-1.4710328974 -0.7456165181
-2.1008731438 -1.0041463225
1.8127238533 3.5207469008
-2.0789729352 1.2806763758
0.3072989662 2.0044558546
0.0229737222 1.8887127747
0.3062329781 2.2292216036
-1.7873107089 -0.6623691915
-3.4270268205 -0.4662440264
1.8921481543 1.4681984472
-1.7338129463 -0.2215824374
-1.9203797099 -0.6984614790
2.8923089210 -2.1953453828
-0.3341263809 2.3145317783
-2.6410990356 0.1364805500
3.0689394908 -2.4686719599
-0.4564496318 2.2152200245
2.7089364313 -1.5707176150
-2.1069178304 -1.5644796996
-2.5712986224 -0.7329560988
2.1200364576 -0.9601383040
2.7034356106 -1.1849120028
3.0410936447 -1.8365290727
3.1050667536 -2.2517095876
-2.9746542272 -1.0416194049
3.4426611936 -1.5209947508
-2.1433016014 0.9379126808
1.5234752373 0.6726664297
1.3558646083 2.9043792209
0.4183885669 1.2491343352
2.1834580707 1.2198848213
-0.2005687576 2.5425347290
2.4576000518 -0.4188850329
0.6617290439 1.8019216208
-0.2338456432 2.6541448239
2.8177697371 2.4178325740
-1.1393423166 -1.0824682515
0.4034290191 2.4713992075
-1.6931750516 -0.7945592802
0.6709254680 1.3291269029
0.2761023889 2.1289712627
3.2093040122 -1.5735740716
3.4056350632 -1.5097027967
2.6261720499 -1.9440992313
0.8954932740 3.8945032812
1.2276365477 1.1867024398
0.5784909882 1.9557804648
0.4363798854 2.0443803148
0.7921182524 2.4162073187
2.2792752650 1.0399697390
3.1560042837 -1.7545545165
2.6861900535 0.1138895690
3.2962347473 -0.8248353309
2.8059996690 0.3018534203
0.8901438457 1.8820787217
2.1587351807 0.7174224343
2.6783471295 1.0218680312
-1.3805157946 -0.4969852215
2.6463123485 1.7771229957
3.0771774114 -1.1965282826
3.6002292214 -0.1490449501
2.5376906916 -1.3981957182
-2.7406277809 -0.6528224533
0.3610512840 2.9827769055
2.5089963414 -1.0735664775
-1.6702336298 0.2004519490
0.9303818195 1.9288130768
3.4231751168 -1.0167720956
2.6747387847 -1.9726074512
3.5189224098 -1.0303777554
-0.7179964057 3.2100980655
-0.3010120030 3.0488923575
2.4630852756 -2.5175302610
3.7428804974 -1.4219775357
2.8479229208 1.4376350940
3.1310101136 0.8699059701
2.7117434008 -0.1912266265
2.7800191801 -1.6277286709
-0.2542138848 2.0215356044
-0.3191129279 0.5989944503
-2.9784173090 -0.0919565639
-0.9025483604 1.1583074533
-2.5331419654 -1.2499737887
1.4147753552 1.8727419417
3.6959995428 1.0005376937
-2.1956996640 0.7614538546
1.0973848372 3.2883262838
0.3467907605 1.4225181488
3.0940544309 -2.0977809678
3.7199008133 -0.6946064206
4.2364588697 -0.2889375065
0.0111563491 3.4872691539
0.6622299431 1.8715261944
3.1192352851 -2.0083399339
2.0764005382 0.3014669251
2.5752972067 -1.6472861466
0.1309669954 2.5635645928
-1.8917345750 0.0983162508
-1.0756233689 2.7958322270
3.4127723947 -0.9582542963
-2.7363740834 -1.7472817036
0.9579299992 2.5509206764
-1.8690095486 -0.1805836257
2.2501092448 0.7497194935
1.3794232282 2.8543146012
-0.9721460116 2.2511918901
0.6712254827 3.2367641379
1.8068812353 1.5252918041
1.3907796615 1.9328402383
2.1192348036 -2.0897062077
3.9229567937 -2.2822542373
1.1298881641 2.0320467600
-1.6042039013 0.7948666762
-2.6255710447 0.6725110718
-2.1954660264 -0.7538469485
-1.2240724339 2.0505905823
0.3359857146 4.7940043385
3.2286739642 -0.5517642652
-0.1358066079 2.9519820593
-2.8385696017 0.2588300919
3.6970441992 -1.2665683408
3.7450862842 -1.6554362894
0.8228662360 1.4773970961
1.1633605559 0.8672472458
1.3609554903 2.5632895196
1.5243866803 1.5260220150
2.4465814011 -2.0112937718
3.0442271182 -0.7815261887
0.3879329329 3.2516231495
1.3556424727 3.4897985883
2.5703618630 -2.2840246705
0.9517410168 2.6450270196
4.1159780866 -1.9879177617
0.6722126475 1.2263675557
2.1618771092 -0.3737462940
3.5042128371 -1.6615649891
2.7890923559 -1.8152402368
2.9738960010 -0.6980303531
2.6792303175 1.5075732220
-1.7059670437 -0.1158240996
-1.7713858551 -0.3124498759
2.9620712172 -1.7219577385
0.8274981321 2.3115908938
-0.2156113525 2.0816783272
0.6937008631 2.1818606535
1.0425668913 1.3477776613
0.2829836345 -0.1901850177
3.1047816267 -0.1250146640
1.4645159980 1.9980858992
-1.5414218427 -0.0509094805
4.2319411530 -1.4738772964
3.1718886192 -0.9465537006
0.7560203119 0.5828055867
0.5845886607 3.6480020460
0.1240489325 0.9630754939
0.7723827209 2.5138216751
0.8108593006 2.1594586531
2.2706265006 -1.5028391673
1.8328905379 2.4226738692
0.8559428233 1.9673680448
-1.7808058749 3.4986058707
1.6799227630 2.4725053352
-1.4169159681 0.8026099740
1.8348690335 1.3246336213
-1.1876114562 1.0155013315
-2.2315790374 0.2722818000
2.0885279867 2.9980220098
2.8359122288 -0.9979697283
1.4719376572 2.3742136627
-2.3770616261 -0.1030467685
-2.4486959303 0.6913556675
3.2195005313 -2.3899903710
3.0611991183 -1.1515033700
2.9020755321 -2.5524746194
-2.3000471862 -0.8609880690
3.0362368650 -0.9314777625
0.2211721539 2.4841118005
0.1461424071 3.0325130472
-1.4428967231 0.6809905898
-2.2173871691 -0.1823629537
3.3406169236 -2.2887989779
-1.1215575612 -0.3077840644
2.2624506504 -0.7019343062
-1.6712725816 0.5223814652
-2.5012074690 2.1209224991
1.0335916182 2.6332778938
2.3242261791 -1.2455490415
3.1461607170 -1.7711119931
3.2221564745 -0.8049277870
-0.8788481891 0.7504301213
2.2550179927 -1.7266392316
3.0079023022 -2.2869005932
3.7122821497 -0.9398033593
3.8488223510 -1.7373837081
0.0717182952 1.5716429198
-0.4286651348 0.3988223121
2.0073748029 1.8022424903
1.4876533404 1.7506268123
2.6396167318 -1.5366403458
3.3238805708 -1.5443218932
3.1260420973 -1.6815705265
0.8305976051 2.8667818639
-1.5951336256 -1.0500282756
0.5277275951 1.2800129141
2.4764847831 -1.3435337376
2.6534381618 -1.2013913442
3.1953877488 -0.8187350542
-2.2739565611 -1.2618940371
2.2974970613 2.4586759438
-1.9289914868 -1.4500728305
0.7301698957 2.0002971371
0.8873918126 1.4912823540
3.4558942102 -1.1652602447
-2.5466308571 0.3625417916
-0.4170059867 0.5030923212
1.8426285945 1.0378902372
2.6225965705 -1.1475071403
0.9911894429 1.8982889120
0.8409370479 3.3406261509
1.9843844593 -1.1079773082
2.1931818044 0.6357094077
1.8016869030 2.1813874496
3.0139628400 -1.0261898146
1.0875191038 0.7698511021
-2.1015188243 -0.4990353144
2.6832587352 -0.7446400643
2.3749142493 1.1557440200
0.8030958696 2.7288325359
0.6387051485 1.5351768105
-2.2884964819 0.9648535285
1.6853483839 2.4803053363
3.1437162272 -0.6402078757
1.5144147931 1.3627486680
-2.7989814816 0.6539941024
-2.8976691263 0.5515333114
-2.0626305836 1.3152263958
-0.0504487076 2.9698905700
1.8983131125 3.0523936552
0.7032774421 1.9672334059
-0.7952406516 0.2448240025
2.1857564130 -0.4972952352
-2.2377159600 -0.2634691210
3.8660931294 -0.3465021928
3.3794945442 -1.7033627404
1.8938852782 3.9594521881
3.3034323981 -1.8724994352
3.2288114255 -0.7789937753
2.5726327667 -1.0649332231
2.1906868914 2.4536948502
1.2289923765 3.6380818171
-2.5349514547 0.0494080765
3.0166684742 -2.2534539501
2.5510331672 1.3244579344
3.1545395249 -1.8536218663
0.1676016753 1.3570301710
2.4246734031 -1.0151788912
-0.6382816312 3.3253068900
-0.4828142669 2.6437653917
-2.0227980974 0.0669426406
-3.2518081478 -0.9512056511
3.1203482777 -1.6671826340
1.6030424305 0.7347231024
-1.8356001766 -0.1927436718
1.8007366817 2.0381760760
2.1904424714 -1.3408837294
2.6454515294 -1.2912789479
3.5884427605 0.3325771593
0.8896854238 2.2328934304
2.8863643017 -2.3334552835
0.3238629952 2.2229126861
1.2109916139 2.4153254093
0.9374755515 1.9380242274
-2.6068225897 -0.5766186901
1.2265760037 2.3377302848
1.3863053441 2.2267551175
-0.2307642830 3.3940119964
-1.4375020013 0.0565283722
0.9028125023 1.2014560716
-2.1534123557 0.3286148463
2.4934827026 -2.2314057959
2.4492115810 -0.2112607980
1.1710539753 2.8265044144
1.9292288970 0.1155073124
1.0506052025 1.7813555751
-1.1049742464 2.3838455441
-1.8414123275 -0.7710214754
-1.6468000634 -0.1503659230
-1.9742854907 -1.3257488330
2.5230621865 1.8781450163
2.5254597198 2.0093639317
0.0473890473 1.1636639544
2.8219683700 -1.0624041110
0.6547771444 1.9420258032
-0.9091066333 -0.7102737210
1.5202258120 2.2394837098
3.4511380297 -1.6673099873
-2.3180244912 0.8175046815
-2.3029145091 1.2372999660
3.0406937578 -1.6408847329
3.3955683897 -0.7859543261
1.7131684911 1.9764009924
-1.4881479868 0.2863596675
0.0773384359 4.6098446616
3.4114176114 -1.0641612137
0.5296134611 1.2730444493
1.8416758229 3.5562828530
2.5350144224 -1.8500395347
2.0527419053 1.5139143295
-0.3186002008 2.2687642069
3.2218775252 -0.8165198792
-2.1598738785 -0.2787736747
-2.7758080716 -0.6973406793
0.7047432283 3.3662050788
0.3027248603 2.7947861115
1.2037758478 2.4539177636
2.5573256230 -1.5998826623
0.1979957927 1.1874469681
-0.7459520324 0.0567281895
1.7029252777 -0.2429755759
-2.4363428430 -1.8696380653
3.2992967863 -1.6484269183
0.8678297774 1.8626061017
1.0838232432 2.6277718453
-0.2331573069 1.7918237003
3.8681970466 -1.3148560544
-2.4426988989 0.3876871694
2.0000453503 1.2581270290
1.6089982809 2.1290921321
1.1196131645 0.0725979097
-1.6718833149 0.5411062384
-0.6225469646 2.1965243080
-0.3797526208 2.4132676863
0.9964883192 2.5237990086
2.9948456423 -2.0942757726
2.4302872469 -0.8095255953
3.4586535866 -1.5121395283
0.2289499893 2.7495767232
2.6939437116 -0.6055864935
-1.6203176783 -0.3859101793
-1.0516412510 0.1806858270
1.9463069485 0.5599162004
2.1820005275 2.0515497529
-1.4875063147 -0.9279851244
3.3132085486 -1.4399251364
-0.1703855043 2.6559259184
2.8383992399 -1.0041137593
1.7639070751 1.4780225947
2.8584920624 -0.6128215779
1.4624840154 1.2089667811
0.9770267283 2.3790343815
1.3635479866 1.5160920996
2.3814158580 1.8293439216
-0.3587791168 1.7887692084
0.1780909071 2.2627928698
-2.6198790921 -0.4307230237
2.6085598577 -2.1015737736
-1.3677906001 -0.0114871470
0.8610948688 1.2873761013
-2.1289248039 0.2682199264
3.2296532398 -1.8328268358
1.1676196630 2.7224555585
1.4270470756 3.8108178924
3.0769264782 -0.9720442341
1.3217855238 2.3465615264
1.9417991081 2.5760768656
0.5206450307 2.0167950478
-0.1800269177 1.3857916586
-1.5534047589 -1.7337860420
3.9002708829 -2.3920334776
3.6063165836 -1.5456575702
-1.1204055814 2.0285385482
2.9815999761 0.1706842368
2.4135426473 -0.2955647115
-2.6215164624 0.5844175746
3.1229350700 -1.8701182125
-0.0639334030 1.4915159011
2.7256583393 2.3098442558
0.6556031819 2.4638759061
-1.2075034955 1.3262736745
3.0047349814 -1.1798236353
0.0919781287 2.4124790516
1.3783396749 1.7500845156
2.8219435496 -1.1098224069
2.9029474387 -2.7165811143
3.2336844364 -1.1770522624
2.9992262866 -1.4024047081
0.2937455041 2.8174997578
-2.7786880262 -0.0055671009
1.2687142040 1.3830161120
-2.2826370780 0.2822078943
0.0436181503 1.6482330627
-1.1137880104 1.3627874037
0.1030920953 1.5045053233
2.5839490228 1.3696006479
-0.7000370203 -0.0949151498
2.8295764314 -0.5403883486
0.2584125591 1.1348008130
1.1016098451 2.9428828761
3.1432925185 -1.3229388964
-1.8935001368 0.4494365723
2.4373673011 -1.9378869799
1.1068173933 2.3735748576
0.7096551779 2.0131062799
1.1663201961 1.8667075311
1.6571201214 1.3590471508
2.3356774427 0.7295727675
3.2536809061 -1.7010399618
0.9493397852 2.0357979654
1.7162921780 2.8159557367
2.9339424421 1.7706731883
3.3588283000 -1.2253651563
4.0743486780 -0.9788725167
-0.0157517229 2.6421137438
3.6544474052 0.9550490832
3.4709790018 -0.8232974961
1.6964619341 1.7078118029
0.8788984499 3.1452397592
2.9486808970 -1.0631284875
-2.3478202200 0.2765035620
0.9546842815 2.4838590313
0.6069492523 2.2871637102
-1.0285117799 0.3259156087
-2.5585382858 -0.3558738644
0.9420764110 1.9964121068
1.1448867984 1.7245048597
-1.6248728042 0.3649532681
2.9844937073 -1.6100871882
1.8165212067 2.7169567728
1.1381405209 2.5362748290
1.1041740886 0.7041612371
0.2352327463 2.3747738874
1.3298525302 1.8030369344
2.8597820851 -2.2713492965
0.7234954893 3.3941052342
-2.1785937793 0.3422183985
2.7604480922 -3.0206233056
-1.4542468299 2.8286765599
1.3277123313 3.1202326846
2.0664243982 3.3832396259
-3.8810882291 -0.3246282715
-2.5488759529 -0.3677821087
-2.2039583624 0.0717922684
1.0693732205 1.6272586063
2.8781014334 -0.8609003633
3.2643756291 -0.3833613662
0.4492680504 5.2117627946
-0.8499313830 -0.5328471959
2.3591853247 -1.0949562930
2.8988661994 -4.2193660718
-2.8239283810 -1.0454569595
2.8810977491 2.1042256721
2.0530201921 0.3987638109
2.6757877153 -2.5460511672
-1.9706828442 -0.3296459732
1.2090968775 2.4493733298
-0.4100301491 1.9748175066
0.2602534794 1.7234325815
-1.3921209303 3.3470459278
3.3177123541 -2.6051162286
2.6538999255 -1.4137749605
-1.5078001467 0.7033198940
0.3411359385 1.2071792854
2.0519939110 2.1532963661
2.4812944639 1.3359355031
1.9950150579 1.2518096505
2.5973846474 -1.9240163009
3.3014117352 -1.2660820402
0.8923779456 4.2159566482
-0.2132242289 2.0983714274
-0.1986766876 2.4697332448
3.2452750067 -1.7654653426
3.5456918975 -0.2281575472
1.2435833139 1.9141609630
1.9840261306 3.2803775407
0.8166807704 2.5223713323
3.5142543779 -1.5480710913
-2.9594300243 -0.4064872846
0.8595963668 2.1645488736
0.6028252994 1.5847429976
2.9047053616 -1.1774734988
3.0749317678 -1.6302460619
2.3328960657 -0.6203715793
4.0397635248 -0.8028441717
-0.7985090150 -0.1355420827
3.5302896814 -0.1207292636
1.9547391717 3.6128835906
2.6945573800 -1.6441833140
-2.3937702794 -0.1193615784
1.0102912811 3.3507740392
-3.0201402699 -0.3592701177
3.6644020308 -1.5804743996
3.2206328699 -1.5408011449
-1.8681299753 -1.2803666526
1.0464062255 1.0274553048
2.7914547795 -2.0644862385
0.0397494998 2.7497624687
0.9972209911 3.1977340619
-0.9905992247 -0.9328802430
-1.6402168125 0.1879540982
-2.4859268906 -1.1258606656
3.0545379836 -1.0568363525
1.4441138569 2.5297223618
2.5751181265 1.5026454764
2.3462529959 -1.1094186985
0.9174763471 3.0485685264
2.8293580187 -1.9092515599
-2.0460883567 -0.2491911501
-0.6871253025 1.2223899074
-2.4946256478 0.6433272443
-2.3910682656 -0.6168867086
2.7931563714 1.4208173866
-1.5627998675 -1.1760182955
3.3151744664 -1.6801211469
-0.6920181708 1.1050835162
-2.1437559177 0.6922382917
2.9017946999 1.2811574477
3.6984524631 -1.7659003519
-0.4083038448 4.2627502132
-0.6497339996 1.5512515605
-0.0173297336 2.0551203410
-0.4433259715 0.6821367119
4.0244499056 -1.6756579045
-1.0105480106 1.7054726952
1.1159949377 2.0469105370
-0.1614059133 3.0636186679
3.1952307684 -1.0778499627
0.9746040340 2.1028888953
1.9159773892 1.0182098266
-2.3427302065 -0.7427233956
-1.4150159360 -1.3076137715
2.8227137420 1.6541235655
3.8438958705 -1.6357330173
0.4780791206 1.6476795054
2.8504904377 -1.7055739092
-1.4663571842 1.6217314822
3.4586251589 -2.1524804526
1.0376373573 1.9454787874
-0.6649454108 0.3838273978
-1.5390729839 -0.8921757881
-2.7572891434 0.1211400876
-3.1849528073 -0.5141809535
0.9981014589 2.3284668733
1.7525631018 2.0565197572
-1.7080981351 0.5944608401
2.0494801395 2.5242552700
2.4952043766 0.6931751248
0.6417517635 1.9510553843
-2.1276392723 -0.7615709038
1.4584741270 2.5332391385
3.2884673445 -0.9351570976
2.0281096615 1.8310212094
4.4595591502 -1.1118144221
1.5077096532 1.2236649165
-0.7303920359 2.2206544032
-0.0567063886 2.5509254697
4.0474440644 -1.4207222383
2.0152334902 2.4474825285
2.7972805459 -1.4000561813
-2.5971039581 0.5034571176
-1.4847078289 -0.8856908355
0.4380159423 2.1366540411
0.5649600804 1.3147882721
1.3623412799 1.9921434225
3.0692298986 -2.0018689738
3.4145932005 -1.5554925307
2.5829860535 1.2872731590
0.4037021023 2.2402600177
4.0353976194 -0.8046349724
2.1098431302 -1.2432613577
3.2178583280 -0.9715894005
-2.3282108132 0.6265539908
0.2230553476 1.4507720815
2.8995544783 -1.5962727167
3.2598700359 2.9203703096
2.6586287190 -0.7084568938
2.9228082381 -2.5145494072
2.9189667459 2.0245062363
2.2215241468 -1.8880808567
2.5915998528 -2.0513173002
-1.2100711191 1.1118926860
0.9284966057 1.7174045616
-1.0994824453 4.0999467335
-1.9312277328 -0.4548812334
1.0481267854 2.1039606120
3.7926467008 -2.4490487919
-2.1143574566 0.0808927622
2.2648105160 -1.5184263652
1.9549916528 1.1046877843
1.4267877151 2.7838016094
1.7894812788 2.1121207968
2.9197664267 -1.7259643284
2.2535808472 -1.6327148939
-3.0212079567 -1.3612421034
1.9099591125 0.8553972194
3.0265192440 -0.2485253771
1.1969894874 2.2401335374
-0.2847150139 1.8984394719
4.6167065311 -1.1756867860
0.9454698321 2.1914894440
-1.8993200077 -1.0869637605
1.3740215595 1.8805185486
1.5773741034 1.7556398370
0.6157984826 0.6153376150
0.6692882966 2.2383262764
-0.1317503069 0.9944449889
0.9882227241 1.5620022653
3.6158702008 -1.5284177841
0.6189363574 2.6964975000
2.8591442413 -1.2179450129
2.1846064637 -1.8805205117
1.9163400995 1.5115453957
-0.2576071276 2.0346984683
2.7455778462 -0.5998701253
2.6749313863 -0.3919886533
2.1497654079 1.9011646105
4.0293319341 -1.8419949903
-1.2466343521 0.4183232740
0.4687160650 3.0857119709
3.4386385232 -2.1414730002
-1.3417316858 -0.6578076477
1.5616020821 0.6956147528
1.9557433895 0.3460916177
3.5852354806 -0.0362890802
-1.0103376856 -0.3919729390
-1.5273034413 -0.0545874200
2.8503587937 -1.0192967082
-2.0745939141 1.2041464003
2.6310553810 -1.8249659737
-2.6235240914 -1.9717882448
0.4145872231 1.5735382941
-0.9314103798 -0.9034721292
1.5063979248 0.2464744659
2.9570161930 -1.2869691953
-2.9329247567 -0.2881300447
-1.7998411180 -1.7156335975
-2.5486456827 -0.7106026337
3.4499846626 -0.0651748627
0.3380098703 2.0480542455
-1.9766940111 1.9130398493
2.6875463507 -1.7187085396
2.4545263439 -1.4641811744
2.2778350941 -0.1131131300
-2.4815749157 3.0235938367
-2.2905198545 -1.1040839795
3.8642402737 -1.1560442780
-0.1834040287 1.5682991287
-0.6786036618 2.5962178669
2.7136624561 -0.8939974456
0.9087659132 1.7488930002
0.4768736371 3.2421554607
1.5298661850 3.8165767699
1.6188137620 2.1969860449
-2.1655941853 -1.0311380588
1.0696784230 1.1192983772
-2.5488074737 -0.5736825590
-2.2612343378 0.2022719843
0.9391526490 1.7962718823
-2.3955651537 -0.4924430534
-1.6393583391 0.1402347329
2.4508906211 -2.5386864312
3.4048500961 -0.3047928726
2.7735980961 -0.7755966614
-2.6878709184 -0.3231054941
-3.0079496550 0.1309469512
-2.1361955638 -0.1474933253
2.1946813287 1.3967894051
4.1598418789 -0.7756292740
1.1340631160 2.9716248714
-2.1291589112 0.6121055553
-2.5663042149 -1.1330157176
1.6842965425 1.8349709108
1.7826089978 0.3678964529
-2.4359108128 -0.1636075240
2.8312618347 -2.3939225954
0.0989986714 2.2449964271
3.9204737175 -2.3045718152
0.8125393516 2.7412188364
-1.5980447719 0.6461536138
-0.1132931756 -0.6208816230
1.3482972988 1.6402678253
2.1634544240 0.3956897781
-1.5130112572 -1.3502178938
1.5527451623 1.3182991989
2.8733353738 -2.1952599657
1.9451989804 2.8738634174
1.7006756961 -1.7527913624
1.3107344690 2.3136484412
2.1270756983 -0.5291290484
1.7859695266 1.7154111407
-2.1621403461 -1.1007763528
1.3684267916 2.6594437256
2.6179941311 -0.5550700257
1.6605977466 -1.4902900253
0.4816894177 0.9385958734
0.4106080906 2.2528551355
1.7618334576 2.8192883290
-1.2774247965 -1.2650767866
1.2154078698 2.4270050550
0.2119012954 2.2798177590
-1.9841925225 -0.7624483118
3.2106029976 -0.0792490725
2.6510899956 -1.0308696451
-2.5366977575 -0.8221995450
0.6533945627 3.7780280527
0.8186706427 1.6954749865
2.6810366223 -1.3716459514
0.7805660148 0.9320886166
-1.0956567768 1.0931984596
-3.2140015654 -0.4854945147
1.8394627592 0.6912526693
0.4066686312 2.9217536662
1.5732464631 2.3850004322
1.7000202268 2.2723501623
2.6525769898 -1.1295353508
2.2265984453 0.9764508231
2.2334927975 -2.2533427685
3.2306802416 -1.4689823750
-1.9451406974 -0.6916144679
-2.2218656024 -0.2689581006
1.8775040126 1.1593255159
1.5037910884 1.4803837996
1.0610574750 3.8204881048
1.6889675122 2.4539460347
1.6924614134 2.1044849620
2.6019624409 -1.0450015936
2.3445272280 1.8077826182
0.4287674161 3.4442895299
-2.3933660260 0.0814775404
1.2981813707 3.2268564491
0.8093820760 3.3073385789
-0.2388329885 3.9291017466
-2.6311315129 1.1409424522
-2.6889774165 -0.2441188909
-0.6757987987 2.0381681717
1.6724455883 2.5505577646
-2.3076267539 1.7612275766
2.5385233925 -2.3823960871
-0.0226454226 4.6947742210
2.9806182593 -1.1580031338
-2.2347241501 -1.6360252428
2.2874790937 1.6009552792
-0.0528503959 2.2640858828
-3.0100641092 0.4148420936
4.1617612776 -1.6269271210
2.2814524154 2.7258600521
2.4500527446 -1.4877937583
1.6834211988 1.3942585202
1.9826389134 -1.2050992922
3.3278553326 -0.9491436809
-1.8576888650 -0.2122662770
0.0707706302 0.9070419630
2.6457146159 0.9275777550
0.8505628554 4.0368331326
1.0903946381 1.0203402408
1.7252924089 1.8952998970
1.9733262242 -1.2540376312
0.2573720503 1.6588839212
3.2887893361 -2.3354017758
3.4264747809 -0.9870753745
-2.0364412878 -0.4529359394
3.4291704641 -1.5998628973
-0.2437698871 2.5000189776
1.0076545069 2.1558533559
0.1965150975 2.7555724401
2.8256270425 -3.0982606428
3.7367879727 -2.2767316545
2.9513061419 -1.1465925086
-2.4130034726 0.0084734445
3.1709423019 -2.1296615865
1.1418270273 1.8346972662
3.3117567130 -1.7978208001
2.8548780623 -0.6095246706
0.3263499098 3.9221730644
3.7177113846 -0.5743821338
1.5584851732 1.7942481766
-2.1492409106 -1.0398451263
2.7288818161 2.2681257778
3.0874443519 -0.8402058779
1.6706586958 1.2374861152
2.4177195451 -1.1345467389
1.3264012949 0.6927633614
0.6342910351 2.4828192942
3.7255153487 -2.5792167873
3.4972074311 -1.0877913853
0.9606738995 1.4111520994
3.2347324352 -2.7205185956
3.1101919189 -1.6451927508
-2.5877070089 0.3385489324
1.7135988335 1.2192766963
2.8948139594 -2.3488658330
1.0050159210 2.3214905124
2.5170483903 1.6201285461
3.1231431429 0.6870921863
0.5670565113 1.7958956737
1.1693209137 0.3399736277
3.6452196284 -1.3642773185
1.9522619946 2.0754071847
-1.5773832049 -1.4741560853
3.2235470852 -1.3597925380
0.3514052132 3.2037355741
-0.7724552196 2.2348396323
0.1559673312 2.6560691944
2.4989965044 -0.6059807657
3.1173496229 -1.3680565134
1.5062184468 2.8009754949
0.7878534741 1.6283117232
0.9447342326 1.4586904542
3.7501576755 -2.1510404640
0.5268977738 2.1860591132
1.0295170534 1.8088761324
-0.4377728015 1.7011664504
3.0644487810 -1.7323614245
2.6426031039 -0.3573728376
0.1890711164 3.1307287705
2.7405651596 -1.8439921376
-1.4250290109 -0.4035649300
2.6818975274 -0.8380342971
0.3487235523 2.0012877728
-2.8337794426 -0.1641529440
2.3645194454 3.3861885718
2.8876209250 -1.0321835311
1.8548225962 -1.8516736037
2.1234729636 3.0835354088
2.1130076779 1.4571356514
0.8473627871 1.1349896547
2.9147123621 -1.3747698489
0.0363222223 1.9894171646
-0.3221058620 2.0464254999
1.3729257141 1.3831671891
-2.0567411064 -0.2412409554
2.9554924272 -2.4192241436
0.3179042812 3.4818781327
-2.4161792349 -0.4526894791
1.4829109776 2.7089951069
2.7547421708 -1.9989293340
0.9610250513 3.3834506470
2.0028130150 0.0175184178
-1.6733938202 0.4007163053
2.3261395472 -2.0746570997
-1.7807226642 -0.6977888430
1.6254000422 2.5789009759
0.7018004449 1.0143881296
0.9401890330 0.8142613028
0.9945237697 0.6936536997
-0.9892574058 0.3127379375
-1.3369740557 -0.3558834602
1.8900516805 1.8898974318
-0.1649734134 1.4274441388
3.4894555072 -2.0549203469
-0.5674991603 2.5728503430
2.4291526603 -1.9697842141
-1.3614030462 -0.3644710762
-2.2703378658 0.5970499790
2.6720525555 0.4467605874
-2.6592517927 -0.2009192498
-2.3059790020 -1.0627749764
3.2055647119 1.1308073035
3.0256174610 -0.9926790606
-2.5155895304 -0.1947385409
1.6615465734 2.8061688603
0.2630267803 1.3489713675
-3.5674552091 0.7236576803
-2.0222538686 0.0239313540
0.2969577799 2.1956122269
2.5233419134 -1.9677124359
2.8994247245 -1.9426295636
3.1249167940 1.5916873739
-2.3653737679 -0.8036698109
1.4841759046 1.2555135863
0.3936635011 2.7833248170
-0.8359751505 2.8056876652
1.5223316144 1.9742966698
2.9821101738 1.1872061240
0.7201396714 0.3337320071
2.6184697888 -1.5291524968
-1.9622714692 0.0317984420
-0.6148412363 3.2959717106
1.7032898381 0.6067683146
1.2519010959 3.5222365761
-2.0305148653 -0.4555102395
0.9408445503 1.8170339301
-0.5215511457 3.0777016515
2.0051319449 1.5202591523
0.9782999952 1.6118364384
-1.0961612616 3.2023884591
2.3724685431 -1.1313389473
0.0868671715 1.1249934147
1.5643616303 2.2263253516
2.1132099671 -0.9748271593
0.7954279413 1.7539401213
2.8904662888 -0.5471877415
2.0329470682 1.2540989091
-1.3716665996 5.1302547949
0.4076286295 2.3448610731
2.4193546446 -1.4415293379
-1.8523226646 -0.9597309832
3.5790862081 -1.9211950463
3.6416344346 1.5083283118
3.3265739359 -1.7761196244
-1.2979985541 0.5049290416
3.0472904965 2.3830130525
2.9604655923 -0.7689993271
1.0093141323 1.9246976802
-2.6411546159 1.1393856091
3.8198296334 -2.3675257774
-0.3193555419 2.4748482168
2.0569472270 1.0462841058
-1.1626756304 0.7283035764
3.1266079174 -1.3749856825
-0.0974881106 2.5542068703
0.5632457809 2.7650117779
0.0969424380 2.5845176287
2.9806836808 -1.0439285353
0.6966177162 2.5433853032
2.8961594832 2.3257278924
3.1554275381 -1.4251075678
0.5381270764 1.9598110334
2.2167517759 -1.0083263997
3.1374604938 -1.1915085393
2.3838071486 -1.1224248098
2.1026175678 2.6904100923
-0.6979914435 2.8260283719
-0.2915426774 3.1335201223
0.5656617782 1.4892899595
3.1450730706 -0.7064559635
-1.7942628987 -1.2645487863
-0.0116433881 3.4124066791
3.1303157682 -1.5519311012
0.9553944124 3.5294509239
0.6746035975 3.3331809285
-0.0554143785 3.7170113038
0.0773436121 0.6325062111
0.1820943149 0.3947082707
2.8426857684 -1.4967420784
1.2443097738 1.2498645159
0.7126840967 3.6011301438
2.0904166393 -1.9845502167
0.9340074878 2.3144979336
0.8235805853 1.4112411164
1.6618802330 0.1199703634
-0.8281628461 3.2329930459
2.8402284622 -1.2752354881
2.1445996121 1.4641221735
-2.6480658950 -0.2805296350
-1.9088067789 0.8864275912
0.6448817171 1.9399076125
1.0431239310 3.0394141286
-1.2595103319 -0.9372343537
-0.0209094896 2.1107393978
1.2704774875 3.0403732802
2.5225531109 -1.5059987193
-0.0785350831 1.7992492333
2.2020137407 -1.0577031965
3.0044761068 1.5361874405
3.1090206649 2.3934411527
1.6999421748 0.9571827205
0.2818283395 3.1308762044
0.1095958556 2.1712957274
2.8066293141 -1.2080006352
3.3722724265 -0.3990618393
-2.4958159975 -0.4337336296
-0.3263461331 0.2331893042
4.3336092112 -1.7101512925
-1.2102713661 0.5975736124
1.4571679943 0.5262299809
3.9003161155 -1.2994746132
-2.4841146010 0.8549733906
3.6045112529 -1.2766408120
-2.5786174010 0.7097284281
3.1390206424 -1.3702349577
1.5327581349 1.9745246739
3.1997970853 -1.7113824660
2.0817631253 2.0636608399
2.0243501727 -1.8517372471
1.2231212708 1.3439887774
3.9080020832 -2.0741265363
3.4869933665 -1.8380449107
-0.8339901283 2.7406124907
0.2379806140 1.5305501817
1.3174273000 2.0715411484
2.8516172532 -1.7511383408
0.5709752402 1.5870760747
-2.0413698818 -0.9488801553
1.3312335536 3.3947483336
-0.3802553362 1.4500915281
2.1974389077 -0.7079659055
0.1315076983 3.1181698414
3.9984112993 -2.1514964237
1.8196925507 1.9073500358
-1.6851919844 0.4179952351
3.4400361489 -1.8306992665
-0.8393638368 1.2448521995
0.9401703364 2.1875690470
-1.6819380147 0.7842087301
-1.9132425097 -0.1571433289
0.8533323782 3.8496087305
0.6793399090 3.4012585757
2.4023773820 -1.2520198488
3.3919002616 -2.2562341374
4.3870518963 -0.2642612912
2.7730590646 -1.2706137407
-0.2163242232 3.8650723180
1.0558808916 2.4643325712
2.4980633288 -1.8132151169
-1.5183608928 -0.7837353549
2.3175256935 1.2688909071
0.2825317578 1.9222432520
-0.5959093955 2.9632776597
-0.1039788684 3.4956985443
0.0610264631 -0.3915016113
0.7902101291 1.7951779105
3.5560804636 -1.4987189977
1.8948471017 1.7190378723
0.8031608556 2.2814551475
3.5420813822 -1.1204211324
2.1273209444 0.7221823041
3.4076062703 -1.8545286837
3.2144101453 -1.0319978541
3.2851828930 -0.9996802779
-2.1016589976 0.6434422242
-0.5360771260 2.9314822204
0.5582273324 2.7487660852
0.0506055233 1.4056226138
3.1675000351 -2.2671450892
2.0132005092 1.0259437734
-3.1502748451 -0.7371780888
1.5874052349 1.4183759500
-2.0689361629 -1.2569893072
0.4865637982 3.0577735339
2.0196450706 2.3495795146
1.1984661896 2.4153639439
-2.7142778726 -1.6105385360
-2.3510496025 0.7307981051
-0.9260850974 -0.3505146211
3.4839744933 -1.4415873264
-0.1754790389 1.9335734473
1.0349114324 1.2032608948
-0.7291886032 2.6634228024
-0.3091103630 3.5822434347
2.1673131557 0.7465825919
3.4314893606 0.1309154996
1.2952263017 0.8287886203
1.8373735250 1.7308199352
2.6033793275 2.4977274172
2.9623305643 -1.9079905096
1.3281675237 2.1196129080
1.9809659655 1.9308781750
2.1565796922 -2.5569902338
1.3309339768 1.3854025863
1.8146765039 1.1044480367
3.3240532166 -1.9375365898
-0.7147731886 1.4972027556
2.9891198099 -1.4438061045
1.8102919396 2.0389581070
1.3037720106 0.6273421056
-2.0158472637 0.2684483387
1.1206666008 2.8764820704
0.8555692546 1.9076595837
-0.2561021790 2.3071630227
0.0769234184 2.3055456891
0.6085570169 1.9254174509
-1.2651928499 0.5267326701
0.6311074814 2.4432228235
-0.0306024902 2.1968852536
-0.3445041597 2.6409178861
3.6100621578 -2.1632381400
3.7571540583 -1.2798280297
2.7763686917 -1.3871241218
1.0452750199 0.3879383083
1.1704722379 3.4158912122
2.1402714486 -0.7729621307
-2.3171788009 0.0095373624
0.1795548005 2.5321724007
-1.7515680566 1.1364251747
0.6483162380 1.4047557905
1.1480920699 1.9702211029
-1.4841751381 0.8793925149
0.5378824843 2.2533443307
3.0889306759 -0.6413227212
0.3610757649 2.7380502427
0.8425616463 -0.1371813132
2.9196835558 -1.7222147673
2.7987553237 -1.0172083327
-1.3156436078 0.4370110916
4.1469164842 -0.2650757198
1.9836949892 1.8079994673
-2.0104566583 -1.2396024084
0.3711140928 0.8233729449
3.5706289079 -2.3820236947
-1.8024717179 0.1973837948
-0.1150264066 1.9610591679
0.2252381523 3.0420684602
0.0841139972 1.4784529635
3.1995879494 -0.9106970125
1.0754845388 0.5100867305
3.3203366724 0.0740051687
1.1341313495 3.5330505968
3.7406482459 0.9159030325
3.4182960886 -0.2735258169
2.6997355086 0.7654773263
2.5633747340 -0.8966353077
3.5550011548 -1.1633085498
0.8703372891 3.0167521166
1.0792083782 0.4148747742
-1.8005710646 0.0463093302
2.7006699271 -1.3161254712
3.3201513695 0.2932517226
1.0732050704 0.6787026636
-2.8200758264 1.0116549625
0.6450085116 1.6861489169
-1.3613204433 0.3526569206
2.7163940805 -1.4184483431
2.1555735185 -2.3892854198
2.1760147348 1.3929587908
-1.8040070099 0.3147339187
-1.4558286097 -0.4301255733
2.6554246130 -1.6959620667
1.3059494144 1.6675372868
2.8964151916 -0.5305884603
0.2672668682 1.3282733771
-2.0318764901 -0.2090641155
1.7402505107 -0.2620652706
2.1961805047 -1.4571939299
-2.2336123707 -0.6370179461
-1.9818502862 -0.1323959454
0.5235813072 -0.0596651790
3.2557952633 -1.1010927523
2.3620177755 1.9142451163
-1.2165166377 0.6876041071
0.9733876290 1.5222644003
0.3270271218 2.1858454483
1.3264059409 3.0125590911
0.6863362825 2.3034661951
0.9602776649 1.1986427352
-1.6543181860 -0.1023204043
-1.0465962744 -0.0794651452
-2.3133852296 0.1173728153
0.4652628562 1.2632941418
2.0383950937 1.8104969978
0.5881548156 2.8683197506
-1.1573928149 1.5105207479
-1.7559476718 -0.1765803883
0.2470462440 3.6879590264
3.0767012643 -1.5095414567
-1.2889807077 0.7941338579
2.1377418411 1.5495792667
3.3633757446 -0.4404884265
2.7073914507 -1.3909454430
1.0025344262 1.4449862076
2.5467045082 -2.4584276006
2.7385057558 -0.7321979285
1.4073717208 1.8436893722
3.5920496204 -1.1127027464
3.1947074829 -0.2066156693
0.7123279027 3.6400707081
-1.4828327837 1.0589763807
3.2446086584 -1.6096753973
2.2224143719 1.6934887597
1.8457564771 2.1432944019
-2.5334459957 0.8147618788
0.9239408816 1.7277676858
0.8497813313 2.6146236939
0.8063789403 1.6640338552
2.7571893764 -1.7500498091
2.4313002304 -1.0199010824
2.7681029844 -1.0749954799
0.6188178713 2.7506649393
0.8201826055 1.7812644616
-1.8542422325 0.3257109329
2.8390415864 -2.1554686571
2.2629175170 -1.7794937145
2.5681784710 -1.7257119839
-2.2777501320 0.2253942999
-0.4734481082 1.7637341881
-1.7867733647 1.5281740094
2.8702741643 -0.1232180017
2.8412115599 -0.8747766122
0.8407472188 1.6314451479
-2.2738396675 0.1088898541
-1.0739131319 -0.2558552510
1.5300462410 0.7187964805
2.9609527667 -1.1323438556
2.7896565807 -1.3031992001
-2.8363762143 -0.5908838978
2.5799282065 -1.4114703201
-1.2019107398 2.0969831419
4.1186807600 -1.1394108062
0.6261763048 1.9961701332
-2.9602206172 -0.9525847244
2.1115136143 1.7113566636
-2.2953283923 -0.4939383975
2.0615415762 1.4197845984
1.6007216181 -2.6369922557
3.2519140243 -1.0554331803
0.6165626811 2.6103937640
3.3474087342 -1.6158041516
0.7485575566 2.1316099144
-2.0718819178 -0.0931931823
1.1522711724 -0.1020411826
1.1187745433 1.5550525949
-0.1003863510 2.6329441183
1.7980319456 1.7641758379
-3.4042932942 -0.3659663449
-0.9038471616 0.1151744732
3.2129210727 -1.8178304190
0.7229499738 3.4172592284
1.3751157177 2.0151869038
-2.5108314487 -0.2949340070
0.6693769679 1.8581892251
2.5933014081 -0.4969860676
-1.5306888276 -0.4198810340
0.8841772999 2.8892132428
1.2386543401 1.5449643450
-2.0171802468 1.4714759312
2.4153858404 -2.5806871108
1.5674852068 3.4588967268
3.4249985042 -1.7357605679
2.9428907680 2.1941800117
-0.6597603408 3.1941582919
-1.4295844208 -0.3459577597
0.8003215661 1.1584500373
-1.8968074035 -0.1208136846
1.9765727363 0.0528826220
-2.4919124149 -1.1931362819
0.5235349442 0.5417282380
0.6545292460 1.0832565224
1.7290845919 0.5032601707
1.4884838242 1.0687972945
-1.8807140656 -0.1988440952
2.5435514335 -0.5439409800
3.3473612747 -1.0724840082
3.4981343364 -2.2736470348
-0.2315283755 -0.2337909745
-1.8707110831 -0.0311883191
2.0255531642 0.0695686337
-0.0491702480 1.5562682544
-1.4951097786 0.7037296200
3.5650880918 1.9731475075
1.5954061849 0.9791257536
0.0984145418 1.5747821912
-2.1030064818 0.6431740701
1.8365862612 -1.5181931926
-0.0007122441 2.5847345411
-0.8727038340 2.4334131536
2.6989182400 -1.1123866669
3.1008770897 -1.4580988659
1.2664402399 2.2125437050
1.8259346516 -2.2463845822
2.8263096133 -1.9471652668
1.9934456632 3.4061673636
-2.1831702567 0.1790177498
1.9310951718 1.9533974817
3.4221197969 -0.7970769646
1.3616002668 2.3973340509
-1.9423100458 -0.0388615253
-1.0769728470 3.5681093396
3.2806579078 -0.3124039997
3.1946180187 -0.3851392910
2.4540213865 1.2102848750
3.1244886141 -0.9023172885
1.8626445607 2.0708632588
-1.6800456601 0.0517369677
1.9846501935 1.3683014522
0.2944038587 1.8384733256
-0.0298365046 0.6101597754
-1.4360080072 -1.0271398541
-2.6663944864 0.4550451805
0.1994668388 1.7771658120
1.6446000429 1.9605608206
3.1833181568 -2.1169147504
-0.9772216914 -0.2059707731
3.6403373448 -1.2442746068
0.7453096083 3.7415114979
-1.6074018213 1.2398404604
1.1363810056 0.3986913114
-0.0711756913 3.4041522080
2.3048126485 -0.7639252243
2.1481031570 -1.8119734969
2.0812087763 -0.8751302250
1.8367417118 1.9913057668
0.1353786341 3.2261891676
4.1355200947 -1.6508244016
0.6456310932 2.6294281692
-2.7853576321 -1.0608113237
-0.4262078692 1.8692872320
1.3816463800 2.0293724380
2.9015222526 -0.7861194604
1.8083245041 1.6746022885
0.7978961594 2.3558883724
3.7556057193 -1.7624455933
0.1694533386 1.7949418986
0.4349238304 2.7574896770
0.7165274976 2.2468209082
2.0340859906 -2.3761295683
2.7460594465 -2.8187505731
3.0961634624 -1.4760857282
3.6658913457 -2.4986141450
-2.9925508419 0.2312436549
1.2627442919 2.5062852301
0.0293081570 3.2084834317
0.9121510121 0.7335549266
3.2042868219 -2.0607101347
1.0034901014 2.8320105834
1.8968793666 1.5665360519
0.4694851776 1.6948800901
-0.3433041427 -0.3026209815
-0.6937528448 1.9378981606
1.8059668315 0.8604945081
0.8264189269 2.0583525902
-2.0920042350 0.8293974623
1.6598454241 2.2031835191
0.2237817960 2.6436582725
1.1011525276 2.9703136685
4.2758067231 -2.2293564493
-0.8387649497 1.3173727707
0.7681497296 3.4720377523
2.7032095385 -1.8473408323
0.2851126345 1.7081479289
-2.1753910430 1.5825159227
2.6230714572 1.5745477908
-0.1985521327 2.6067942723
-2.7506497174 -0.0467861904
3.0614232389 -2.0560250547
3.3055414665 -1.0604819521
0.3135512791 0.8061303988
2.5814910904 -1.5642512751
-2.1418972053 0.1191034055
3.0021079927 -2.0496332667
1.7389263113 1.6382790087
-1.2575871394 0.2386720019
2.3343742682 1.9812987841
1.6545866016 -1.8258549817
1.3799068117 2.7401214659
-2.6466252003 -0.1094772716
3.6861455612 -1.8970140928
1.0399913573 2.3371483013
1.7205300716 1.9237709331
1.5126051362 2.3109491212
3.3492232034 -2.7444938511
2.4181687552 -1.4148949491
2.7814899495 -1.2634357188
0.0418662764 1.1224503224
2.3628396728 -1.4649839846
0.6054812522 4.1450261522
1.0888050875 1.1921022089
-0.2496338821 1.8449884844
-1.6460400989 1.0529974686
2.5347662084 2.5575298090
-1.9775827209 -1.0518004655
0.8170689615 1.8076692270
3.5379481455 -1.7899304506
2.3097930388 -2.4182666733
3.0657307675 0.7747260502
-1.5677541418 -0.3936624511
0.6869515740 1.5558310900
1.2608497190 1.7710435533
1.6955206410 0.5426769863
3.8801700070 -1.3477403149
1.1650475183 2.6050403292
3.1604317165 -2.4042816243
0.3694934489 1.9650497440
3.8240854969 -1.2141434373
0.6209140187 2.2166685964
0.9702371551 1.1276069467
0.0388699412 3.2315063853
4.1381067663 -1.2741626981
1.2221516246 2.4498186130
-0.3317661097 0.2095257517
-0.0026263102 2.7569121100
2.4502072235 2.5761927083
3.0139522026 -1.6927197565
1.0803160798 3.3474660732
1.2378742965 1.4153408530
2.7488084325 -0.8057368816
1.7588534596 2.0331612845
2.4450441810 -1.3852971732
1.3665705759 2.0894211923
3.1685571235 -1.7160001256
0.4289216356 3.0260892716
-2.4335815566 -0.8383508225
2.3415900914 -0.8466277979
2.4548458720 0.8333835109
3.4828660989 -2.4257576937
2.7774730763 1.2464512518
-1.4341682924 -1.1618351139
2.4390061280 -1.5694603744
2.3227442281 -0.6719765130
0.1039911123 2.4702374267
-2.6640475131 -0.5810438030
-0.4264009690 1.8197640772
2.5495519915 -2.3089556302
1.6702634658 2.1047199243
2.5455141811 1.8077515336
-2.9509816703 0.4317456120
4.0003005432 -2.3866973202
-1.8918127826 -0.7346613323
0.5315687330 2.1996677474
0.7523665300 1.4490229940
1.3337503461 1.3527914491
1.9167591390 1.5979792931
-0.0383116891 2.6511693005
-1.7424683713 -0.4686248753
-1.1350609493 -0.3627474333
3.3103082825 -1.9150633761
4.2763992357 -2.1532549417
-1.8228371309 0.1765544567
0.5344154693 3.1301280582
1.0105293911 1.0059171393
1.3516169644 2.3466050340
0.4330598760 2.4369623867
3.4196859333 -1.5492019640
1.3255746861 2.1936885806
2.3989336994 -0.7081977242
3.4684580489 -1.2924556750
1.7777709619 -1.7811729854
1.8829353669 1.2554650811
3.2179745163 -0.2773531901
3.2107262265 -2.4823991591
1.6318931834 1.1430835961
0.9926667925 0.8134344241
-2.7031377796 -0.2395254139
-1.2915994761 1.3262196883
-1.1463180069 3.9435680934
2.3003240302 0.7154175803
3.2268174593 -1.2945552338
-1.7297981606 0.1062108565
3.3408458107 -1.1804590591
-0.3041964451 2.0695627280
3.4445144717 -1.1885639338
0.8829950158 1.2084766259
-0.2916632603 3.6245193712
-2.0630409198 0.0818742178
-1.2485056916 3.3632564694
1.4461875175 2.0051468481
2.5440698344 1.7698316151
1.1709269890 1.9414638159
0.8795203060 1.9888419483
1.6597827922 0.6670946794
1.2021643099 2.7118438376
3.1363796746 -2.5027694082
2.6868034067 -0.8598079579
0.6092916321 2.7132046772
1.0058946492 2.2638818118
0.9869746527 1.4562641318
3.2263324595 -1.9769664159
2.9805378122 -1.6886674407
-1.3472500524 -0.2172912253
2.8074018217 1.4231137278
3.0542139744 -1.1900596308
-0.3347101714 3.0971330038
2.6613527150 -1.2476645034
3.0099852230 -0.8589795077
2.7107279408 -1.7808062472
-0.2489169193 2.4516144413
3.0665495985 -1.7126593491
2.7557374321 0.3878769200
2.9820268051 -1.6482022663
3.0591585230 -0.5403713683
0.1120497835 3.1626731263
1.6895629560 0.2166380224
2.1113713002 0.7231064784
2.7036091261 -1.3309304646
0.7661242810 1.2362866254
3.0753009159 -0.4987640094
-1.8416034590 -0.4169726886
-2.9786896492 0.6898713324
1.5280021473 1.3265773473
3.3358170692 -1.5915644969
-0.1846149348 2.3298214961
2.4142224334 -0.7077085304
0.4538348505 2.9701846174
-1.7544490610 0.8770278196
3.5030215668 -1.8590424489
2.5987229272 -1.9073246622
0.7544018186 2.5292553609
3.3070287729 -0.8660875934
2.0845199654 2.3069193163
0.0263778032 3.0906762377
2.5307116520 2.0410399595
2.3752191475 1.5221463578
3.5392104127 -2.2064433791
1.5867919735 1.6170758475
2.7102825654 -1.1735530984
0.8494368572 1.8505927414
3.1310372702 -1.7095256476
0.3643792376 2.5407381128
0.4097330292 2.4415006370
2.1818376275 1.6210287614
2.1255146723 1.8878971958
1.8752837423 1.9173980981
3.0871522631 -2.5960646761
-2.4705852578 -0.6897609369
2.3631133716 0.7567081429
-0.5343252925 2.9859712813
-2.3744741361 0.6746957341
-1.7588282769 -0.9556761543
1.6355979413 1.0504284114
2.4935277224 -0.7629829465
3.4503206995 -1.8800776248
-2.4273191107 -0.4696294618
0.2706537704 1.9977471862
0.9547394237 2.0185294210
1.1422202525 1.7959344685
-1.5825841485 1.1916074647
-2.5719861730 -1.9176497573
2.2511531460 1.3793592277
1.6750824781 3.1894160287
3.5730035742 -1.5308184570
1.8197262203 2.2455097475
2.9125784963 -1.2639499220
3.2176087306 -2.1757338341
2.2168685738 -0.6091680001
-2.0023967846 -0.0867548964
2.7269896596 -1.6731329512
-0.2284578117 4.0542424260
-3.0566509542 -0.5784667513
0.5841247494 2.3229665092
3.9407748031 -3.3541530124
3.0167912299 -0.8898563992
3.4656263017 -2.0401421444
-0.1445645557 2.9766426455
0.3138207820 1.8663284264
1.2211850020 1.1213999451
-1.8788558395 0.5659382770
-0.1957770391 1.5926180771
1.1239261673 2.1420900323
0.3772300967 0.8192176038
1.8833508043 1.6381617297
2.9031659097 -0.5565658036
2.1889254712 -2.1636146997
3.3418651136 -1.2636082743
3.2105012528 0.2834395043
1.4434346179 1.3147988811
0.6220979415 1.9703878809
2.6657059995 -1.6559269346
-1.6112653959 0.9710029428
-2.9193967828 -0.3064035445
-1.8964137920 -0.0423012371
0.6729764217 4.0973777291
0.0518499483 4.9498025989
-1.2677111165 -0.7939214809
-1.1449983520 3.2258008651
-1.0944099504 3.1922091466
0.7281890512 2.0981403291
3.0131258029 -1.4402480898
0.5201435569 0.4308474338
1.1832468957 3.0198961525
-1.8649784051 2.9239632562
-1.3630903136 2.8688436727
2.0429217406 0.9427314469
3.2354686219 -1.3164696493
-2.2919514254 1.9334524573
2.8782758630 -1.2006716330
3.1810248265 -2.1311435573
2.1662365267 0.8612298990
-0.3800340211 2.2139958929
-2.7384558075 -0.7898710512
3.4097498503 -1.1489132346
1.6587697713 2.4271727139
-1.2696387243 0.6923904830
0.9632473079 3.5817110172
2.0149620394 2.2180720333
0.1538732004 1.6096677189
3.0866808780 -1.6645934616
-1.1801337758 0.1121842962
-0.1888776863 1.8865119780
3.1692260935 -1.1887665675
0.6965824115 1.4981893108
2.8357858040 -0.4205572747
0.7772112046 0.0605675619
-1.7033596013 -0.2272480280
4.3835928907 -1.4762991334
2.1214067292 -2.5505320391
-0.9493868529 2.6760394123
2.9250635924 -0.8756826625
0.5245854626 1.8734600902
-0.9253592810 0.3045146678
0.1849754705 2.4777128390
2.7344789203 -1.4437360868
2.7499343319 -1.1539789265
2.8530416074 -1.7824267696
2.4146380444 -1.4131886243
4.0728543103 -0.1339912520
-1.4452379315 1.6837462580
2.4499910244 -1.3875090884
1.5901660155 1.9875252947
2.0707179930 1.5103085917
-2.1315324698 0.3712454349
0.9088679541 1.4966366169
-0.8409421684 1.6047475921
3.3670291473 -0.8324658112
-1.7570237865 -1.1464971540
3.4259602744 -1.9601541422
1.1456004326 2.0959455737
2.2684804146 -1.4546055791
1.8028484172 1.5468364852
-1.7384006287 0.5983398548
3.4707026914 -1.2518270040
2.7289480039 -2.0077907264
3.2978910425 -1.1768811105
2.1148548523 -2.3627700581
1.0415239286 1.3742682989
-0.8197682013 -1.3079119226
1.5088651814 1.4141645215
-2.0350019071 1.3271598106
1.3025906399 2.4673836029
-0.4760405967 1.4825975024
-1.8125188610 0.9538995609
-0.9078876518 -1.2938055215
2.6722937427 -2.0419141578
2.6284374894 -1.1746778946
-0.0696656702 3.4173329052
-1.7875102308 -0.4708257656
2.7080026958 -1.3465224047
1.3973478458 2.9044914122
0.6212036586 1.2369928676
0.4442887851 2.2635622092
2.4741652260 -2.3444221655
0.6732262057 2.0389088830
-2.6635296748 0.4991046964
0.0854796108 2.3654697498
2.2915333535 -2.0484696832
-2.5846939528 1.2772879820
0.8334126641 2.1962160581
3.4713908917 -2.4118689380
2.1408644728 -1.6073034016
2.7855053130 1.7758705721
2.5574540841 -1.5300544723
4.3714442781 -0.4147173361
1.8203474315 2.3094758804
3.5776620123 -0.5623160283
2.2951741854 1.7232289863
-0.3398167364 2.7737307569
-3.6540774153 1.1604987581
1.2442280755 1.9332015234
3.4787427427 -1.3498758904
-2.5851220181 -0.2082317646
3.2797320761 -1.4074087220
-0.0898167741 3.1016372328
-0.3725044188 2.8348182213
2.6041980043 -0.7449496949
1.1646163942 3.7372611439
3.2916601808 -1.4171315180
0.9682579942 2.5284842686
0.9442311947 2.5302382763
1.2411003017 1.3501063183
3.4663304855 -1.8111054602
1.3101857851 0.6377386967
2.9904047365 -0.1510767231
0.1156509325 2.3510269216
-0.7143879165 -0.2881723940
3.4301330328 -2.3664101195
0.6246313667 1.6960859516
3.4564791359 -1.7873840265
3.0645191959 -0.7799358768
1.4697103561 2.1902097014
0.1293779802 3.0412177096
1.8132689278 0.4225334071
-1.9153723632 -1.2676712292
-1.2442489393 -1.1726906086
0.3999365120 2.5088124565
2.7851921396 1.9142557403
1.1511362441 1.6703830586
1.0996791431 2.0020123167
1.3469284360 0.6787148870
0.4820188888 3.0177255899
3.3053651111 -0.9311795072
0.6024899203 2.0231953510
0.8514399384 1.2646572472
0.6482324603 2.4977052215
2.0796073950 2.0205176610
2.6423412891 -1.4935319078
-2.2262054214 2.2404107774
-1.4723015621 0.4193531375
1.2592397584 1.1254434201
-0.3071467302 1.8247190485
-2.1098310064 -0.2774598997
3.1263499832 1.6454084766
3.7007937020 -1.3403431772
-1.6220365417 -0.2828908657
-2.0939450916 -1.0843600052
3.4434984512 -2.0192704530
2.8957028063 1.5461098567
3.2607651859 2.0378376037
-1.2292280958 -0.6078071497
1.7795988396 2.0098554689
0.1859042047 2.6300553285
3.1982824316 -1.7049649689
-1.5564936095 -0.1989589908
-0.8551128398 -0.5943881056
1.2889573898 1.9406835088
3.0471177565 -1.5158882059
0.3645198869 1.9047543910
1.4589780105 2.2595650056
-1.5456492417 1.0780184507
-3.5176517337 -1.6576952564
2.8148257455 -1.6001048960
4.7861934825 -0.9366094548
2.6190248126 -1.7467776551
-2.5304691965 0.6277910322
1.6677847839 1.3383098858
3.7968800707 -1.6823826058
0.5685676168 3.9743504085
2.2105417073 1.4529585767
0.4575718273 2.4152685829
3.9653993089 -1.2239094290
-1.2331288180 -0.0781397894
-2.0250022565 0.1395585077
0.0916264158 3.2704410108
0.5407341118 1.2130164074
-2.8383951882 -1.0535849307
1.0065316865 2.1714019030
1.4113632900 1.0312377678
-2.2967153002 0.9806516327
1.0412827326 1.6266259991
-0.1324112271 2.4507345313
3.4079360232 -1.6454348851
0.9738475633 1.4404568984
-3.3272979133 -1.3424680723
-0.2379720584 2.9221676901
-1.3340999149 3.0082295100
0.3308964477 2.5362350324
0.6497483961 3.2274394004
-2.0924063106 4.0386782644
2.8780411216 -1.8381690017
2.5555009954 -1.1509990804
-0.3747739804 2.7335226659
-2.2351745470 0.0628243889
0.5965368877 2.4248908456
2.9232798443 -1.9370923088
2.8601867986 0.7260062008
0.8333625321 2.0106225999
2.1518176857 1.8357995802
2.4174749573 1.9664606889
2.7936316554 2.4094092900
0.5622064816 2.4719294179
2.5951166499 -1.2376657986
1.2593068420 2.2806692693
3.3641112687 -1.8854798202
-1.3099583390 2.1403702467
1.6406972341 1.5955322905
-0.1609516405 1.2280103649
-0.8598008457 2.3203531994
-1.9324604334 -0.8107618678
3.7250181093 -1.2378828292
0.7321878431 0.6403403248
-2.5094458259 0.0593462038
-2.9395441020 -0.4188867633
2.7510283702 1.6804481001
-1.3772704681 0.4316923222
3.5552859421 -2.1202865619
3.7504320861 -1.0130773326
3.3792093533 -0.7549487694
1.9575043609 2.2908044936
1.2381528037 1.0230188398
0.7192726475 2.9557096872
0.9223215672 2.3145971744
3.4154463565 -1.6801206103
-2.1330325889 -1.0466628296
2.3787782237 2.0617271085
0.5242028157 0.3043891048
2.0472927390 -2.3891254450
1.5828048099 2.1200152776
0.7955598572 3.3167329917
2.8398771989 -2.3017252150
2.1785629611 1.5448233925
2.6012592670 -1.6391009670
-1.7551136948 2.4657443805
1.0226607181 1.9425823053
1.8066552113 2.1048533227
1.2867559997 1.3262957053
-0.5994073485 0.0427268892
-2.6183152781 1.5313527593
1.4813009517 2.9861303945
-0.5579956124 1.2853999250
0.0819171673 2.2521881988
0.9508563772 2.2078288569
2.7286759025 -2.2444410897
0.1559707991 1.1969290381
-0.0541062825 2.1659337412
-0.7853430596 0.8642702925
-2.3050784782 0.5683476890
1.4936372686 1.2204795085
3.3033950488 -1.6144692414
-0.3679221902 3.0991672300
2.3293043561 -2.0178587202
3.1522868578 -2.7947521268
-2.2002072148 -0.1402996505
-2.6044651628 -0.4803843926
2.3608206060 -0.7676731889
2.6148487758 1.7524453094
2.3892680890 -1.3830489928
-1.9273436113 0.3254543599
0.5683227861 2.3479729643
0.6707418072 2.5718447198
2.8776727303 2.4295396476
2.7064135681 -1.0573441914
-1.2544345927 -0.6581013490
2.4152048654 2.6616861861
-0.4670973732 1.9172524261
1.7332334161 1.3456700131
2.0987912899 -1.1961613287
-0.1873391944 1.6354865380
0.4981126556 1.5496448661
3.3261280686 -0.8025297591
2.0185461645 1.9093174739
2.3955984599 -1.9627126105
3.9271600792 -1.1741327344
-2.4689464910 -0.2207826222
1.3711533136 0.9499553515
3.3973406433 -1.1707980077
0.7635107601 1.3864413186
1.3632216546 0.9078188152
2.2346510103 -1.8026071943
2.3494585413 1.3328151467
3.2506467648 -0.9061588401
3.8853471132 -0.6626819684
3.5209407550 -1.1345029646
0.9192027254 1.7061636539
2.8826767346 2.1566180557
0.0326150435 0.7177940572
-1.8597229302 -0.7136452396
4.1574423128 -1.2973172553
3.1743787744 -1.9194656400
2.4492932739 0.1067207619
1.5695401966 2.7617102854
0.2753308417 2.1442218872
-1.9779189030 0.1924571435
3.2271480832 -1.2149165492
-0.3419791137 2.6221377048
-2.7291431848 0.1926635172
2.4294406203 -1.3618607627
-1.7168897970 -0.1631379023
1.1827447433 3.3976537633
1.5147327535 2.6969347623
1.5882587534 0.3180145001
-2.6825843177 1.0307886992
1.9057001496 2.3542270427
2.1814786291 -2.1107128771
1.9327256984 2.1002612774
2.6170367380 -0.4229030319
-1.5718425736 0.0903656268
1.8422438465 3.4497242625
1.8043014801 1.7476173137
-2.0914291815 -1.6987336184
-0.3051727056 2.6684293070
-0.8008946818 2.4382353816
-1.5140771269 -0.4150610268
3.1478573092 -1.9852037236
2.2235242881 -2.7754890066
0.7697797440 0.9706604039
0.2390085589 3.5608067983
-0.7112083273 2.3041854875
1.6618923835 1.7076504817
0.3324813665 2.8734312163
-0.3971015939 2.4222714441
1.8726771463 2.4929678720
-0.6367402491 0.4648068968
2.5547565965 -1.2904281554
2.6390567322 -1.5118987774
3.1954710878 -1.3240586583
-1.9399809019 -0.7690266693
1.4878232570 1.9358052182
-0.6204677512 3.0798769243
1.9329076820 2.1561782789
0.4352543709 2.1106567568
1.2726610788 2.1658966217
0.9297694929 1.7549629901
0.9172894500 1.7012217916
3.4306579644 -1.8883383227
1.3012496650 2.6914024125
3.4856870706 -1.2387600386
1.4393312354 1.6903283200
2.8181871760 -0.7132167399
3.5763859510 1.0082560594
-0.2934385512 0.6735025294
-0.3152259483 1.4701677267
2.7286172825 -2.0319210657
-2.0820984485 1.1638762924
-1.9601308342 0.0950536905
0.8205197696 1.5814604592
2.3277132639 -0.2497008554
0.3409749054 0.3139341336
-1.7571457162 -0.0962485416
3.6664701589 -1.0369900269
3.5274867788 -2.8364772436
-0.6979601562 2.2536881562
-2.4732393444 -0.1177807894
3.0502818186 -1.8117693502
-1.7464380333 -2.0588974664
0.0275417132 1.6034685101
0.8279792530 1.5333598549
2.3868670837 0.1206722908
-2.4696199511 -0.2956735702
-1.6257328360 2.6783805395
-2.0836055615 -2.0088252291
0.9764249705 1.7226489455
-3.6087139970 0.6176797358
1.0326845688 1.0128144870
1.2713899171 2.4124260665
1.2691995804 1.8181381596
-0.0831206505 2.3443600273
0.8580861250 2.6821083655
-0.5726375393 3.7235259718
1.4051268312 0.9265656156
0.4519891181 2.1450991048
0.2485953080 2.0339410225
-0.1289647488 1.9230828056
0.3842811477 2.0738282430
0.4051043138 2.3317818796
2.4013710254 0.9470455076
0.0033184030 2.1872057855
-0.1511654150 0.8897876977
-3.1192409909 -0.1892584025
2.5338228773 -1.8697619689
-2.1017593294 -0.7560380763
2.1339587100 -1.8017996908
0.2005026838 3.0166262044
0.8740584913 2.0126814669
3.9566486613 -1.4809122738
1.1840407932 3.9279747524
1.6534604887 0.9617459295
3.3602968586 -1.8033460734
0.1251334337 2.9352543951
-1.9733750493 0.4953501029
0.6288277286 1.4807076984
2.7956199800 -1.1868494910
3.7568026651 -1.6013178101
0.5627371431 0.9596364101
2.9109499992 1.6445428526
1.9088341254 1.9883866516
-0.2645734544 2.2446492108
3.7471834182 -1.7869316217
-2.0430673003 -0.3430839169
-1.1206970716 1.7096047981
2.8401141020 -0.2682383379
-1.7961469827 -0.7238928907
1.6894680268 1.1856445765
-2.0699776731 0.6000568036
0.3076846952 3.2423848651
3.3136889918 -0.6781702044
-0.6166322503 4.6518633999
3.9064539882 -1.5853622523
-0.8796443291 0.4990110359
-2.0862107995 -0.1113020223
0.2590982801 3.4872561883
1.7570485887 2.1532195047
1.5454300621 2.5545177091
1.3435164899 1.8190035058
-1.9982032887 -0.3623275770
-3.0341733305 -1.0224635740
1.6592984580 2.0667037455
0.5188683876 2.1362658796
0.7019915451 2.7115825231
0.5405693499 3.0775745065
-0.2670612083 1.8917918434
1.6656579307 0.8361681174
0.6145953159 2.3968282211
4.1186922924 -1.9954986074
1.5803632026 1.6107818133
0.4471005489 3.6767233245
0.0283299783 3.2784506642
2.9789925705 -0.6499448946
2.9107335548 -1.7817191504
0.5942292860 2.7774434254
1.8988186944 1.5958512720
2.7992942031 -0.1164189474
0.4121307885 4.0226373041
1.9299715614 1.8789557408
-0.2555584715 3.3645337050
3.1130858305 1.4383848053
3.4801876927 -1.3925891883
-1.8649556736 1.6867815294
-0.5993443973 1.6724820719
0.6319649088 1.5514440751
0.6242742874 2.8688147455
4.4511372559 -1.7740925694
2.4533662328 -1.6480581873
-2.5835076183 -0.0087323463
-0.1600731787 3.0156212445
2.9285598537 -2.2492081481
2.6561284550 -1.6405215577
2.6246524387 0.9964342121
3.1624942171 -1.9513519298
-2.6800275535 -0.1218391940
1.6942239937 2.3262994744
-1.8988531258 -0.3815843463
2.4632329240 -1.8808899320
0.5460420375 2.7899048940
2.4029648367 0.2357909424
0.8857234103 1.2231249838
-2.0024179698 -0.5974645211
-0.8491361538 1.0758299759
-2.0632648825 1.8831500035
2.3551626561 -2.9029730112
2.4927730064 -0.4467071556
1.0784499020 2.1204010697
-1.1734714873 2.9173605677
-0.2227686683 1.4152506756
-2.0158527584 0.6816101223
3.0968636613 -1.5199098605
3.0961035329 -2.0166606596
2.7132688849 1.1651441920
-1.0580349920 3.8176532948
-1.6844474075 -0.8460427276
-2.6668325992 1.7639286248
0.0033811894 0.7943348597
-0.0066386421 0.8668202861
-1.6241256548 0.2156397739
0.0761131662 2.7267583910
2.9984898155 -0.3178330094
0.2311086816 1.9794574957
0.9558027508 1.8383755437
3.8964704217 -2.7541755070
1.6846164425 3.1942750620
5.0994619626 0.3499246051
-2.8948279188 0.0107720765
2.2743291722 1.5070007243
3.4534679985 -1.9074752990
-1.8168492190 4.2851976114
3.7360959689 -1.9261711592
2.2320527548 -0.4017504891
-1.8885755631 -0.1256877081
2.1304190743 0.5742923100
-1.2927210194 0.1123436370
1.4613715712 1.4971197869
4.1096132630 -1.3789914977
-1.9650621629 -0.0236302174
2.0715094428 -2.5510876096
-2.0829994910 1.2734977052
0.1704418662 2.8950451252
0.0640493871 2.5036573544
-1.7027693676 0.2899435067
3.7200143709 -1.2698439943
1.5719958173 3.0967247013
0.8906306202 4.0973827834
1.2724508473 3.1207697638
2.0688996992 1.3161491898
2.1662639009 1.8500016377
-0.8531580760 3.3798299264
2.2510116874 -1.7214166509
4.1439710227 -3.1917169313
0.0656431520 2.1544535762
0.3862199689 1.6112078398
-1.1896119122 -0.3812214818
1.9478590325 2.7020788542
-1.0664975172 -0.4436357648
2.4190046819 -0.9100000568
-1.0377173366 2.4591221261
3.2187336822 1.9157828610
1.8569440403 1.2938347795
-0.0420392570 1.2045058836
0.8695978020 2.4920455009
1.0130732847 1.0495471519
2.5794137778 -0.4224070846
1.2224067279 1.6230646992
-2.5486837890 1.0035125282
-3.0048055450 -0.6486737205
3.3775535218 -0.3309315510
2.9908973117 -0.9560824755
0.1644166085 2.2706748636
1.3292854098 1.3442007042
3.5654360317 -1.1407975792
1.2787986257 1.8354678321
0.0159558772 3.1037273177
2.4533561179 2.9555042920
1.0015989785 1.0749276156
-0.9515259996 2.4984690575
-1.6759270950 0.2164274166
0.0437099277 2.6288385504
3.1983098564 -1.4961913006
2.2463098369 -1.6220984631
-0.3807171427 2.0825644694
-0.8668342789 2.8452131336
1.2322435033 2.2265032962
0.6882075160 2.4092107439
2.6018876560 -0.4115065714
1.3410615597 2.4335747660
3.1849761562 -2.1425814039
2.3833025931 -1.6149293618
3.3921462613 1.2193455006
-1.1856068430 1.5092566071
2.5411505250 -1.1230189557
-2.3993303457 -0.4554887762
1.3754657451 2.0933954233
2.8263048945 -0.0559795241
3.3005102879 -2.2750917628
3.8176345914 -1.4836406927
-1.4772674352 -0.8142539203
-1.9239114599 0.1193605328
0.4822554297 3.3816547092
-0.6193763773 3.8881907569
3.4137779106 -1.6828539772
-2.6281653166 0.9169550891
3.2327434739 -0.2318645804
1.9535046252 0.5736006030
0.5509676741 1.1432736900
0.3873500892 2.9659952952
1.5330664913 0.2676274902
1.4810236988 2.1646257386
-1.8588751697 0.8836242418
3.3950284824 -0.9500795832
0.3026998564 1.5819136907
3.1677346682 -1.9082597380
0.0398472428 1.8943598890
-3.4305456496 -0.4819604995
-0.1310306603 2.5276701958
1.5666066336 3.3110280365
2.0614425184 0.6662140567
2.6810246641 -1.7613735654
3.1391828552 -1.5295015851
-0.1690869761 2.1106442792
3.6018392926 -2.8683311836
0.7885303321 2.5489134997
3.2302700979 -2.2283820540
1.1919172762 1.9163335356
2.2257306289 -2.6854024082
-2.2721495041 -0.4227299821
-1.5026517199 -0.5639357419
3.0602385755 -1.0388583673
1.7425497272 0.7471957486
1.7770035443 2.1299163650
3.1686007378 -1.9317808242
0.5371594527 1.7543576283
-0.6267972270 0.7106441436
-1.9564021589 -0.4795209995
-1.2312238808 0.5897171490
4.4118561055 -2.1360251230
0.8026096307 1.0303296609
3.2109172693 -1.4224470510
-0.6983198068 2.8236694641
-0.2221623476 2.7053330487
-0.6065808656 2.0144563280
4.5319069893 -1.6457136223
3.2013172882 -2.4452553585
-1.9920825564 3.8752542697
-1.9233437610 0.8355049812
-0.4325353833 1.0207896266
0.4489223812 1.8161880507
1.2787811024 3.2066477134
3.9970073735 -0.4840509415
1.6279465694 3.6126947504
-0.0311079682 1.4217047013
0.9615423615 1.8345140680
-1.7691399522 0.5653428406
0.7020500693 0.1350071879
0.5796684130 2.5713214316
1.3231535637 1.5098230339
-0.0704739425 3.7787370400
3.3699545063 0.5405999594
-2.0798833826 0.9706549282
1.3493866729 0.7670211890
-1.9259457500 0.4731019273
2.5616669026 -0.6468504678
1.4599268625 2.2044695446
2.6919940864 1.5492449684
2.0523759992 2.7195356156
3.7518356199 -1.1268084581
-2.5226659971 -0.4732809321
3.0514196118 -0.7850404460
2.8938395378 -0.6910800993
0.1058460779 0.9271517091
0.4593115178 2.0107339805
0.7823660541 1.8873846473
1.8021448112 2.1199039780
1.7058977924 1.4406100917
2.4383252004 1.6724849114
0.6989162479 2.1366098357
1.0210349929 3.2302282450
-0.3282772271 3.0580499521
2.7796839498 -0.7727326681
0.6617297865 2.0089145049
1.0562458441 2.6888007684
0.9108569892 2.5179436551
-0.8054659438 3.3241041876
2.8451246101 -1.2085556729
-2.2004858780 -0.0060765373
3.0470127191 -2.8315604979
0.7987299204 3.2191304539
-2.5230246473 -0.6474034146
2.8691296410 -1.7270544843
3.2489420512 -0.7383416944
2.6555372899 -1.7315500110
2.7269000282 -2.6072652139
0.8252136062 1.4232467379
1.7420242122 0.9926154824
-1.7001854262 1.6681606967
0.8935190705 2.6688602889
2.9273928382 -1.6899502538
-1.3200876253 1.1047198865
0.6790028077 3.1945015578
-2.9494500454 -0.1835900703
-0.2726978208 1.1042326165
-2.5818678071 -0.3853534737
0.7526527260 1.8956858624
1.9808170760 1.5906321377
2.9817841495 -0.8165630839
-0.4698653154 3.2467799437
-2.4255085492 0.9024673239
3.3147113974 -1.8940950198
3.1660790954 -2.0033042776
1.0380021276 2.5804840338
2.2008244842 -1.0731563046
-2.3783599607 0.5199042498
1.2497409586 2.2839844098
2.5987193737 -2.5608707685
-2.0251616338 0.0404319237
2.0603761043 -1.0735237488
0.6137138841 0.7692933508
-1.2005433065 3.8020013900
0.3756989310 1.6386927136
-2.9187385401 -0.2459774069
3.4272897033 -1.7168430428
3.8546463672 -1.0028434912
1.0332330438 2.8638452412
2.2762509526 0.3851796743
3.2021843283 -2.0307857317
-0.3389119267 1.4684581022
2.9237485777 -2.2324995074
3.5961749421 -1.2502805507
-0.7608620270 0.7486516738
3.1416729442 -1.7607070448
1.0844054823 2.5823256317
2.3456836805 -2.0440649450
3.5279503526 -2.0375804628
1.1965937718 1.1972608659
2.4556624299 -1.1308777273
1.2425529702 1.9855058410
-2.2321526872 -0.7473029200
2.2700508985 2.9072048141
1.8951088331 -1.4883762496
2.5704908875 -1.0553080449
1.4157701561 1.0827947903
2.8633356391 -2.4125448148
2.4245935529 1.3845931698
2.9713452498 -2.2319303088
1.5089754404 1.8199774988
2.8406256199 1.6663413376
1.9849560372 1.7274696485
1.8139179120 -0.7537249020
1.6112624126 2.4555042274
-0.3843333911 3.0170290462
-0.3422726561 2.7135211113
0.5200495812 1.2243045197
1.0103382959 1.4151751128
0.4695905436 2.8712728076
3.2947651544 -1.6536918908
2.6516487462 -2.0432070650
0.5528689307 2.3612105493
-1.5131846199 -0.8342911049
2.8790429351 -0.8188907969
-1.1452008471 -0.5346353903
2.6344944042 -1.0761199768
0.5771564453 2.1538122355
2.4617912124 -1.7530955479
0.1737940153 3.0149720378
-1.8210910407 -0.2666033756
2.4362148570 -1.8930521353
3.5268996634 -0.4876067368
1.0762596033 2.4379570682
1.7191759892 -1.3997227810
3.0340007244 -1.0222121283
-2.9292116189 0.2579399707
1.4310727803 3.6464879811
3.2318071866 -1.9123188383
1.8666727762 0.8230871782
-2.2369974318 -0.1830080868
1.5196876247 2.5918736952
0.3586336173 2.0066663413
-2.4162068139 0.3639723539
3.8603516570 -0.8693936797
2.2035489181 1.1057118698
4.0147659954 -0.7078696279
-1.5429920986 0.9206567268
-2.8913245734 -2.0940859686
0.3763299650 2.5647554652
3.3701443599 -1.5211637925
-0.9454172627 -0.6536631676
1.7849837036 -2.0816556929
2.9198942616 -1.3890492427
-0.2271023719 2.2888947996
2.1681422730 -2.2278255877
0.8819593706 2.0282451380
2.4966910297 -1.6778421888
0.6301727696 3.0001270819
3.3514039042 -1.0664070142
3.4917557541 -1.4314166962
-3.1968949222 -1.8784966406
0.9794400467 0.8239284874
0.8787631587 0.4583119183
0.1827131394 2.0444463859
0.7420711423 2.3565590159
-3.1131124340 0.9754176514
1.1129392193 1.4062655401
-1.9257871881 -0.2707952527
2.2198006491 -0.1982767316
-2.1903418972 0.4805846709
2.4381462580 0.5978507614
-0.9903713239 0.4159510376
2.7599633715 -1.5184554539
1.0349208478 2.4677696574
2.5383390488 2.0338545237
-2.3891921081 0.1612607191
3.6360669504 -1.6055818455
1.2323147370 1.4556780002
2.8461771327 -0.6282336976
-0.2230052819 2.9318251435
0.7115664592 1.4862254289
3.9397153201 0.8685986750
2.7476582897 1.3383967162
3.1934671385 -0.7194770665
0.7112913064 2.3905823233
-1.8717886713 -0.7158783822
2.5375554586 -1.4011374788
2.7653835510 2.0364657161
1.8841956569 2.2771763540
3.1510605742 -1.1055362263
0.6044801489 2.7751253015
0.8974910257 1.2766087806
3.6350657397 -1.3612495862
0.8967275065 2.4979499215
0.6137661785 2.8395236440
1.5863365565 1.1410735110
1.1867247416 1.5410354746
0.6356141054 1.8209096817
-1.9575627032 1.3323417101
1.2595874192 1.3465864274
2.9450330847 -1.7840321256
2.1115618459 -1.7833173155
1.3035849151 2.6097685128
0.9731059439 1.9308815942
2.0802788833 1.6201033476
-2.5211372449 -0.3463923456
1.5930002432 1.0406481117
0.9970331929 3.0505888554
-1.5892994927 0.1925881565
0.0613694888 2.9445519364
-0.3192039876 2.2626147808
-0.2273744203 3.3914269129
0.5957006586 2.1794262175
2.8877207081 -2.4923869076
2.0970907029 1.7976482577
3.1493821769 -0.9780658002
0.0498082629 1.8334692057
3.6235333535 -1.4718801213
-0.7911797038 2.0605581517
3.0971095066 -1.0793186620
1.3038519681 1.8359298959
-2.0609032823 -0.0643383011
1.0587351697 1.5316280638
-0.7545878927 3.8741917995
2.9737245109 -2.2850329033
1.1460741020 1.7193522117
0.1650634179 2.6499276725
0.9765720913 0.1365166313
2.5599016711 3.5886906291
1.7509006996 -1.2742381271
2.9657920022 -0.9411540475
2.8850212755 -1.1192150686
0.7048855704 3.0710163382
0.4911842802 -0.3772785938
-0.7618814942 3.5499733915
1.5259410359 0.7535893833
1.4652384892 3.0015035842
0.9804517157 3.3206715017
3.5557031346 -0.7371329128
-2.3111599360 0.2293195489
0.0728173479 2.2328673971
3.0968070639 -0.8965060945
0.0574716470 3.0488399292
1.5488552550 2.2549992435
2.9382793988 -1.0907869618
2.6244388689 0.1760229725
2.1630285381 0.8745578378
4.2682808205 -1.7712470129
-1.3514859156 0.8582462617
-1.8143247101 3.5544825465
0.1089202273 1.1388650478
3.2230543241 -1.6373352399
-2.6905176587 -1.4874717303
2.7093376227 -1.0839408831
0.2603840569 0.9097728117
3.1147880108 2.1241841504
2.8115666345 1.1251977549
-2.0027333993 1.4497942650
-1.2213718674 -0.6451784157
2.3159186598 -1.3869981603
3.1755661210 -2.0825735566
1.6258370304 2.1084612076
0.4931313553 2.7319353317
0.8527593741 2.3521586988
0.2038216881 2.5439278524
-1.7451250961 0.6839994652
2.3988360542 1.6782202275
3.0311702248 -1.7608931655
-1.2169812392 -0.2715656813
2.3854137559 -1.4951429888
0.4640902254 2.0021105317
2.9210635299 1.7430406999
-1.5049932660 1.0572993692
-2.0939973811 -0.8177176348
2.0934417286 1.1566295449
3.3246649792 -2.9045742138
2.7420724584 -1.3638595671
1.2340582292 1.0383030160
-0.1561619229 1.8139887120
2.5138182709 -2.4565643727
-0.7035389057 2.4495860851
1.6569419617 0.8479164617
3.3816380944 0.6562172887
2.4386857420 -1.6737921048
2.9315727461 -0.5098445168
0.0051485311 0.9222481447
0.9909275085 1.9173158339
1.0000131383 1.7905030444
1.6629444132 0.6901414636
1.2258834786 1.4711214326
1.3470500991 3.0069771826
2.7441277155 -0.8480343406
-2.7137426343 -1.8142845388
-0.2064502764 1.3031454465
3.2481823833 -0.0738546807
-2.2681381561 0.2825914955
-2.0806941150 -0.4014309497
0.2806031380 2.9456288829
-0.6530005318 3.0887614036
-2.1160985150 -0.0341716642
0.5619444480 1.7244544826
2.2654207802 1.2757931201
0.7155378497 3.5007385694
0.5805723807 4.0120068454
3.8694030025 -1.4296967957
3.4343850268 -1.5958531772
0.6079928704 2.0145865904
2.3838037654 -1.1046817947
3.1315632198 -1.2879333941
3.0605608129 -1.9468519802
3.1558223353 -1.5816204872
-0.1862927143 1.0717190961
2.6775210061 -1.3246467926
-2.5149805154 0.8958417181
0.5207973203 2.2592413073
-1.3862970495 -0.7466754837
2.3932192972 -0.0459146300
2.1794938545 -1.7368914127
0.0207303252 3.6999589057
2.6477265974 -1.1191040439
0.7664395966 1.3479263308
1.3741623116 3.3864007674
1.6296400294 2.0887398419
0.7568542206 1.8139404822
4.2224091852 -1.5417339733
-0.0152947221 0.1199660416
1.5750555254 1.6832645460
-0.4491132046 1.9900899767
0.2820711911 1.9244581255
-3.2389089310 -0.0521713350
-2.5718710252 -0.4060009576
2.6687417238 -2.5503129419
-1.6695092556 -0.0228105626
2.3824937689 -0.9326905925
-3.3150684285 1.3525339676
0.9490424560 2.4399327521
3.9109952670 -1.5632613214
0.8414283511 0.5696353599
-0.6324558635 3.8221562369
2.8819206456 -1.4108439452
3.1153293363 -1.1705993485
2.8076475584 -1.0749168146
2.5811721577 0.5796109536
3.1252280124 -1.7837342907
1.5064016655 1.8007690978
-1.9206127204 -0.8283951264
0.0895628261 1.6837034534
3.6860929486 -1.6109987672
2.5426055907 0.3881879094
-1.6404202811 -0.5222265552
1.0379786645 1.3392915208
-0.9168458523 -0.3351099015
1.1971525256 2.0576859757
0.2479525183 2.5359504479
2.2278447526 1.0606700889
1.7759521046 1.9483713114
-2.5743419956 -0.9094081813
2.5696148732 -0.7448061071
1.1981095530 2.6816210000
-2.1267201453 2.2493610031
1.8684008535 1.2609010688
0.2754561618 1.5312906712
2.6506700445 -0.4334329264
-0.0454190714 2.4386856780
0.2253417848 2.4649164242
-1.9113043440 3.7392366758
0.9546273276 2.6983960540
1.9784293570 -0.5576277439
3.1633976379 -1.6041015461
-0.1494753820 2.6135788467
3.0363607705 -3.0577243448
-0.7351465930 3.2542078986
3.6994660160 -1.6745853834
-2.3399454309 -0.4747739821
0.5056573378 3.0892819784
0.5463253226 2.2180229433
-1.2489318389 3.6498588733
2.1864019076 -1.0260716687
-0.0823011893 2.7119481023
2.9606795970 -1.3778674348
-0.3250536778 1.0121155416
0.0256982854 3.4238270972
2.0046717180 -1.9812298720
0.3959558555 2.7260743377
1.1309886301 1.7111461860
-0.8550231332 -1.1446543517
0.2421155900 1.3297263447
0.0847550703 1.8380619511
-1.2809815525 -0.1056972041
1.6200626246 1.3345762282
0.6758956616 1.1265202252
-1.1206732185 1.1575942799
-2.3917760904 0.7350914444
1.2773300753 3.5641768096
-0.1892539967 3.1000376550
0.1974131498 1.9132261340
2.0947707697 1.8678101815
2.7678414807 3.0030491147
2.0570723588 0.1710050457
1.0588852523 1.7370696913
-1.7577882431 3.6527212009
3.2568048272 -1.1579974491
1.4946364707 5.0135805921
1.2829439522 1.6185593155
-1.6528761489 0.9244953079
2.8179254395 0.3189903962
3.4063369518 -0.7646565068
1.8712864714 1.7920676627
0.1555305964 1.8646480464
0.8198056323 2.4258403386
1.5667593861 2.0096925779
3.9113267059 -1.9372144900
0.4592538215 3.2591529710
3.5256647627 -1.1160457246
1.1460102106 1.3654472855
3.0846213841 1.6668348326
2.8274259766 -1.1519254964
3.3887598294 -0.7569716219
0.1036280762 2.4888463217
1.0228144571 2.1783631744
2.6674020468 -0.7149426765
2.6356176222 -1.7038883152
3.5201354381 -2.1851079760
2.0296272448 -2.0151227482
0.5706695680 3.0029686672
2.8740586957 -1.4307219571
-0.7494211824 1.1357030893
-3.1320971928 -0.3703051728
2.6777688342 -0.1976387870
-3.1307985139 -0.4326656009
-3.0770411789 -0.4571282646
2.7122251001 1.6175173523
2.5276356712 -1.1668132545
2.4539440789 2.0560628922
0.4893949082 2.3048738019
0.9616841707 2.0773424879
0.6602765181 2.3906397093
-0.4116666814 2.3336921649
0.3695582589 2.0787486542
1.4683889655 0.9639851565
1.5883923698 1.1616437367
2.4428920334 0.4624504691
2.8881981372 -1.3273075455
2.6172894347 1.3833286856
-2.1122612960 -0.5724634446
0.7100758431 2.1477991936
1.9332416646 -1.1418350717
0.7598307544 1.3729786318
-2.7225335601 -1.7175597026
1.9358379407 1.3457166117
-0.9269834747 1.7755634279
3.2884260516 -1.6593313086
4.2563658854 -0.5130856301
-1.8529660358 -0.3785265428
-2.6681272270 -0.1093971004
2.0313438650 1.0626764481
-2.3213441384 -0.4292153357
1.1244766121 1.5440991781
0.5961423980 1.9140018785
3.8429445356 -2.5112509367
-2.1928275128 -0.5366442996
-2.0519149441 0.5697836581
3.5776339311 -2.4132251527
-1.4629662316 0.2422663303
1.9806346599 2.8159483463
-1.3830337478 0.5637425483
3.2447941111 -0.8621677630
-1.6753000712 2.0434994759
0.6204871097 2.3020168094
1.6928839779 3.2843723174
1.9302530174 2.2291651408
-0.8043265982 2.8768245387
-0.0107649390 1.7418004461
2.9025728164 -1.7991360829
3.4224894447 -1.5853614990
-1.2267722826 0.0083330298
1.0483555223 1.3685862368
1.3739411631 1.8968873321
3.0601832863 -0.1214607893
-2.1432954222 2.4939800822
2.6376507966 -1.3587747731
2.7627633773 -1.8963003899
-1.4850103192 -0.1382432006
-2.5800580926 -0.2775809221
2.5080341749 -1.7430096072
1.2153932047 2.7628359648
-1.5231151402 1.4243391790
2.6162321076 -1.1973723443
0.0120830105 3.1920852936
-2.0429209560 -2.4885594114
2.1153547152 3.7267910391
-1.2574089029 2.4008396810
2.0147299080 2.2854481133
0.6473927909 2.0692051224
3.1913608266 -2.0138107548
0.7729313886 0.9531250934
0.6825250574 1.9415067604
4.0445709452 -1.9336619247
-1.7155041806 -2.0640958050
-0.1458579784 2.7059449989
3.0438283780 -1.3558495997
0.7946289868 3.1588695269
0.6300515708 1.3594823066
3.1252886967 -2.9171862711
2.1474804468 2.7225862729
4.0913874526 -1.2292612936
2.3905532397 -2.3325098661
-1.5787643265 0.2158278710
-2.3452813361 -1.5002223048
-2.9465872268 0.1660607813
1.4957645986 3.0093125116
-0.2200360415 1.4252471816
0.9797379100 2.0800213564
1.8491959691 2.6988695763
0.2759597507 0.7206618858
-2.2381072736 -0.0196030883
0.4947405641 2.0440439242
2.1157952059 1.2674466719
1.8828163239 2.3609856853
-3.0409268660 -1.3726731102
1.1022444327 1.7450862171
0.4321237250 2.1263452007
4.0103795351 -1.2291934158
1.6105226397 2.1372065227
1.0259721768 1.6989049428
0.5181437312 2.5317811595
0.9180808302 2.1377692117
0.5696123601 2.3646293882
-0.1476305051 4.0485147379
2.7315024603 -0.9474043387
-1.2275873939 2.3761837540
-1.2714551627 2.0718981889
2.0996295314 -2.5060158903
2.5099136994 -1.2772253953
0.9232553909 3.2416562373
-2.6180760407 0.6210548346
3.1006403440 -1.8829368399
2.3051650831 1.3864948549
1.8725587948 -1.2696685607
1.6321032164 2.1103152703
3.2553093825 -0.4873390995
1.3178091507 2.1974989905
-0.0827382825 1.8521637415
2.2767468384 2.5779856230
-1.9864290400 -0.4637448453
-1.8472059778 0.3827296628
2.6075839371 1.6478603935
2.8933989562 2.3217038401
2.4209750970 0.7890532584
-0.5186150770 2.7897270996
0.9949091470 2.3965160154
2.7244317929 -2.2116463876
3.5026280744 -0.9464621192
2.9225175077 -1.7637516809
2.4756698257 -1.6017688584
3.9584050028 -1.7747194473
2.2485401486 2.3380605539
-1.5205208035 0.4380220688
0.4160708616 1.3260177538
3.2916083809 -1.6551683082
0.7388147819 1.9424072563
2.1024944980 1.3269641737
-2.3852041047 1.2433175289
1.3092317961 1.3748017698
1.6346200661 2.7297059559
3.1241910802 -2.0842838872
2.8130749000 -1.6233956831
0.9892103574 2.3343609995
3.0469634262 -2.1103123784
1.3549690685 2.0765742870
-2.2542596348 -1.6732539021
-0.6367949585 0.0362771556
1.4710297555 1.3767937603
-1.8468581929 -0.0561766958
3.0452565211 -1.0574234763
1.2293376031 2.0893646652
2.9408960543 0.1976355362
1.8769654104 2.8197656046
1.9519636453 1.9931183948
2.9720316185 -2.2738241119
2.8501449591 -1.9389187385
1.0451321695 2.0200046863
-1.0315649474 1.2903465657
3.1047749417 -2.6352432884
-0.2386399586 0.9984382960
2.5188217640 -1.7613998934
2.1430779239 -0.9005741382
-1.3547019355 -0.1409119642
2.3959734499 2.6920175759
2.7823405285 -1.6678600563
3.2799302855 2.0794799574
3.5776585831 -1.6245071138
1.6357781758 2.7190150583
3.0941117234 -2.4773439478
-0.1488986608 1.3239804452
-2.3467013253 -2.1316273414
2.4028773893 -0.6589808341
-2.7889946308 -0.1042952194
1.3589343548 2.5000109377
-0.4767640170 2.7332858329
-1.8972006307 0.4192514436
0.5122565558 1.7407561352
-2.0672730560 -1.1549380793
0.6955415156 2.2501528425
3.9378436325 -2.4046793018
-1.7976881557 0.0462826891
0.6144143066 1.6162711427
2.9798083409 -1.1180161673
-2.1605575734 0.7316655276
3.1239682083 -1.5946468245
2.4312905687 1.8444112832
0.6825296193 2.0722594070
2.9588360422 -2.4416900982
2.4807311734 -1.1916538411
0.0180378089 3.0603427554
0.8352193119 1.3740530420
2.7294517211 -0.7526354347
0.0993260978 3.6733138060
-1.4119030383 0.6634670805
2.1167322033 -3.2806346265
-1.7545380143 0.0254799865
3.1734495405 -1.5132313382
3.1711948671 -1.4011215843
-0.0651045267 3.6306847248
2.7697849472 -1.5552583470
3.5000256515 -0.3732263149
-0.1288808865 2.8624168352
0.0628779122 2.7680210902
0.1913173917 2.2056229985
-2.2872538268 0.1629243173
-1.5434687704 0.9516093237
0.2933289232 1.0147519057
-1.9683902567 -0.3418293002
2.2398896137 -1.2306627411
0.6796409401 1.9543503714
2.4026153794 -1.4394221824
2.3036833664 0.2620296127
-2.8263902632 -1.7328475189
1.1256475627 1.6273341747
3.0896778045 -0.8519741636
1.0468897351 1.0835755556
0.5228760357 2.3467648458
1.9929295819 1.3864398145
1.4142111735 3.3800529404
2.3184289657 0.0906602596
-4.4549241653 0.4652614996
2.9588637984 -1.4455034810
3.5001388701 -2.6949758284
3.1586349451 -1.6910919726
3.1790951820 -1.5305103922
0.7639346008 3.1049185344
2.2500456288 0.4839371237
3.5192766852 -2.7694441689
-2.1856276373 -0.1493713073
2.3166104192 3.4072418136
-0.2846366458 3.8175689840
1.1503304299 0.8431001411
3.5810809963 -1.4608571892
0.9327536484 2.7970144104
1.5418803508 1.5023356504
0.4638281576 1.2768860481
-0.6448242257 2.7409089140
-1.0577398475 0.7057802981
2.2403494066 -1.6013793805
0.3475659952 2.0840636750
0.8796391724 3.0331274224
2.8201407980 2.0808647541
-0.4552988441 2.7140953481
2.4507172503 2.3644788165
-0.6213551568 2.0298710632
-2.6809568013 -0.4903028963
-0.8467936535 0.5855548913
-2.8646969726 0.4416028841
1.3733569094 2.2122166935
3.3448741339 -2.5985862691
-2.0541943270 -1.1599649526
2.0987686431 1.2692985623
-1.9991316101 0.7314641926
2.4969315565 -1.8960200330
1.8573190507 -2.1339749563
1.9938938984 0.3721943576
-2.1421015372 1.0123307864
3.1079781114 -1.2625667706
0.3003357094 2.7734092630
1.1352674556 2.1025505066
-2.1576024150 -0.1836397929
2.2861475478 0.9914997870
2.3862717174 0.5061205751
2.9897272819 -1.5738369786
-0.7980017370 -0.6174664304
0.6038604521 3.6295288009
3.2906762798 -0.4929878161
0.0452309113 2.7668602291
1.9519342808 -1.7529992311
2.1770851461 -1.2670823303
3.3981025951 3.1555305418
2.7462271812 -1.6791302779
-0.2422148256 3.4761064701
-0.2582936488 1.8007419263
-2.1427878843 1.3186794787
-1.3111143993 -0.4220125519
1.8528940457 2.6502914411
0.7945647458 1.2903114858
0.2507777521 3.3834742434
3.6816669657 -0.7023335129
0.8890660440 1.6329236590
3.7487855153 -1.6238106906
-2.1923509253 1.1199616618
1.9619451543 1.6296395821
0.2689287135 2.9382195050
3.2775021640 -1.9869224961
1.9038472656 -1.7919328408
0.0782942737 1.2326654710
2.5271281893 -1.5428906900
-1.6407168373 2.1725677322
1.8037273447 1.4284474596
2.8147226071 -0.7499654159
2.4956027289 -2.0665609043
-0.3172769971 1.5676935176
-2.2632959716 0.2017247398
1.4262825297 2.5750250825
1.5085405547 0.7087969450
0.9174387047 2.9695538325
1.5824278306 1.8048962033
2.0625430342 2.0842367093
2.6939381760 -1.4516647907
1.8851523574 -1.0726676169
-0.9665982619 0.6272680530
2.7673192034 1.8576384059
1.7513743725 2.3644692884
-1.7934250022 -0.1330241285
-1.4238144357 -0.2800439275
-2.9852204096 -1.4740652019
2.4445273880 -1.1491798018
2.4737954288 -0.4356741954
3.1087664695 -1.4116628772
0.3450532657 2.0078603490
0.2156104899 2.4910808668
3.1620719655 -1.4503057652
3.1589147740 -0.9228922677
1.5612384285 3.0906566873
1.7310065730 1.3672478427
3.2849968451 -1.3467092170
3.2139123696 -1.5961503045
1.8861541208 1.1961821886
2.9681900061 -0.1548796185
2.7214856934 -2.2071722218
2.3677157862 -2.0537364034
-2.6694487932 -0.6383250403
0.0378043141 1.8622831766
2.6302234265 -1.2738981718
-2.1457744865 -0.5529433835
2.5371340979 -1.3661750474
2.4072381713 1.8279219855
-0.3010992664 1.9310166193
1.6302201422 0.8073428239
2.4365788114 1.7610792873
0.9513097457 3.0970420234
-1.1503536046 0.3060080641
3.6035029679 -2.3089435396
-2.3334037417 -0.7504792870
1.9278282318 0.6742641409
4.2547924827 -2.3412549608
1.3661667238 1.0365157405
0.0155250502 1.1749828602
1.5220542183 3.1175125076
2.7926589486 -1.3025439354
-0.7542424119 0.2326707387
0.5556019755 1.3974512965
-0.7792615202 2.6580500420
-1.2940674538 -0.1010234685
1.7242918777 1.9299838155
1.2341863637 1.1912113961
1.4037928887 0.9812350963
2.8737860413 3.3200668449
2.4623096809 -0.2203728988
1.9208799122 2.2276389228
1.9490178652 1.2082258835
0.3680692136 2.9885666639
-0.0643830257 2.4546678151
-0.1360051394 2.2243180829
3.2579239482 0.3375036372
-1.6540293734 2.8616672217
0.7826511799 1.0703526690
2.4259627790 -1.6039450496
1.5460559937 1.4021045430
1.3496260908 2.3524433983
-0.9549954845 0.3998666087
0.5596562217 2.0560140886
2.6453881469 -1.4228110885
-0.2613451927 1.9960494146
3.2760481176 -2.1409406609
3.8498013850 -1.1985548854
3.8692078834 -2.7931447786
2.3280200767 -1.0252725059
-1.3072927762 -0.7489089341
1.3351296809 1.0909327577
2.9766082030 -1.5524857899
2.6349343867 -0.9672575056
3.6352483715 -1.4721407936
3.0889414676 -1.0639689925
2.7976835168 -1.8111410817
0.1065531126 3.2053229583
1.0613774182 1.8004522171
1.7339614692 1.8019596697
3.1545928244 -1.1804610782
0.0746481011 3.0077277987
1.8023084671 1.1414364661
0.5748884269 1.9021147213
0.5603111250 2.6717558844
-0.1740363115 3.2148016062
0.6333902703 1.3590782655
-0.3387002265 1.4493765818
-1.8229817542 0.3583182440
0.7599727589 2.2164491930
3.3521950256 -2.2080721084
2.1541256885 -1.5275505500
2.1237787981 -0.8243957173
0.9236002573 0.8503764414
0.5505004636 2.4884258293
-2.3567472435 -0.8108808764
2.6272713705 -1.8691013687
3.4735135889 -2.1373835974
2.2858347541 0.8431899680
-2.9146982962 1.3938528223
0.2714666160 2.7987303724
-2.6790467956 0.0155431926
-2.9305822737 -0.7485784611
-2.6631608246 1.1202413940
-0.5804944663 3.2881625864
1.9774120021 2.1655242553
2.3723597796 2.5210451437
4.3811694433 -2.3182098762
3.2998327782 -1.5527181325
1.1039130519 0.8910652503
0.2521679923 1.7177757150
3.7486974342 -2.8138952571
-2.4432611424 -0.2495862602
2.5675043077 -1.1496973328
0.3283919003 3.3061096678
-3.0461913155 0.0635643745
2.8384963251 -0.8669638590
-2.2807303102 -0.8783197979
2.9541015696 -1.5137294293
3.2367475603 -1.6574735414
2.0794191845 -3.6978728729
1.4927171548 0.0391141521
1.6467862462 2.1828948691
1.9546963160 1.4930596336
2.2833732230 -1.2402259331
3.4058778465 -1.0663284475
-1.8357126514 -0.1839066752
2.0104031483 0.8632267212
-2.1675044888 -0.6085436726
1.2459446453 0.1714477205
2.3196953126 2.2986074934
-1.0255936573 1.5768696032
2.0437596118 2.7718043847
-1.9842929585 0.6878189759
3.6525767159 -1.3408509181
1.6141260013 0.1614830005
2.9428550986 -1.4864119874
-2.3126527811 0.8271171664
3.8491722604 -1.7581972622
2.5019888779 -0.7871129696
-1.4154739788 1.9246777275
-1.1089907581 3.0927503699
3.3937650256 -1.5081347669
-0.2371214750 3.3645151652
-2.1367963995 0.0136312064
1.2929273996 2.3905194263
-2.8231261338 0.7708817505
-1.6800067041 -0.6737157032
0.4932218142 2.2629312481
-1.1230656590 2.0006502180
2.9813112598 -1.2374719460
-0.0635214393 2.0203404243
-3.2598681349 1.0710013651
1.1997622695 1.1889162095
-1.6488887565 0.1552196024
-1.4917274519 0.2718140901
1.7402273142 1.8870889429
-1.8884304282 -0.0423685390
3.4608111057 -1.3752952841
1.2034198171 3.1155251680
1.9034389375 1.5775088649
-3.1226830875 0.6128577177
2.9728345678 -1.3840126696
1.3521030237 1.8822973303
2.2500828730 1.6056574944
0.6454263955 2.3321311396
0.2374830064 2.0173633644
-0.6056064565 1.7775573249
3.6894963471 -2.7054861256
-1.0037241355 1.5114645180
2.6498249590 -1.5746208009
2.2459239407 2.4718702381
0.1593924065 1.4718474159
2.5906243012 -1.4618774551
-1.5526768247 -1.4407179621
-2.5823625258 -0.7226340088
1.0023592469 3.0486776967
0.7246879749 2.3649096970
-2.3616452528 -0.2054351516
3.5551295107 -1.4835222122
2.1755237518 -2.1018949342
3.2424260817 -0.3854235634
3.1688832204 1.0846600269
-0.5930793989 2.7507873255
1.2358545154 2.2087609976
1.7384450969 0.6242879105
2.7463683608 -2.0202176755
2.0583609203 -0.8288558378
2.7266879748 -1.4504926710
3.1781241978 -0.3401607675
3.9505194226 0.5687232304
2.7334808524 -1.2395114733
3.2531309682 -1.3407120927
-2.0960794364 -0.7013543585
-2.6319828695 0.6088988650
3.9036883174 -0.2886816776
-2.0530317513 -0.0739067928
-1.5296064660 0.3046197538
3.5804817870 -2.5530742627
0.1176505160 1.6334613732
2.8563740500 -0.9767060076
1.1975602817 2.1271112496
2.2869941028 0.1185035072
3.3550951898 -1.5890640921
-0.0567338479 2.9859317805
0.7431353017 2.8721072430
-0.3616721506 2.7056246633
2.8833925373 1.9114963196
-1.3850669874 2.7137113043
2.9790173821 -1.5005588125
-1.8198633256 0.1037459536
2.0902120039 -1.7251973573
0.5006737996 1.5987114333
-0.3867028572 0.1707172674
3.9143437234 1.4361893067
3.2301239450 -0.7437962484
3.5617202300 -0.1351146387
4.2625546916 -1.3330174894
-3.0418534479 -0.4618398313
2.5221355811 -1.6263592776
-2.4409080524 1.0813736729
1.9402206668 -1.1177169466
3.7634891889 -1.9694519920
0.9800247858 2.1030043031
2.5220642397 -0.1313989106
-2.3865121241 -0.2849074987
2.7708839783 -1.7980204391
3.6689579412 -0.1283233221
-1.4986492485 -0.1786403969
2.9707673503 1.2155166763
-2.0296353991 -0.4045797089
-0.6415769398 1.0101418556
1.8292531618 1.8172885604
1.2296238468 3.5064837233
1.4677340772 2.4544413512
-0.0813963250 3.9427800066
3.1062618467 0.4442435230
-2.4871254329 1.1178270189
-2.7113458501 -0.6386643809
1.0003529662 2.1449065066
1.8719904817 3.6471833780
1.7986052897 -0.2802384364
2.3036287586 3.0253615144
0.5024272529 0.5732890366
3.0085829976 -1.6042221376
1.6658991866 2.6863322284
1.3852219431 0.3108414225
-2.6655910887 -0.4658480933
0.5381328477 1.6248848498
2.1499825889 -0.4048374024
1.7213972696 1.5195672006
-1.5423996954 -0.8789173383
1.9916787543 1.6923255262
0.3459686821 0.6885737142
0.7294309954 1.7969110908
1.3527482765 2.5537344509
0.1826625105 2.2507021095
0.8918669589 2.9926595480
2.6230028851 -1.7758262746
-2.0553642843 0.1388771300
-0.8318111203 -1.0993402122
3.0141682012 -1.7311404576
-2.7809280780 -0.5195174165
-2.5224134769 0.2118058669
-1.0126002270 3.3325004125
0.0016658374 1.4103271081
-1.8385451741 -2.0510820391
-0.5727019991 0.8482177260
3.0899050714 -1.4342738135
0.7371696238 2.5211382784
2.5644456458 -0.9244530057
-0.6528802809 0.9901778435
2.4568234441 -1.2751911251
0.1808145130 1.6879263189
1.7394948036 2.7987337650
0.1148647018 1.7845820982
-1.6920906685 0.0742103856
-3.0054230907 -0.3047002075
1.1231897910 2.5341579858
-1.8922055280 0.3639819418
4.0707950560 -0.0125320748
-0.9694978062 3.4633024316
3.1048627805 -2.3927332974
-2.7177739201 0.4070893636
-0.5374112110 2.1483929581
2.3502973459 0.9739129341
1.3804691112 2.5298075000
2.7701021822 -2.1118449467
3.3128107434 -0.7768184299
-2.0553531485 -0.8908324834
2.8170390557 -1.2793370671
-0.9140623992 2.5126526474
-1.7639997409 -1.6923495865
3.9792307562 -1.3376825767
1.0368681014 1.8157765201
3.1522190444 -0.7921165408
-0.7950964081 1.9206434676
-2.7072199937 -0.5443650649
-1.8703433773 -0.9589774556
1.9018244892 -1.6061671069
2.0838783329 -0.7895411239
3.2951803384 1.2026590996
-3.0731013249 1.0148612676
-1.6287776174 0.3619830879
-2.4052631558 -0.7918571700
-0.6355266653 1.0830500271
-1.1027932962 -0.8043484609
0.4706181270 1.7059039764
2.7263715349 -1.0796114553
-2.4619267232 1.3617601606
-0.5990638003 1.8310253258
1.4341718521 2.0662614755
0.4897147149 1.6043698346
-2.2437606752 1.0659338788
1.6803455994 2.8627071280
-1.5722274785 0.2726286332
0.7776820110 0.5117964027
3.5248062421 -2.1577185934
1.0041093477 2.5058501918
0.7330109610 1.7152809847
2.1520456166 1.4316256765
1.0018800797 1.1594851195
-0.0216719138 2.8701708330
0.8615566390 0.6927995112
0.6657898669 3.0016869019
2.3263457894 1.0773953045
-1.8733614697 0.5815629534
-0.6765527765 0.3343567271
-1.3128373305 2.6786818235
-1.2487255284 -0.9450753545
-1.9825341772 0.2647656439
3.1640557218 -1.6485517611
2.2872941474 -1.2870290539
3.1971462740 -1.3877081938
-2.9228278320 -0.8512640644
3.5347582706 -1.9736890292
2.0421102917 -1.6203695816
0.2975414581 2.0841669197
0.6327428261 1.6697710067
1.5618408740 2.6815233517
-0.1555284562 2.0659223995
-1.4836010105 0.7325500037
1.6384319118 2.5803284703
-2.3325511149 -0.5691131473
1.1982678312 3.4729014658
3.5814563643 -2.0303525957
3.0797001582 -2.1462846544
-1.2552880180 -0.3750907399
-0.8138856068 1.3410619071
2.1455941810 2.1488313871
-1.9232467928 0.1859930290
-0.0717371261 2.8923576014
0.0897374345 2.4224034754
-1.6312576665 -0.5684406702
3.1446425713 -1.7528538962
0.3283646009 1.4460727776
2.6851399396 -2.2545074519
-1.5668991556 0.4443017433
0.2837436970 1.5535524876
2.5470206201 -0.6454786474
1.3122181851 2.7830085296
-1.9321620080 -0.3799221800
2.8770848973 1.6649053471
3.0502992360 -1.7760081657
0.1422681417 2.0092120611
2.8759470492 -1.3980643308
-0.2740692577 2.1506542535
1.2988418994 0.7047152133
0.3693215745 0.8205125291
3.0773695385 -1.8146120656
-2.3328050272 -0.2605581300
-2.3891570969 -0.8224270260
1.4431562268 3.1534063647
-1.2832509877 4.3502282507
2.3703882778 -0.9528598598
1.9316616673 2.5630344146
0.6704496870 2.7767761555
3.1137582255 -1.0364591466
-1.1092782735 -0.3657513501
2.5197954902 1.2990256816
1.6744560243 2.2965228245
-3.0366927639 -0.9688804479
1.5042977110 1.2143007751
3.0867249948 -1.6204940674
0.4983716729 0.9233395913
1.1297134611 1.1157908244
1.2487061336 2.8143841160
-1.7206339208 -0.6850755151
-2.9627700111 -0.5992437838
-1.8126891920 0.6382452514
2.6810669152 -0.6832293973
2.5359618676 0.1627529501
-1.9337318515 -0.2801605609
-2.3689038832 -1.1091462294
-0.4340971040 -0.2321612735
1.2195606767 0.5750654532
-1.7724874750 0.4341492914
0.4683688034 1.4029952993
0.7180988121 2.2043190037
0.0338376129 2.3753443960
2.6761021704 -0.4777080382
3.8725157900 -1.8901854510
0.0708504657 2.3119290493
0.8993153795 3.6352303317
1.9878024467 1.9615477577
0.2441875433 2.3907939846
1.8984873649 2.5726561318
0.7489899439 -1.1184720718
2.7251692497 -0.6419970953
-1.7411860400 0.1145877526
1.9698784974 2.3747151333
2.7048328788 0.4533064265
0.9186086372 3.5803072249
-2.9059591196 -1.4466250947
0.7476168759 2.1176226274
1.6019774965 -2.0354790398
2.1426725531 1.1402766234
1.3459875857 1.7538070456
1.0596100080 2.1950508492
1.6494207723 1.8265533124
-1.9035849534 0.9228918571
2.0612750920 2.6326995165
-1.6830127330 -0.3250790660
1.1361704494 1.9121399401
0.0591323339 3.1573594005
3.0683484193 -2.0617387393
2.4130005656 1.6096806503
1.2903719169 3.1620992481
2.4637461834 -1.3292343542
0.6420032389 3.2295080042
2.6973094502 -0.7871948211
-2.8252312814 -0.2688380628
1.0354619518 2.6584740930
3.8041116408 0.3188994955
-0.7932688221 -0.8879684593
1.7910632710 2.0839784660
3.5787290937 -1.1963883046
2.6017114454 0.3338533885
0.8013790039 2.6339356493
3.0904633212 1.1847064729
0.8271901128 2.9783912141
2.9947321540 1.0425785793
0.4888438090 2.7743109955
-0.9437249910 -0.9204247886
-2.5516589746 -0.1006647212
3.6135012146 -0.5722194982
-2.1238970355 -1.1661121090
-3.4569881992 -0.9714212680
2.7335774325 -1.4390588887
1.6380604453 -0.2277069553
2.5865559630 -1.6643333852
-3.0281845805 -0.6589113670
1.2266999812 1.7662149068
-2.2857704992 1.3318628512
-0.4623928463 2.2524409604
-1.9001898595 0.0284656364
1.4186976231 3.2198696099
1.6263420884 1.6013833761
1.7733815303 2.3860988358
0.4035936612 0.3205173667
3.0708323121 -1.8980226509
-1.5931246967 -0.9765160890
2.9184742723 -1.0794464229
0.2635748686 2.6069906022
3.7664194267 -2.1237141615
3.2326299024 -1.5666389166
3.1614330145 1.7302577453
-1.1832426806 1.8120357517
-1.3474203379 -0.3938481616
-2.3464471203 -1.6307128210
4.2460547643 -1.1751768233
-2.0523882412 0.6550285723
0.3624470984 2.6893161999
2.4814498561 -2.9459577238
1.6913821625 1.4207013408
-2.2293868882 1.4595546205
1.6084361267 2.5140584561
-1.9227396910 -0.9087930432
1.6515130650 1.7024247431
-2.3112536402 1.2444644286
0.3793785176 2.3346610336
2.7144539182 -2.0803448515
-1.4917149380 -0.5913835996
-3.0157308190 0.0113401784
-2.5083565475 -0.9437783779
2.7113326931 -0.2031334073
-0.0420730313 2.1970351403
0.7168675891 0.9180393616
-0.5163500769 0.9309647347
-2.3133241136 -0.4085454044
1.4661640149 3.1778584646
2.7984646483 -2.0230877966
1.8904554064 -1.1407687538
-1.7558395197 0.5530878584
2.3559725580 2.1144033189
0.9344830405 1.7947742244
1.0043606958 0.2487669252
3.0306538399 -1.1247403272
0.7900064545 3.3657175255
-0.2989345329 2.3779816720
0.4262939595 3.2954712526
1.2774591900 1.9036385212
-2.8220829156 0.0362778308
-0.6791487020 2.4455026185
0.3980284976 1.2653237086
3.1794450141 -1.8135236651
0.4469336055 1.8693484998
-1.7100356877 -0.8876936660
-2.5915505358 -0.6016415462
2.9049211543 -2.7306842631
-2.3516202380 -2.1482774438
-0.1829829897 2.3421203287
2.5985447782 -1.5644785093
3.3522254659 -1.8672873466
2.3857095303 1.9715289770
-1.8154495574 0.7537802049
-2.6936771900 -0.0306346533
-0.0366860611 2.1092000388
1.4475792069 1.4454912684
-2.3590849171 -0.7321138269
0.1206989303 3.0921661747
-2.0244317561 -0.0427322598
0.9796918334 2.0822936047
0.1497056687 3.3175552554
1.8447999658 2.1902320905
3.0698352398 -1.5508529015
-2.9179368729 -0.8426217566
3.2386789056 -1.1422782097
-3.1478374888 -0.1952862018
-1.8575855652 0.0721417619
2.0004029360 -0.8686880270
1.2954681912 2.0392541807
-2.2550982117 0.0375363188
2.0595179198 0.9410045606
1.4082999254 1.4406247768
-1.5980349578 0.9281239532
2.3792174633 -1.3320475071
-1.3717169043 -1.1676005491
2.9428787688 -0.7979513151
2.0663480293 2.0514158184
2.2569170614 1.4878524301
-1.8039933455 -0.0451241483
-1.8815869754 0.9635325226
0.5518090510 1.9308740294
2.3115763826 2.2175170675
-1.0434908770 1.3695983323
-0.0512478653 2.5449932593
0.5275090102 2.5384034107
1.8246652907 2.5555929200
0.3902226311 1.0553312126
-0.3257146869 2.2362376542
3.5448390720 2.8308470430
0.9334683359 2.1881366897
1.1927560346 2.2211149290
-2.1122199881 -0.4482343505
2.8633300923 -1.5950887810
0.5292284044 2.4271338415
1.9770503961 -1.2231668078
0.3659886983 2.3147045664
-0.4442106393 2.6943076507
0.3551295327 1.3477114263
0.3448156354 2.8580711656
2.9286795408 -1.9530399502
2.5103527723 -1.9025371174
4.2997914547 -1.1995753194
0.8698128297 1.7662776424
0.1867255523 3.2991651132
1.5923723405 2.6051670519
-3.2997639470 0.0421926320
0.5339990702 3.7975070691
-1.7018866514 1.7707604253
2.8153956578 -2.0533215418
-2.3904830037 0.2935173641
-3.1239468450 -0.6277568998
1.9552061186 1.5951156699
0.7733506960 2.0401012151
0.8685085103 2.6330765061
2.7196479516 -2.4375850323
1.9801839558 -1.6327281834
2.8856179050 -1.8836146479
1.7659787890 -2.1004889879
2.9962532800 -1.5367865565
0.3715254487 2.8219643606
1.1838580595 1.7756259658
-0.1644275206 1.7675987762
3.2116213204 -0.5673434074
2.5894364619 0.5856100451
0.3439213784 1.2807673047
2.0733048471 1.6147800807
0.8774142023 0.8987419434
-2.3476989149 0.0256041905
3.2612130747 -0.2869955888
0.9557146303 2.9400937708
1.3964061954 0.3405055344
1.6529574896 0.6385533886
-2.8337670710 -1.3464926950
-3.2230954993 0.0136622684
-2.2493846348 0.7249554476
1.5622144885 1.7587271578
3.1870853630 -1.2546223468
2.9362439815 -0.1501876901
2.4284061987 0.4329923513
-0.9566117687 0.2275741183
3.1406444432 -1.3567128383
2.7433634769 -2.3342883386
0.6464981041 0.3030228388
-0.3950208038 0.9780588696
2.8485714317 -1.5565086780
3.0602722485 -1.9131162685
3.1802558223 -1.5277347087
1.1650458966 2.2838827556
-2.0425484645 -0.6220995080
2.8760849058 -1.6918387283
1.2437913133 2.6389361406
-0.2373325439 3.7867503239
2.1786224068 -0.8202999784
-2.3444319382 0.9039159416
3.2408854952 -2.2231480128
3.8920416928 -1.4685113759
3.4468861400 -2.2624157924
2.7832678998 -1.9873754843
2.3879607633 -1.7439604040
3.1009972959 -1.5751086292
0.6695447982 1.9501450749
2.3666498876 -1.5365983046
1.0480917766 1.7141218426
1.1115584047 3.4318312316
2.3786767877 -1.5450668871
1.6761946240 0.1040867207
-2.0426301595 0.3949623062
2.1565560628 -2.2966056201
0.2239188137 3.2003711003
0.9275030506 2.1975532514
-2.8604993866 -0.3353122689
3.6976201003 -1.7103254476
-0.7645826777 1.0444049509
3.7164980285 -2.4666698878
2.5678705333 -1.9611926912
2.1222899303 1.0557458489
3.4644956785 -1.3993079632
-1.3915775441 0.3674428745
2.7287068833 -2.1250918118
-2.4059224204 -0.3408643373
3.4782964499 -0.1833334174
-0.8429166989 -0.4709158067
2.7624719574 -0.9643622289
-1.8422109703 0.3074603498
-1.3065026921 2.3015902742
1.6458339204 3.0815933472
-2.1275833883 -0.3609744985
-1.8892099230 -1.0989702801
-2.3088520993 0.2823762829
1.3130835246 2.3342995008
2.9841869632 -1.8063920514
1.3597580825 1.5808991069
-1.0897282478 0.8810680591
1.4541455032 1.5018077836
2.3381457617 2.1089605796
1.6863294676 0.8720185361
3.5508258586 -1.9777706952
2.2014938971 0.7950342629
0.5641896512 1.7893103268
2.5071699227 2.2018973918
2.8705923825 -1.6592301103
-2.0635393709 -1.1766402745
-0.0784705868 1.4684980398
1.3556507806 2.4676532167
1.0497409593 1.4958804295
2.1995868488 -1.9167469479
0.2912607308 3.2625737336
-2.2119727268 -1.6811104086
0.3659165738 2.7590702321
2.0805353380 -1.4339953458
3.4657802791 -1.2619562028
-1.4109976713 -1.4510088554
1.3852663194 3.1272465459
1.7940689213 1.8136220813
0.5434559917 3.6118680932
-3.7352267471 -0.5499121590
-2.0829529551 0.9410142242
0.9154155634 1.7922298627
3.7458905606 -1.6634095330
-1.6336609124 0.2213738726
3.2016847980 -0.8977092892
0.2863410174 3.4201315136
3.3630238135 -1.6881889221
-0.9520462238 1.6449405569
2.3051509206 -2.3056740107
3.0279248687 -1.4258309511
-1.8442769784 -0.1208204078
1.5559737398 1.2207013778
0.7404815536 1.5020675712
2.1566440930 -2.0402752314
0.9142840439 3.0726945785
0.3683895621 3.1993755769
-0.6615247424 1.5633057928
0.4293425141 0.9139758657
2.6668219326 -0.9490029775
3.1762103390 -1.4696570106
0.4802408340 1.7370722397
-1.2732209076 -1.0323954224
0.1386519294 2.7469597450
3.2165011274 -1.7443076128
2.6716234753 -2.6902607868
0.9381197079 1.7328120395
4.3065533832 -1.3918617167
2.8545648982 0.6617750607
2.6776234265 1.4638271112
-3.1637104616 0.1684727089
-1.9367527241 -0.6126772533
3.1800643562 -2.2330725411
-0.1975274407 1.1943949064
0.6036439840 2.1220857928
1.0092219163 0.9382282945
1.6440812124 2.1014642172
2.6077874771 -0.9023533927
-0.3372849212 2.9596751162
2.3122241949 -1.5247342175
2.4556690424 -2.0950551982
1.0492363657 2.3800452946
-2.1371805340 1.4960978626
3.4394378630 -1.8329185000
1.3471715665 3.2732931476
-1.1138324683 -0.2248041772
0.7066577216 4.0572634931
0.8485877017 0.7507832541
0.2524284060 1.7025355612
1.9414709794 1.8675799128
2.8306591199 -1.6423268389
0.5427029000 1.4898551247
1.7547325119 1.6387358366
-1.3044601796 -0.1519303822
2.8437223074 0.6540648493
1.8508834882 2.0648769501
1.5534501606 2.0541554929
2.0854644945 -2.6059388782
0.7618717014 1.8472441400
1.4134041362 2.9221582381
2.3532516603 2.2971084419
-2.6090532526 0.5282294717
3.5403885203 -2.5149735298
1.5012963835 1.4798354249
-2.5051109910 0.2433928059
-1.7637136950 0.0812318090
1.7432251638 0.3329749722
-0.7274687590 3.4082730993
3.1163965203 -1.9321871586
2.7560325874 -0.5170961343
-2.0165372055 0.4227205167
4.7664360021 -0.9866348394
-1.4987215521 2.8109040569
2.6976366780 -1.3585497682
-1.6835861944 0.5445869531
-1.1314358658 2.1398106376
-3.3432462457 0.0199212855
2.2050006906 1.5053366455
-2.5362889849 0.0245281859
3.4712733757 -0.9174736975
-1.8040058391 0.2463186754
0.5168800405 1.6339521487
1.2201761544 2.1826708501
2.4675059013 -2.3391493539
1.2661346306 1.7851624556
0.0115740024 2.5634651302
2.0818662055 2.7724551526
-2.2535854078 -0.8811768385
1.2819763046 2.0930384579
-2.2900034090 1.1718702246
1.5119832290 2.4048889583
0.8605982782 2.3445385145
3.3312917570 -2.4191825336
-2.4557409960 0.1454910807
1.5003498427 1.1362009616
0.4680605049 2.5123997608
1.2629285449 0.1562204899
3.6733574093 2.0297984705
1.4750484786 2.8018700146
-1.4820407957 0.8165636951
-3.2004257865 0.1641042665
2.5551266595 -0.6419797060
-0.3909887945 1.4100574024
3.5837026597 -2.2135275601
0.4147102683 2.6882369730
2.3817725914 -0.6871631172
0.8004417349 2.4716040064
0.5042544153 1.0776751645
0.9205246216 1.5730054654
-0.9701757690 3.7977030485
2.7852885384 -1.7742650204
2.8559945647 -1.8752169772
-0.5968517184 2.9410095775
1.6667173100 2.2038474265
2.2877260996 -1.7204084365
2.6925915620 0.2533790903
-1.2787785186 0.0823852234
-0.5934122601 2.9267971949
1.4490978189 2.1979261168
3.5436271915 -1.5891896806
0.8980616417 1.0748398883
1.1054113380 1.0254795075
-1.4846946887 -1.3823730876
2.2156384665 1.9701853266
0.5420891974 1.8087955037
0.4982898617 2.9207069577
0.4071819555 3.1837725589
1.1810458645 1.1939652411
1.0451835876 1.8022958365
1.0935483362 1.9136884455
-2.2747509379 -0.3361349364
0.0117404410 3.8247097522
1.7865446694 -1.5656224192
3.5595573347 -2.6843888635
2.6726719058 -1.0713214119
0.6275856868 0.7768020074
0.9721274895 1.8495172313
-2.4715806841 -0.3625235225
1.8535845770 3.0891180922
-2.7073395218 0.3268961906
0.7920569084 1.9595039102
1.3542752830 1.9290096410
-2.6971366047 -0.2858617048
1.3831883924 1.2455090542
-0.3861360674 2.0923961629
2.4652131756 -1.5808111723
0.2408409008 2.1010861867
2.4593285155 0.6219789258
3.2157696146 -0.1821396677
3.4569420580 -2.1582555182
1.5354029172 2.0274597000
1.0981554728 0.4979417032
-1.8408722942 0.5708030000
2.4386029239 -2.2158178946
2.7564366588 -1.0093173783
3.6025732102 -2.2859548790
0.1673483026 2.2969340766
-0.6656325554 2.1229699887
0.2207508767 3.1124961889
-1.5281148394 0.8193009967
1.2299247136 2.2201389590
0.6462037745 2.6384420896
-2.6442294958 1.1105867471
3.5191417045 -1.1810959814
1.7825719646 1.3940592135
-2.2576734427 0.0305092113
3.0766839713 -0.9528499138
-2.9253924429 0.4602619577
1.2760602171 1.4791667981
3.2345140068 -2.1643501222
2.9074303979 0.8199222915
-0.9063637603 2.1818925061
3.0681244842 -0.8428029707
1.1551582140 2.0371418522
-1.6521366007 -0.6099692156
2.1905301703 0.5746698227
2.1579398824 1.6475941806
0.5284815832 1.3762033637
0.8985581819 1.6228360094
-2.1532603101 -0.4777181394
1.8037729989 0.8655208502
1.2889176897 2.0410486481
-1.2918725539 0.1475351173
0.5499015592 1.4192877314
0.7322024122 1.7443173643
4.0121244619 -1.3594440126
-2.4956919250 0.3463056240
2.1131121356 -1.5504668746
-2.1114619341 -1.2614578973
2.1468358010 2.3557022574
-2.9234435235 0.0394459070
3.3255794047 -1.1258544833
4.4480515455 -1.2530885464
0.8681900725 1.8288546706
2.5799517822 -2.0003663670
0.7108908582 2.3293292718
-0.1404513869 2.5690162974
3.4388819196 -0.9405505639
3.9811873186 1.0890060806
1.4379130854 2.1036562222
2.5990308336 -1.4134405346
1.9357071161 0.4243412164
3.1200626397 -0.7987765859
3.5765938723 -1.8661873782
-2.1145661619 2.2698693610
0.2937190233 2.8021929086
1.1399869351 2.4108958319
1.2266828600 1.7258925041
2.8511843452 -1.2142943168
2.5057539362 -2.1413334772
2.8009570810 -1.1672806505
2.5771351066 1.1837048394
1.2323325679 2.6173106840
1.5908687158 1.1503739108
1.8094285952 1.8901124548
0.7759285469 1.1449083908
-1.7663320830 -0.1950699707
-1.0929994729 2.5875114729
2.2166642915 -1.8729943003
0.0925528892 3.8733306190
-0.1128170893 3.2761767380
0.4535157899 2.2615119966
2.4398209433 -2.0154502460
2.4976212142 -2.2453242785
1.5077319375 1.9827787398
2.5014252879 0.3951833358
4.1908818397 -1.9813580461
3.2831857233 -1.6226866226
1.0431179032 1.7742353290
3.3864719375 -1.0837468766
1.9812361361 1.6045167525
1.6297693501 1.1245681881
0.9777233813 3.3779009177
2.5069750313 0.2112457033
2.0059061547 -2.5743191894
2.0698396447 1.8800307476
3.9411303271 -2.8138658568
0.7944873166 1.6975889493
0.6735459558 1.8458176416
2.2313329728 0.7881793721
0.6128873519 2.7170114131
0.6394243400 0.7281603791
1.9806378008 0.3577603160
0.7470783195 3.0005162530
0.7902547626 2.8307267739
-1.6484388629 0.6461336311
0.1495946344 1.9726638913
1.9301834009 2.3015481400
0.0210727304 2.2330024605
2.9784408023 -1.2648325625
3.0567248063 -2.4071293879
0.4643949235 1.6566890546
-2.6287267058 0.2353269981
0.8731452295 2.6068173306
1.1272977499 1.2292943045
1.2052156864 2.2158074226
-2.8275979745 -0.2814676333
1.3851714917 1.7887593202
3.0316375750 -1.5013109739
1.7413308940 2.5057577126
3.0539707487 -0.9978540493
2.0706714499 2.2152947380
-1.9750946853 0.6708965492
2.6641723812 -2.5892836002
2.9667423510 -0.7236235753
3.9608289361 -2.2723642056
0.2965789436 3.2593737309
-1.8520529855 1.6524525073
2.8221109428 -1.7272266352
1.8191933009 0.3523622622
0.6146451211 2.1281816218
-1.9492212970 -0.5488157420
0.8211782186 3.1154194667
3.6209547505 -1.4743495421
1.8405231958 1.8049135092
2.5255599287 1.9676372480
0.9930446076 2.8137923852
0.2516755065 1.1856885899
-3.3490800198 0.0513099534
1.5397431054 1.8441801329
2.7678422876 2.1300348532
1.0419049537 1.3918503871
-1.4049687433 -0.0492722814
-0.8160462200 2.9629841743
3.9793488092 -1.4876503023
0.6596050117 0.8885338309
3.1171174164 -1.4328798648
1.0625975106 1.6774951701
-0.3367843896 -0.0709633868
2.4410671802 2.3988296161
3.5396953297 -1.5862318840
0.5577412617 2.6472297636
0.9809354511 2.9875347515
-0.2110403975 1.5498765021
-0.2157792448 3.8092674986
2.7684574424 -1.1067098677
3.2940556950 -1.2239078666
2.4398854173 -1.6587354669
3.4644269928 -2.7241001733
-2.3717897527 0.6230909788
2.4113864985 1.0712971026
2.9939927099 -0.5628417377
0.6541458128 2.4576669834
-1.7120350905 1.3196831317
-2.2572270748 0.6726811599
3.2420696678 0.0595351997
0.7330426904 2.2896420543
-1.4707269073 -0.3667407471
0.4331243936 2.5518310034
2.0481949861 1.8138575280
-1.1980939698 1.1769807872
3.6733867497 -1.7973953622
3.9295327757 -1.1813908055
-1.2299394944 -0.5560253422
3.0353169165 -1.9568605758
2.7347306697 2.2677431253
3.3450374545 -1.9975009706
-0.2496359888 2.6776265970
2.4804929400 -2.0933000769
-3.5477695425 0.9196222559
2.6793874741 -2.9951954844
2.1662275284 -0.5716542003
-1.6860399992 0.9695449348
0.2480605758 0.5090502062
-1.4520482517 1.4546403724
-2.3557037290 0.4047490941
0.4832762354 2.0278688963
-1.6646425420 -0.4750613470
-1.5035431748 2.9357174571
-2.1909253809 1.2827114222
-0.4595140652 3.0539772956
3.5974055535 -1.7126672719
0.0064214029 3.1237447531
-0.3176453585 3.1314893973
0.5359054429 1.3704267166
1.3808788308 1.6899289557
0.7809189251 1.9533147333
2.8688953141 -1.6997092507
0.7101916355 2.6840753490
-0.6944527294 1.5604456604
0.6258950092 2.6829308226
2.7587005645 1.6906311096
2.3753080734 -0.6930487649
-3.1330300038 -0.8063255900
3.3531026215 -1.3317544195
1.9133023222 -1.0818588347
2.8328538033 -2.0169175441
0.0834762665 0.7317979343
0.8121321190 0.7736209644
3.0836870536 -0.9935358776
-2.4551726807 -0.7947979199
2.3557230870 -1.2754694974
-0.0651946573 3.2371537615
0.0436758107 3.5907322128
0.3788536191 3.1077340578
2.2171781714 -0.2711332755
-1.5815174052 -0.0068988625
0.7239998824 0.9148449158
1.0175432718 3.1353322841
0.8692842083 1.6114765908
-0.0390522324 0.9900611670
1.0773733108 1.4995658960
-0.9742305291 0.4563356256
-2.6185633608 0.5391103503
2.9630176939 -1.5226598160
0.8514228923 2.7710687997
3.6581608532 -1.7919739948
1.6832388753 0.6398653549
4.0333362782 -2.9091538657
2.3110644985 -1.3740043091
3.3337467366 0.5723828963
1.6708264681 2.1192449798
0.5410696596 3.9341705651
1.7731932122 2.1466870766
2.9095479711 -1.6302321934
1.6384321761 2.6731534448
3.3930588686 -1.6660849253
1.7348897503 1.0048415230
-1.6810779380 -0.8009879620
3.6359424586 -1.2564829399
1.1053062253 0.8968310359
-2.3788284407 0.1652475921
1.9028493442 1.9065481788
1.8465075097 1.7337078453
-1.5219909446 -0.3052833004
0.5805603959 2.8760365388
-2.4886564200 1.1818917938
1.0251975079 2.3038224084
0.6757336163 1.4953319463
0.9388984613 2.0324102187
3.7816947047 -1.6064258206
0.9772181713 1.3971277464
-1.9907685304 0.1391769035
-2.9582707905 0.8362392219
0.7424576581 1.4800006468
3.2466860352 -0.5725885304
0.3688127557 2.6265154142
1.0223415352 2.3021900752
2.0941038707 2.9382501796
-0.1326976187 1.0216892369
0.6064157063 1.7873693327
3.7719143278 -1.6044173301
-0.5723375449 1.5739983514
-0.1256997350 2.0879891349
1.1672553338 1.8519576377
2.4805598469 -0.2829436075
1.9296660910 -0.4832290477
2.2832388696 1.9784605720
-2.2502606485 0.2889868232
0.8499606683 1.7103138305
0.8355438517 1.7328808079
-2.4360573725 0.3809599349
3.3543267725 -2.6900342737
1.8472781395 1.1969303789
2.0448163787 1.3780397751
1.8665298161 -1.4506201431
-0.0323740272 2.8103677253
-3.1795500669 0.3757401229
3.1682773354 -2.7645072051
0.6982165654 2.0015998055
0.0789998127 3.7615611499
-2.3862326299 0.2564896970
-3.2152078205 -0.5731131335
2.0579799556 1.4938140847
-0.9242291295 -0.4389870011
0.4025366609 3.0982412457
-2.7562224760 -1.4205391838
-0.6215525560 0.5418259533
2.8556954663 -0.4091851895
2.6669615857 0.7890687202
2.7404048630 -1.1685879316
0.2879254531 2.8826406054
-3.2202679687 -0.2588954422
-1.2045574975 0.7276700139
3.9067504962 -1.2997194323
1.6217151839 2.7570244081
0.6101317155 0.5320832161
1.1656039431 0.6750307427
0.7082268713 1.1325744431
2.8106803061 -1.0046531133
3.2693440364 -1.1660896566
-0.6707274067 2.0983278796
0.9775596517 1.1217390703
-1.4219398059 -0.9141316736
3.1166429357 -1.2343775110
1.2033235647 1.2078140832
-0.5013880943 3.1665533169
1.2502722075 1.3210557936
-0.0856052135 2.9567765723
3.1662762622 -1.1358532715
1.5071799836 2.9247720693
2.7694954351 1.7360994022
-2.4229683263 -0.4663034293
1.5150018887 -0.0639654639
-0.1137388066 3.0007241133
3.1535549778 -1.2502500483
3.5119390094 -1.2251535974
0.6949104111 1.7612309899
3.4059268123 -1.8736776833
0.3695972620 0.6917120827
0.4381267480 1.8938458478
3.4394903373 -0.5268560045
-0.8751446700 1.6960827303
1.4638229036 1.3421078452
-2.5284810749 0.4755587749
0.5432700373 1.8971435939
1.3311844962 3.4272574877
-1.7637497655 1.9941361268
0.7421263317 1.5979470787
1.6368673094 1.6607977157
0.0674073472 2.5158606260
3.0836391973 -1.6881060907
-1.0110951276 -0.2395196424
2.3663869395 0.2832464708
2.8074363429 0.1484598960
3.0065552575 -1.1680663540
2.5493830362 -1.4057621027
0.7214392853 1.4770951509
3.0885271345 -1.1013525466
-2.1173040663 0.6102002284
2.2994030567 -1.9035986928
2.4481255050 -0.7723677307
-0.9694141432 -0.9047455443
-2.2858090592 2.0483166889
-0.2059251673 1.0055608094
-0.1686343635 0.8973809750
0.6919014049 2.1890249956
-2.1821011226 0.2227101671
2.6686888032 -0.5050477676
-1.3323480664 0.0198149597
2.3661880292 -1.1266131376
2.0510242100 -1.9273190555
0.4589745548 0.8035556027
2.5294700844 -1.5408804523
0.8177226557 2.2304044297
0.9810879045 2.1640793680
1.2669989764 1.6900933778
-1.9705877915 -0.4224246279
-1.9669930975 -0.8174430940
3.6173837950 -1.3541890799
1.6634492590 0.2515302013
3.3557181099 -1.6660448379
1.6220207069 2.6973912266
0.7738237849 2.7468672799
2.4331773920 -0.1453561773
1.9757395520 0.5703652452
-0.7731036540 -1.3055240627
0.2815528829 3.0369320346
-3.0252165189 1.6192085186
0.6761480446 2.5615365553
1.3304883911 3.3485554890
2.4240737514 -1.1124397284
2.4092007476 -1.6643706148
0.8677757362 0.9409617348
0.0053261158 4.5461718941
3.1494376757 -2.5304188176
0.6618063702 2.9160754801
-2.6707835550 -0.5460517964
2.8696770573 -2.0032224070
-0.2628721078 0.8956632512
-0.1409285055 0.9008546731
0.5780072704 2.6689906840
-2.2383893094 -0.5772740204
-2.5209236648 0.5283586754
-0.6787230099 0.0096464106
1.4911549056 2.4099886095
1.1281758879 1.6099420604
1.3498489430 0.9483923354
0.8289671873 3.3417903660
-1.8213626256 -0.1792345050
-2.4875424445 0.0578995331
3.9511896499 -0.6142803702
-0.6662173717 3.0324947890
1.5450459278 1.5988126126
-2.2126946455 0.2948856144
0.8304588551 1.6488093701
3.3603075762 -1.0536882457
-1.0828213788 1.4427277857
-0.1295726233 0.7836174016
3.2504544997 -0.4737837868
1.4642486691 2.9137394471
1.0957021803 1.1374201908
4.0984635440 -0.6743085722
-1.0520404098 0.9055652787
-1.2057046423 0.0186626593
2.8415364709 -3.1059482800
3.1132588538 -2.0041794592
2.7150496624 -0.3285613260
-0.0099213347 3.3301832058
0.3116689161 1.9791461277
1.0744907372 2.3258591695
2.2901420019 1.4930536131
2.9831906284 -1.6291817360
3.2932306732 -2.4317068012
-1.8501373583 0.6880627976
1.0580444729 2.2971931439
3.1478855948 -0.9048718173
0.0910383014 1.2328019024
1.8576017693 0.8543040130
-2.7440282768 -0.0054343524
2.0398978397 -2.4164133201
3.0785361463 -1.1316270962
2.9631147331 -1.0814313498
0.5588239946 2.4326951066
-1.6246391664 -0.6247050533
-1.8943776258 -0.3257147668
-1.7285957758 0.4646053824
1.6826023636 1.2025782910
-1.1426903807 0.9749008953
-0.4142543707 1.6194018431
0.8446848988 2.0322421977
1.8503974769 2.4609241359
2.0183710793 -1.2853906782
-0.8690605096 3.3777501503
2.1328430954 1.9067866966
0.5590862860 1.1402357323
2.4252550526 1.1929329824
1.5700038205 3.2082939131
2.6135299342 -1.3633309094
1.9035163311 4.1037467333
1.4411752006 2.0890068822
0.2186165406 3.4082085019
3.0589416451 1.5571609983
3.3820152961 -1.3359507579
0.1841881113 2.1300973920
-0.7250002544 0.7742740697
3.0774822074 1.4330185907
1.9522286366 1.9150203625
0.6439227074 1.7152915855
3.3336415773 -0.9893810256
2.9064661247 -0.6776403154
0.5842629754 0.8228132087
0.5553281738 2.2406104408
3.6713540297 -1.0421312230
1.8374819023 1.3748203782
-0.3851288300 1.9006006579
1.8149811612 2.6599276330
-0.1925770025 2.1866302121
3.0708395449 -1.3618274059
2.9953801996 -1.7242229431
1.7174413189 1.3709025729
2.1950452525 -0.5902346746
-0.9999421071 -0.0655338766
0.7878903121 0.9915244784
-0.5707272979 0.6838093489
-1.9268012719 0.7331194237
3.0751051218 -0.0898870972
3.6952207388 -1.2348015154
-1.8012934931 0.3723843463
0.7239650330 2.3928484481
-0.0826901060 3.0899814937
1.6187286655 2.2840255311
-2.8612047902 -0.2901607829
-0.5066686914 3.1513752992
1.2299925025 0.9588906999
1.4032562035 1.8288801598
3.1596150140 -2.2001814427
-1.3109674558 0.7416507199
-1.4433481668 -0.2980246313
2.1949879337 -1.3149011501
1.0578126866 3.3793403158
0.3126488015 3.4830697789
2.9946188069 1.7373876024
3.3435511433 -2.7148114747
2.2305299113 1.4389875775
2.9730668732 -2.1493560071
-1.2004201162 -0.7633891962
3.4754432688 -2.6779559530
3.1371574427 -0.9645546233
1.3256402363 2.6056517905
-1.9664744247 0.8288217707
-2.6720509961 -0.7460791804
1.1933072204 1.9778602452
3.1442121500 -0.9038897448
3.0978621193 -1.4962759693
-0.2425040707 1.0448872337
3.4063472542 -1.7288887813
0.8769858591 2.4817000048
-0.1421090696 2.9000245171
-2.2241606460 0.5811883142
3.1101109693 -1.9577434989
1.0898794272 1.8422072019
0.7420341575 1.7919560269
2.4750366743 0.6706505823
0.6171286773 2.7852443625
3.6431941278 -2.1600372391
-1.9209073138 -0.3468006452
1.0569267757 1.1166688642
-2.5284534780 -0.8709487899
2.8751846877 -1.9651537960
1.4778421852 1.0857669010
2.1935600317 3.1967990955
2.8905714625 0.2238230564
2.8019654207 -2.7354350455
0.6337326354 2.7291119049
3.1255571395 -2.0956828192
0.1284257555 2.3253502191
3.2666501996 1.2529780619
-1.9644309445 -0.8893999328
3.0097668005 -2.9586919212
2.1250059862 3.7886729463
3.5551446756 -1.4051079174
1.4242756331 2.1401589889
1.2329810039 3.4724737508
-1.0335510114 -0.0417107577
0.9696435445 1.3354984852
-2.3448848978 0.7131800911
2.0194754193 2.4475329942
2.8750121923 -1.4432487830
0.8230019781 2.5814342699
-2.1814991902 0.3208835484
0.7722234345 2.1676236873
2.6811404257 -1.5403089887
-2.4851527566 -0.0045852311
2.7756934730 1.8403943282
-0.3427695673 2.1901937355
2.8199712609 -1.9000764947
-1.3836967458 1.2319058091
-2.5547344853 0.9046759772
-0.8970082356 0.5756570913
1.1334476144 1.2766239978
2.2154931619 1.2676544886
2.3731052851 -0.4356597407
1.1021415849 2.1138040723
1.0345020083 3.1224516966
1.6566886759 1.6110746982
1.7754819799 2.9357003314
2.4542630137 -1.4019039447
0.7282785564 2.3234968389
-1.0385168564 0.7655810799
2.9113115902 -1.5788676066
-2.9875429916 -1.3410948418
1.6560474652 2.4814393816
0.7912446531 2.1029156660
1.3273748126 0.8030420751
0.3597666002 0.5650846334
3.8827067325 -1.3207276416
-2.2651380099 -0.5748197622
-2.2830465542 2.5898891197
1.9281689793 1.3789084303
0.4188502880 3.3259371732
-1.7566341150 0.0679393350
-0.6322217000 1.5400246219
1.9553554391 2.1374228148
0.7213690353 1.8528526320
0.0587165557 1.3925171428
3.3834170138 -0.7262171793
-0.0913763817 2.0277313264
1.2855000539 2.2821657244
-1.6052711404 -0.1544348797
3.0073535293 -1.4680332897
0.8158386352 0.7606364967
2.8634685024 -1.6811370788
1.4738095208 2.4036412657
-1.9627960099 0.8243322526
3.1411567133 -1.5865987280
-0.4529829152 2.7969245997
2.6820364766 1.9369117896
0.3345774886 3.5514886413
-1.9540017863 -0.5277033748
2.2801640134 -1.7137619620
3.8447706687 -1.6489885373
1.9819602537 1.6522794815
3.1669264727 -2.0741984164
3.5082155592 0.7296908057
0.2211884986 3.0418334821
2.0115895665 0.6774877983
2.8025537688 0.6412591921
2.6574374281 -1.5414492656
2.8996166142 0.6616740370
1.3653593737 1.9868019947
2.8681202404 -0.0930062578
3.2964601475 -2.6599277830
-1.2029480242 1.1353331198
2.8910132309 1.4326836023
3.1094830541 -1.1062761197
-0.2169327154 3.4153593990
1.6945723938 2.5816467871
-1.8154245926 -0.0405414370
-2.7545740583 -0.3448972277
0.4979469933 1.1955583718
4.0558674127 -2.7117659723
0.7923607729 1.7314547853
1.8985820378 0.8549646716
2.9159719285 -1.9994716357
-2.8880441986 -1.4649599684
0.7426368190 1.8222049537
1.5423057855 2.9262761674
-0.2099998350 3.7337526127
2.7402826084 1.5635077603
1.7870492044 2.2516428443
0.2233967126 1.9603494705
3.1519785832 -2.8014638863
0.2025745737 1.9454746862
1.0639636014 2.3177908490
2.8585282147 -0.9095748753
2.9477490710 -2.3179681680
-2.6391739940 -0.4441085218
-1.5981157435 1.0023498123
-2.8016254892 1.3617065820
1.0616305828 2.8737783834
-2.5626054277 -0.6433098543
-0.8556940632 2.7942307438
-2.4729572005 0.4461138879
1.7198638347 1.3403825969
3.1158265089 -0.7175089995
3.1364772584 -1.4243245858
1.4376290203 1.9395058629
2.8055087251 -1.3600943968
1.0319203791 1.2991513478
3.1082572258 -1.8798893057
-2.1869392702 0.2926890088
0.6815938575 1.2411356728
-1.6765005037 -1.2042182580
2.3174441172 -1.8613365934
-3.0562432642 -1.4741843662
3.2930567840 -2.1417850210
2.8054844762 0.9681723675
0.3037038761 1.5468678692
3.0855947163 2.1804079398
-0.6960650280 3.5528840835
1.4978185594 2.3511139734
-0.4907901951 1.8224082908
2.7712944084 -2.5997381513
2.1379732182 -1.1468749224
1.5002312995 2.5500324376
-2.3853308085 -0.5832032680
1.5902101047 0.6440598297
2.6609676392 -1.5984547348
0.4531398089 2.5025628366
0.3282012719 1.3974060645
-2.6700205146 1.3198963815
-1.6881218339 0.6289694148
-0.0601240341 2.0900238438
2.4747709802 0.1865722006
-1.9636877812 0.3365087899
2.9642748855 1.2608221601
1.3479529168 3.2866427253
2.1096123057 2.9597684608
2.3252794801 -1.2190959557
-0.9410497483 -0.7102815128
-3.3300845673 -0.0180322059
-0.0400521969 -0.1068457842
-3.1331182687 0.0862094540
2.5762155178 -1.7348235448
-0.6694446989 0.9152876549
0.6986774859 1.4477778676
2.2767402580 2.5286468740
2.7644674647 -1.3095718905
1.9259566696 2.0626856118
-0.2430689062 2.8269191177
1.7887564659 1.7383937197
-1.5131920265 0.2597162524
0.6379102110 2.4018919922
3.2628929811 -0.6427329279
1.2275191354 3.1439496025
0.9349962950 1.6016133316
-2.7735989493 -0.1804949447
3.0824510559 -1.5017247884
1.8724366571 -0.1151501992
1.0779878528 1.2573051415
0.7326357136 1.3697811336
3.3263925449 -2.3980474046
-0.1658981471 4.3595184261
-2.0932354776 -0.9686342992
2.4234984606 -0.7689835949
-2.2441117949 1.4422123199
-3.1128654278 -2.1203036336
-0.9382536988 2.8399566871
-2.4385399436 0.8741596676
-2.2475728198 0.2891923121
-1.9314291631 0.2303139729
-0.9701961022 -2.5759959776
0.5358542155 2.1986942479
-1.4374786951 -0.5528306583
0.3932981282 3.1134877299
3.2256536415 -2.2206523983
-0.2645479281 3.5664338696
-0.5201696286 4.0280149761
3.1276706658 -1.4019267421
2.1003488710 0.5432339409
2.3169573005 -1.6405237856
2.0777906788 0.6539794031
1.6465792851 2.1944676381
-2.6028783091 -1.4337964027
0.3751925122 3.2006154814
-1.6044558555 0.6363687224
3.2101289695 -0.4404908327
-0.4886015925 3.0050212589
-1.4592509210 0.1937084599
0.1598713115 3.1852487108
3.6634331575 -0.9810750894
1.3781059975 2.4187560650
0.6829930669 1.1429351060
0.9008404722 0.7752953714
2.8184498986 0.6825077613
-1.8129329670 -0.1312604180
1.8306784252 1.8926686875
0.9665177370 1.0060468638
1.1517376232 2.3860525986
0.9999784276 1.1895662578
2.3656613193 3.1744879950
1.0250840418 2.4254877275
0.4515647320 2.9957637511
-1.5895580916 0.0676739795
3.7282205454 -1.9796522476
0.0942832683 1.8304680644
3.3187046117 -0.7403564114
3.0190011374 2.1491970465
2.4104126149 -0.9178882168
3.4684232666 -0.8101566469
4.2852002926 -1.3454626502
1.6378458128 1.5772210243
-2.7457690597 -1.0211079414
2.8215766860 -1.3063825150
3.1841580330 1.5721076442
2.3529596936 -1.2829527081
-1.9037732322 0.8994633227
2.6139164125 -1.6564774315
-2.8828687941 -0.3696950173
0.1423782774 0.5484567857
-2.3718858651 -0.8429546092
-2.5295867180 0.4561196766
3.4718380082 -0.4369598992
-2.8137666130 0.1491590251
2.7636946720 -1.9836275874
-0.5395487783 2.6433938796
0.0932984995 3.9165675211
1.8978069161 -1.0621088327
0.9876330992 1.3543682183
2.3480503198 -1.4498730202
-0.1459684861 2.1202133573
2.4400704332 -1.4217008693
2.3488641079 -1.8084575500
2.9465683179 0.9828954102
2.7955956895 -0.6739834923
0.3199062331 1.9568221935
0.9990719811 3.8357039062
2.6015332859 -1.4258332736
1.9010813926 0.2588187190
1.5221492915 2.7138264865
3.4747217082 -1.4823216070
1.4234796533 1.5532063143
1.0869893721 -0.4122043043
-2.7680432243 1.1020669710
2.8824401424 -1.2427136045
3.3830981861 -0.6362182372
-0.1539609507 2.2527359995
3.3840645402 -1.9859620789
3.1514573307 -1.9610244153
-0.3760022771 2.5412411353
-2.3709081372 0.0122682649
-1.2260659728 3.0920752692
0.3045019672 2.5070086594
-1.6794922328 2.1475856113
1.4873172820 2.2942999143
2.3293659385 -1.7685034065
3.0211762492 -0.7584791548
2.7532568862 -1.0393376232
3.9995505879 -2.3311366712
-0.2260304210 4.3145844969
2.0516495219 0.1831762926
0.7959548900 2.4291824302
0.0017928321 2.5050411557
3.7969647086 -1.9701662865
-1.6094981070 0.4946865646
0.5372248340 1.7565826456
0.4369378914 1.5725087695
2.9809736803 -0.8492503084
-1.9017087755 1.0786243244
1.7931192547 2.0005474696
3.6285593465 -1.3364753694
3.3193688699 -0.8891437594
0.7441123578 1.6610836295
-0.6243331040 2.7055772500
0.9157749565 1.6253571414
2.1647319113 1.8344849476
3.7651924642 -1.3386509345
1.4505263269 1.5148369748
2.0551036556 2.3104764516
2.3601342927 1.3821050481
-0.2628397370 1.4964330724
0.5123327608 2.2543219815
0.3565094385 2.8042323460
1.2875552402 1.6151584409
0.9646367637 0.9908235381
1.3192159791 2.1264706360
1.3845353998 1.7451494812
-1.1135171894 2.1134927544
2.4580186060 -1.8633028004
0.5112185526 2.1553588433
3.7968276007 -1.1193942436
2.1551827163 -1.7209470549
1.6067425795 1.3192550023
1.5438226692 1.9219749680
-0.7354196140 4.3813788412
0.1047968349 0.8718049439
3.0371269706 -0.9113736516
2.2190246570 -1.2202689425
2.7884728287 -2.2262262280
1.2533757162 3.1573790208
1.1661829895 1.8288528528
-1.4510949525 -0.7388447890
0.3755866559 3.7616209211
2.9973661638 -1.3409812768
0.0794310088 1.9054847543
1.1030489513 1.3418707172
2.9401270955 -1.8617687809
0.9841757761 1.5300094727
1.3289398750 0.7581900201
1.5269513009 2.7629508046
0.8502595427 1.9663934099
3.2840781699 -1.4317833339
2.7959079194 -1.3851399857
0.7919830132 1.1246590777
-2.7141788886 0.8633759981
3.3131171495 -1.5500049255
-1.6612263777 0.9545622018
2.3333556779 0.8248267516
2.5354966767 -0.4233888716
3.4327441539 -1.9412463057
2.3629833800 1.5333981302
-0.3196986117 2.1610823989
1.3027774166 1.5093944006
2.3400378497 1.9152086465
-0.7466532794 1.7247087037
3.8734678097 -1.1719107144
-1.3775671495 0.7073659880
3.8872238206 -2.8126685435
1.7590430296 1.9432049257
3.8948065670 -2.4078007400
3.0265706576 0.0934712618
2.1890994601 2.2920479461
-0.5115021580 3.0039739541
-2.3446559877 1.0994074113
0.8426567968 1.8796797983
1.4773584195 1.2140347210
3.2054374486 2.8337308608
-2.2901958224 -0.7682131259
-0.3363404056 3.3879395666
4.1164582280 -0.3108995173
1.0185255453 1.9016290981
2.5891324562 -2.1047446849
-0.4872144041 1.9841922185
-2.1749199952 -0.3303439781
3.0453697127 -1.7432165734
0.5433705969 2.1175604972
-1.5866278271 0.8519150081
1.8773577302 2.4557146106
-1.2692862861 2.8304228936
3.3345690310 -0.7543939966
-0.1047931870 1.2641133830
0.3258556484 1.9382708220
0.9127725563 3.4729273645
2.3624801080 0.8345729388
3.2937438357 -2.2486318883
3.0632904461 -1.2205950685
3.6911097571 -0.9634417888
-0.8809556590 1.5207222273
2.6494897794 -1.9045043158
-0.1052802954 2.7180896642
0.5201861959 2.4226744139
2.9094510929 -0.8562943721
1.5605140817 0.4820890529
-1.6248424951 0.2297930075
0.8653103561 1.5917608496
1.3038721973 3.2706670993
0.5570785525 2.2370508906
3.8226495864 -1.3248239920
-1.8144717624 2.2072548948
2.7953623324 0.1243017114
0.1164744101 1.9510568460
0.6114041983 2.0999431256
1.8790817274 2.4817073554
0.0520803940 1.7616684159
0.7089865453 2.6020047973
0.1791206779 2.7038629330
2.6527324918 -1.0981376969
2.8985632242 1.3819269239
0.9206935703 2.0536027284
-1.6759438513 -0.4482834978
1.4382803616 3.7497462406
-0.3076665321 2.3776875453
0.8658761260 1.3948724735
2.5291534954 -2.2306096784
-1.9613174563 1.0571765364
0.9566628189 2.3641145818
0.2529094514 2.2986572242
2.8481793519 -1.1893324760
1.0115476450 0.9080030874
1.7781297813 0.9602031248
0.7040042047 2.6874803428
4.1891434363 0.0690968820
0.4246208748 1.9461825462
-1.5743133603 0.5524370759
2.7258789442 -1.8701066769
0.7376133128 2.1510833777
2.0814485324 1.3547429065
1.7383731432 0.4123912014
1.6652729578 1.8923925018
1.4474337905 1.9397885170
1.3564631247 2.6937813975
-2.7400738512 0.0788135516
3.1749795061 -0.8121254967
0.3811457270 2.5959768409
-2.2792795097 0.9034871787
-1.6025097015 0.3815898252
3.2424182928 -1.3963439481
0.8979200786 2.2117581107
2.3060699905 -1.7890883871
2.5779993026 -1.5358380138
2.9732451259 -1.5036455001
3.3318838077 -1.6905211337
0.3644494655 2.2952815072
3.4458250180 -2.3877730199
1.0178872607 2.5590046450
3.8265348092 -0.8370498890
2.5006069349 3.0633482366
2.9645686425 -1.5906537071
2.2827177258 -1.7072618703
-0.2809949671 0.1857183179
2.8286047103 2.1815592272
3.3630713538 -0.7904214288
-2.2373253757 -1.0416666417
-2.3392974105 0.0982175694
-0.1440663288 2.2125914435
-2.6580163387 -0.5904021045
0.6301802113 2.0227332068
-1.5957823893 -0.0456785262
-1.5786592267 0.1687318134
-0.5578567100 3.1980477589
2.0898485720 -0.5785857149
1.6811812916 2.4672749584
-1.7676850107 -0.3397038261
-2.2222097549 1.2748934761
-1.7748135492 0.2722664209
-2.5491962715 -1.0825134348
0.9503345200 2.6821644839
-0.8477927085 2.7381998601
-4.5177676233 -0.4448278550
2.3339113733 -1.4731161232
-0.4033558370 2.5126095896
1.7753584275 1.7882704637
-1.0496082389 -0.3907687373
3.3700265117 -0.5245713803
2.6899853582 -1.5390841005
-1.7801119609 1.0383329832
0.3424984366 1.4947206846
0.4871080457 2.1932474016
-2.6892187821 -1.0356802029
1.7165067436 2.9912250846
-0.9735357345 0.1962262621
-0.8995357817 0.0746430625
2.1918838038 0.2755215503
-0.4005012133 4.0788500736
2.8945248759 -1.4372506879
2.3986098145 2.5493791727
-1.7151832022 -0.5106643477
2.7437476938 -1.6987991858
0.6017772774 2.8590629995
1.3748814159 2.0316476538
-2.5653191168 0.2466491389
2.2196826747 1.3121366593
2.2914662614 -1.6905168660
0.9246598567 1.7716048171
3.3623484748 1.5118301865
0.0857548669 2.5026152999
1.0093355846 1.2861252401
2.7979759098 -1.9535911953
2.8807734378 -2.3089355737
0.7220201505 1.8530744470
-1.7444241735 0.4538653041
0.0662484845 0.8998511964
-0.4445591695 1.2044314499
1.0934635435 1.7035281435
1.4295274977 2.6304716245
1.3845709900 0.5923297087
3.3813511239 -1.4875013481
3.3849785283 -0.8170963765
0.4401214199 3.2560729851
-1.5918830245 0.0640923000
1.9753113431 -1.6125382019
3.4982185493 -1.6149211979
0.4133105630 1.1592750593
3.5285695066 -2.1732500077
1.8122614252 0.4771262186
3.3301413493 -2.5395006143
-1.7399444415 0.3117114870
-1.9643583393 -0.0070534032
-2.7514325608 0.3400755952
-1.9914774768 -1.2776096051
3.5944100064 0.3556147236
4.1907946318 -0.3612540382
-2.1151563531 -0.5953677489
2.9539190136 -0.9028190127
3.7563936542 -1.2808256056
2.5890914758 -1.1442964000
1.2120284591 1.5709103881
-1.0612863714 0.6467517205
0.8266979928 3.4764775799
2.7098278521 -1.9904266755
-1.5574568806 -0.0775617405
0.8662798273 3.0210700363
2.7030180927 -1.4854002663
2.4443878826 1.9238143520
-0.6556693298 -0.2296355132
2.9451277739 -2.5966474855
-0.6723830914 3.3184136704
-1.2521575342 -0.6090366175
-1.8760689353 0.1726155321
0.6872124709 2.8778927831
1.8605206360 -1.6755949555
-1.2455762430 0.8900412872
3.3866410317 -2.0776317950
-0.9635537476 2.6941436599
-1.8533398098 -1.0044541604
2.0802365318 1.2297188667
3.1380940972 -2.9370107377
1.2251919592 0.7832178915
1.9983494271 -2.0802521054
2.8687693129 -1.9094913236
1.3819475265 1.7263394042
1.1799567540 0.3375385024
0.9721450728 2.4383155267
-1.6406192945 0.8228117335
-3.1204516615 -1.6311288362
2.7224236424 -0.2664467015
2.8887112577 -2.0698986191
-0.6658315250 -0.5535672257
-2.2168335461 -0.1073075089
-2.4530787468 0.8978716124
-2.1514754288 -1.6730676695
1.7995261135 2.1414982903
1.6894546882 1.9479661623
2.6209504909 -1.2807770683
-1.8901165986 -0.5192980070
0.6075853750 2.5867228337
1.3622716596 2.2820361079
1.4252188274 1.8674774745
-0.8234943442 1.4757823366
-0.3885808857 2.9414854589
1.0102856561 3.1003939971
0.5372898424 2.3624940012
-0.4943734296 2.5345752732
3.1805350174 -2.2338845205
2.0502652782 2.5802756284
0.3007372105 0.9174787286
-0.1427138506 1.9235848230
3.6806570766 -1.1498223138
-1.5601958506 -1.3923600645
-0.0212230861 2.3246893012
0.9944884621 1.8239471429
1.0973305118 2.2673115379
1.0787376646 1.4857402074
3.4391628455 -1.4373398523
3.1914754087 -0.7761379417
-2.2879634787 0.5238016332
1.0364201606 1.6827840042
1.8619660532 1.3292334523
-2.7670218065 0.3507183284
1.5302351440 1.0825651821
2.2709097021 2.3179486322
-2.3563049029 -0.0096851937
0.1600095249 2.0842670708
-2.4377753538 -1.1629211204
4.3084298247 -2.2791790744
0.3161452505 2.9536679444
0.2675860996 2.5408422971
1.0256008455 1.8672598550
1.6579175340 2.6300167350
3.5095085362 -1.6687556482
2.6401533377 -1.1509875899
-3.9455422232 1.1596396779
3.7013985654 -1.0887007524
1.0871972979 2.4705324128
2.0683323690 -2.2711311258
2.4094324200 -1.2458581522
-0.7158013159 0.6742153000
1.9586259190 -0.4575618228
-1.5222751141 1.9306452858
-3.0590924389 -0.6830910867
0.4491292797 1.1350425809
0.0912090694 1.9803769495
1.8087032797 1.3098463450
2.1301604340 -2.1672300796
-2.0662747412 0.6389677941
0.9996554267 2.1791247426
3.1075972158 -1.5924677105
-1.6497529406 -0.7100786476
3.2595028271 -1.8633938019
3.5813601514 2.2674789194
3.3779193510 0.1081132430
2.4672783435 -1.1870532156
1.5308474028 1.8619557709
0.9783456364 1.9638425343
2.2766264305 1.5958910159
2.8787203416 -0.8163087186
1.5118827960 2.0112168778
1.5063246338 0.2066986074
-1.0346773474 0.7474635025
-0.7971390451 1.8344112514
1.1109349051 1.7494607198
2.6429310834 -2.1615828150
2.7209407073 -0.8534013021
0.7034242636 1.6027678575
-0.8153533686 2.7468721385
-1.6948570614 -0.5893742980
3.0636907002 -1.4904915457
1.7312783737 1.9437219664
-2.0728768014 -0.0470073264
1.5251876816 1.6808547944
3.1696484118 -1.2411017931
2.2790874564 3.1317086460
-2.1449346132 -1.3404736974
2.8498265070 -1.4347832869
3.2517480140 -2.1350557269
0.3777210913 2.9107958706
2.3066486411 -1.1545009294
1.0126528252 1.0431765405
1.6631711972 0.3084134429
3.8328210057 -1.3816513492
2.7720238233 -1.4791607927
-0.9635767765 -0.2209774335
2.6284042152 -0.0670079788
3.2008944905 -1.9638018354
-2.3286348804 0.5038766579
-2.7376192093 0.9640282103
3.0667806054 -0.6488232496
2.6712363922 -0.6191760310
-0.5230966729 0.7412256927
-1.0686689811 -0.7830621563
0.6629306185 2.6236384610
0.1740542859 2.4164517889
1.3790554780 0.1000906991
0.7257421036 1.6911630984
-0.5101187705 0.8925406636
1.4176223238 2.0423304716
1.0114531334 2.1232342040
1.2809310872 0.7031819791
2.7424757562 1.2622868792
3.3950465915 -1.0365366795
-1.8706306689 0.4025629956
3.3674159864 -1.0249822785
-1.9204520230 -0.3991902435
1.5536321502 1.8406002082
2.8561182851 1.0602737106
3.0232524370 -0.6516070051
0.8840270021 1.6333802187
-3.0593079350 -0.7562646707
2.4464058801 1.1600910556
2.7050374047 -1.4349388331
-2.4749513021 0.3921135020
1.5870831066 1.3046500197
3.0259455857 -0.9653862192
3.1091135802 -0.4048096983
1.1612601634 2.0418826674
2.0546813929 1.1893023210
-1.9595701255 -0.1379726001
-3.0416554267 0.0028240917
1.9860396620 3.7361349605
-0.6684752281 1.5361221714
2.0892867566 0.5394768031
1.3863291329 0.8271564613
0.3300156777 1.2462859796
3.5075443088 -0.9480114374
1.1946501281 2.0765421136
3.4465885073 1.0981850163
0.6670673724 2.4277462819
3.0301971026 -2.9423471808
-1.2296049837 0.8920612137
0.4672163199 2.1994636027
2.8239699942 -0.4984749452
2.5774703436 -1.8394074130
3.0184451840 -1.4591821883
2.6860706780 -1.9600131631
0.9326684963 2.3028812298
2.8891365844 -1.8987929229
0.4812909756 2.7804584323
2.5048901499 -1.0499987607
2.9456665419 -1.2103562502
-2.9985275148 -0.0857357490
-0.4208758067 1.7275314054
3.3788863879 -3.1279868660
0.5719760388 1.4519316342
1.2032526925 -1.7244915217
0.9834764833 -0.5062289905
3.2987149236 -2.1934624973
0.2033327078 1.2753873309
3.8879757444 -1.7977203093
1.5412177646 2.4026376607
1.3562098695 0.9814523821
0.6692679487 2.4538269501
-2.3253208490 0.4972400658
2.5161219660 -1.6240947987
2.2326738831 1.9954435129
-2.5063902346 -0.5440126031
-0.7170332244 1.8783442289
-0.5913468224 -1.0686672900
2.2616925348 -0.8094766989
1.0791333190 2.6315133980
0.7140708366 2.3846629672
0.6893525455 1.6352627570
0.4763162744 1.6236311048
2.1024406220 1.4244167136
-1.7519376314 -1.6753636595
3.1192119224 -2.1480043910
0.0997453439 1.2913750965
3.6535571516 -1.5148470912
-0.3424902790 1.0549110812
2.4625457343 -2.0320813710
2.5354241719 -1.2897514733
2.5264707335 -1.6007931903
3.1135625720 -1.0206970517
2.0087395171 2.3493601085
-1.9668978089 -0.0186641046
0.3043506756 2.6549246369
3.2443292925 -2.1410324030
0.3860582371 1.8752866677
2.4180376860 0.1887108081
2.3746690391 -2.0420318344
2.4558994430 -1.6128583355
2.1314450579 1.3091638120
1.0423508176 0.9047941587
0.8709670145 1.5272138545
1.8714138643 1.5463816970
2.1960027846 -0.3546830532
0.3722661495 2.9392343106
3.2494133394 -2.1615161447
-1.2324140997 -0.0221234812
2.7786321375 -1.6486016731
2.8268269149 -1.6797328211
3.0144021393 -1.7710393453
-0.3515391161 2.3630479050
2.7509477785 2.0556442242
-2.8554385659 -1.0859259814
1.7019386444 -0.5053034321
1.1640343559 2.6220809388
0.6305680292 2.0189754926
1.0781492066 1.5562288111
3.7419610483 -0.4985529790
3.9220999761 -1.9794763144
-0.3939765781 1.0899931516
2.0232874239 1.3532907782
2.0325321153 1.7640355973
1.2695619836 1.5675345888
3.2175473757 0.8644005646
2.4274476007 1.1727237975
1.0720910947 1.2899025067
0.9525452495 2.3519156805
1.4515864096 2.7272201893
1.4195484392 3.4225391020
0.6658496227 3.5214746698
-0.4229965568 1.2577147677
3.0212895397 -1.8570640772
0.7025615796 2.0717734348
0.6309376975 3.6975872560
3.0450139859 -1.4775817559
3.0295600502 -0.9377070701
0.8784722262 2.3195608664
-0.5297327120 2.4928489719
-1.9609348739 -0.7499090786
1.3685276344 1.3640598941
2.5418327789 2.0321190392
2.5535477946 1.0710430558
0.9684137325 0.6822306643
3.2267946995 -1.2349765673
0.6884253969 1.9598616706
0.9209193088 1.1477356341
3.5962889391 -1.5118032512
0.8880069816 1.7788156345
2.3875852092 2.2166400530
1.6373859364 1.8062660009
1.0070009108 1.9095603738
2.9498600508 -1.8833884867
1.6166940638 1.9572587232
3.8308667671 -1.5030826499
-2.1537399160 -0.0262318362
0.7471063053 0.2974628317
-0.4947634932 2.8809216179
-2.3599943404 -0.5677278891
-3.0156087307 -1.0549394705
2.1843111107 2.2591758382
-2.8841629787 0.4203881195
2.5013465081 1.2197680784
0.5417900738 3.4430337837
-1.4875416643 3.6361374130
-2.9126358268 -1.2330337515
-2.0876202732 1.0344449118
-2.5210813172 0.0648262253
2.2664717341 -1.5995951038
-0.8959460092 -1.2593588678
1.6644600338 0.3412189817
-0.8114747284 1.7123547459
2.0348180348 2.9291116829
3.0973153250 -2.0291124872
-1.0721557990 1.1019918528
2.6492018234 2.8646851351
3.2821325923 -2.7264836725
2.3794161356 -2.3628381976
0.7899175721 1.7035879074
1.9548779982 2.3665939665
2.5380895262 -1.1873380618
-2.3981952210 0.1587813148
-0.2080383288 1.3012007633
0.3715990413 1.2553979774
1.3149742607 2.2348706842
-2.3063023641 -0.3073682702
2.0349497981 -0.8603647785
2.9421584359 -0.9264710372
0.9872795895 1.5200714238
1.5943981992 1.4496987669
-0.1992117773 2.7797648476
0.9641509823 1.5687814229
2.2506302874 1.1478141350
2.3220081089 1.4169571624
0.0136127240 1.1985320855
4.2199830693 -1.6999439532
-0.9783252174 -0.4204117520
2.2914091030 1.7425422730
2.6290955865 -0.7933029776
-2.3418909150 0.6776245589
1.2831136190 3.8293144813
2.1060865008 1.5196725765
2.9096937388 -0.7552080610
2.7837480672 1.4750897168
0.7991247258 1.4244837905
2.6414345555 -1.4467293613
0.8429091539 0.8503103363
3.8774732364 -1.0461382777
-1.4840261347 -0.0703194953
0.9036978303 3.3551453731
1.6437950023 2.1583974826
1.6941451868 2.3115609219
3.1530308296 -1.2710809421
1.0082683664 2.0650629158
2.0178925814 -0.3993588517
-2.7984404423 -0.7365743622
1.8406831609 0.6489181347
1.9364874609 1.5140108125
2.7802075649 -1.9498186502
1.9756230810 1.5207675775
2.9510776004 2.0825065293
1.5187176204 2.2013025202
3.2830341006 -0.5901858353
-1.8955122235 -0.5529748907
-2.3901138204 0.9878815957
1.8404095616 2.9142422031
0.8394189060 1.6699937764
-0.1542781421 2.4941909058
1.3625728114 1.4571971217
2.1433443367 -2.2322107808
-1.1910709441 0.2713654535
1.3202749482 2.9942830153
2.2685254886 -2.0859329210
3.7954022074 -1.1134122373
-1.4614715094 1.3229894396
1.3352955997 1.7003921568
3.1066267820 1.2149146488
1.1662519676 1.1013884210
3.9429160111 -1.6456181765
2.3901001186 1.2433485370
0.8246369710 1.7998341592
3.6345097854 -1.4391486367
3.6118205529 -2.2538523286
2.8005585401 1.7838059754
-3.8231612454 -0.4170091581
-2.6801590224 1.1070359045
2.3957494859 2.8303828244
-1.8246148669 1.7316488707
-0.0704166316 2.1705528544
-0.4500397315 2.9543723053
0.8758535449 2.5736037325
2.0880078699 1.7629422015
1.5698482862 1.0848633713
-2.5627467842 -0.7675203169
-1.6779043497 0.3237570521
1.1076351831 0.8640672621
0.6304953379 2.3032281567
1.5196716592 2.8911889577
0.6970870319 1.7929943139
3.4414979021 -1.2478122595
1.2031584014 2.3045335257
0.7220903003 0.9518117485
2.8085267493 -1.3252595169
2.4713499729 -2.1582514376
0.6123174161 1.4453245279
0.3996009463 1.7461471020
1.4530491876 2.2418228292
0.5429519976 2.2311343250
-2.8199883927 0.4015409721
1.9593590296 -2.4957679394
3.3070990729 -1.5908541151
-2.2670723774 0.8532335697
3.9924849742 -2.0594466772
1.0132872267 2.0858632132
4.0089533762 -0.7001781082
-0.8795441042 0.1853321340
3.2420699447 -1.7655008912
0.7737240643 3.5986602389
1.8568580720 -1.1499732960
2.7841921623 -1.7129163456
-2.5903053638 0.3711332059
1.8910146260 1.4733627314
1.2725563633 1.3524135914
0.3795976391 2.4380934947
0.1995989290 2.7622345179
0.9610469378 1.5677009645
2.0622450019 1.8173562488
-0.8165759963 3.0456751381
0.0357373457 2.3417724486
1.3641768826 1.5052311207
0.5152747909 1.2783980887
-2.0968778681 -0.1214823446
2.1120367125 1.3527962939
0.2294733496 2.0378357748
2.7603047361 -0.9143215482
-0.0518461604 2.7939990991
3.5346118855 -1.1600146781
0.4479144581 2.8104560223
2.5576873333 -0.8156806889
3.4772211703 -1.7225929589
3.4537197792 -1.3025051374
0.0967676223 4.0029331465
0.5416485744 1.1623269303
-2.0810836050 0.4098531022
-0.3079551475 2.2931769988
2.4421062805 1.9533466255
0.1175026149 2.1010300293
-1.7953500381 0.7996534198
0.2912576959 2.5258580382
-2.4067359400 1.9090171565
2.5589268019 -0.8737203562
3.2339834410 -1.1267447225
-1.1646841122 -1.5023125477
0.3340601446 2.1437003163
-3.2711919762 1.0262651386
1.4959759555 -1.3323343007
1.5278473805 0.8299529375
3.3089903757 -1.8729530064
0.0787836047 2.0517702350
-1.6116334356 1.5773804138
3.6865569491 -2.0481642065
2.0774749209 -2.1181459109
-1.8025930333 0.2757562000
1.9604570354 0.9634997159
0.7591422669 2.7477219780
3.0912707723 -1.4739063347
-2.0631877330 -1.8578989946
1.2500837471 3.0130311477
2.8140703886 -1.8164766362
1.0051576295 3.6715226124
2.0431837712 1.3513473883
1.9748174121 1.2746869208
-1.1849067368 0.6920416533
0.7284070747 2.2272810820
3.6625859078 0.0260928547
0.3573586310 1.2927640012
1.1708813937 1.5349829897
0.5548354670 2.2560581964
-0.3748319811 1.6231838636
2.4491789353 -0.2366986992
2.5173420250 -1.0287117235
0.5513795646 2.4905985138
2.1901927597 1.2586282030
2.0007352148 -1.3686882450
1.7502321621 3.1467861908
-0.0613558653 2.5497429990
3.0077549118 -1.7657143095
0.9833510768 2.2594076854
-2.3732075518 -0.4506814383
-2.1950026255 -0.6543607159
0.0097476150 2.9937813620
0.8898624663 1.1340406049
-1.6135245596 -0.5705904353
3.2181246366 -0.3239146234
3.5861462231 -1.3933430355
1.4174801164 2.8222279130
3.2024734455 -0.9531985905
-0.5856363645 3.5580123717
-1.5619371524 -1.4752596437
3.8416155923 -2.0950730738
4.2277134441 -1.2434925312
3.4699155865 -1.0338968909
2.2733097509 -2.0087253896
3.1164883349 -0.5944787778
2.5767161523 -2.0431368811
-2.4279603583 -0.3331685831
0.9477879922 1.6750739876
2.5468278129 -1.3103037905
-1.8798068565 -0.5157477526
2.1150103846 -1.5178507091
0.6234093343 2.0294993854
-3.0112660540 0.4401410456
2.3216563729 -1.4993098720
1.5352341286 0.6955998285
-0.0126716697 2.2136607175
1.4441320082 5.2420438411
0.5930631362 2.3126266667
3.0748390545 -1.4357355763
2.7017008238 -2.0257691915
-2.8840373851 0.4852919252
2.3587769368 1.4704571817
1.2346276030 0.7338921694
2.1352110486 -1.3958510483
1.0280075948 1.7756419272
-1.3748819538 -0.4453776203
1.6621641398 2.1386826918
1.3628241434 0.4134620775
-0.7630811657 -0.0352068486
2.8497379747 -1.2788275288
2.5887996061 -1.4770721321
3.1389127718 -1.8678923702
-3.0914475557 -0.4163813167
-1.1242471387 2.8685931622
1.1747076696 2.7925939849
0.6572122898 2.1754235298
3.2975039014 -2.3278312538
2.3375020707 0.6218401699
2.4459947897 -0.4898492318
0.7063401505 1.9411341343
1.6529946412 0.9580254106
1.1801830292 2.8333543226
3.1566657684 -2.4288843805
2.0019071174 -0.3062188515
0.1472935702 2.7006275981
1.1326906169 1.5762431550
1.3052718636 2.8626662884
3.5366008839 -3.1261528517
2.8157261808 2.1383596533
-2.5464950034 0.6068496959
-1.9854852653 -1.2258513000
2.9174875135 2.4050320893
-2.0374488892 -2.0749235970
-2.2649322013 0.8409272110
0.5065211936 2.5076845594
2.3364397975 -1.1064206126
1.5851514779 3.7838474703
0.5551506145 1.5810598308
-1.4570216267 0.3658096746
-1.0221093179 -0.3096670512
2.5039168458 -1.7217012873
-2.3891726593 0.2257381043
-0.2302940019 1.6913649710
1.9812845373 1.3648454856
1.8535381353 2.9119391880
3.0386181753 -0.8034081399
2.4456451017 0.9768063277
-0.3202019663 1.3174257194
-1.1273331203 1.0852466211
3.3291192586 -1.8376410353
2.6664456583 -0.3982164871
-3.3730786956 -0.8746581221
1.9962631207 -1.6554985916
3.2612011725 1.2682444268
1.5537931864 2.3213384044
2.2727798878 -2.2370668067
2.5497348725 -1.5745743655
-1.5895152293 0.6570030096
1.0106959322 3.1404746925
-2.2141462970 -1.0478256563
2.1875676421 -2.8861393960
-1.6002192148 -0.0656919897
0.1208949161 1.8270390529
3.6068516030 -1.3370209776
-0.4614770326 -0.7845960111
1.0729510335 2.0613200135
2.4329837520 2.6486187157
0.4249356790 1.5149311732
1.5332758668 1.3248964139
1.7823873622 -0.0374827354
2.4566524883 1.9893225461
0.7248098811 -1.0332222639
0.8571444081 2.6152194345
-2.6764173242 -0.1128608525
0.3798176822 1.2085617355
-0.1822940041 2.2572532530
0.7493123334 0.7632723037
-0.1492710143 3.1315288541
-0.1317204985 2.9596633733
-2.9279228545 -0.6923110896
-2.7241526779 -2.1372488091
0.1743401067 1.8278034398
1.1523803259 1.5080191700
2.3512004014 -1.7942360890
-2.1911979401 1.1897238130
3.3408056562 -1.2234752912
0.6276173702 2.2253840834
-3.8836655362 -0.0764269009
-0.3279005254 2.6751004832
-2.6204154683 -0.4357301176
-0.3427834798 0.4563072002
0.6154836205 2.0485271245
1.8956878300 2.5823457322
-2.0588729150 -0.3584375408
-0.1992369915 2.4996944437
1.3402719392 0.2573237511
-1.5030471772 0.7215952398
1.4612964852 2.7444623466
3.6453817902 -0.8097953970
-1.8515422627 -0.5332816343
2.9499101876 -2.1942703331
-1.8256563910 -0.3887308590
1.0174429574 2.7584908487
2.7697580305 -2.2492719418
-3.4721704382 -0.1413586398
2.3186846950 1.4500504969
1.7775692478 0.2550670622
-0.5384404643 3.9568717916
3.4213295676 -1.9141455185
2.4953453787 -1.1074303256
1.4830064103 2.7661311892
-3.0682903295 -0.3026643631
4.1734432676 -0.6490460934
1.6180073867 -0.7224115316
2.5730908247 -1.4419852644
1.4392175057 1.2155262923
-0.1484085481 1.9669631451
-2.0764884458 0.8722706418
3.0447356350 -1.2904160836
-1.9048868673 0.3485596390
-1.3665127262 1.5596356891
3.0845787713 -2.0249778641
2.6324968613 -1.4156670262
-2.0551297733 -0.1931762296
-1.8010370970 0.6115998016
2.1399018192 2.1167002421
-1.3218627881 1.9000266995
1.9359246339 2.1182413252
0.4468583950 3.3661987462
1.8047023432 2.2986831572
1.6262932232 0.7657658461
2.3631048533 -1.9168528053
-2.5382909387 0.2008193317
-0.5809003663 3.1735029172
-1.1179508840 1.5711592200
-1.9908057476 -1.0708670233
3.0596663247 -1.4133220457
3.6759393729 2.0570054336
-1.7429545574 1.0747305408
2.7746561401 -1.6437729925
2.6559454568 1.6905886415
1.1437599763 1.5361146727
3.3646613559 -2.3540630318
2.4631878970 -0.4060091832
1.5411311018 1.7696005094
-3.1081121738 -0.0826280180
2.8385704633 -3.0890880967
-1.6295935592 1.1320899416
2.6238193588 -1.5641198449
2.8048790600 1.0370962507
-2.6921433196 -0.5964124028
1.3140141545 3.7150444847
1.0504761516 1.9058555296
0.4042077823 2.2765103365
1.9295545463 1.0112406196
2.5522331724 -1.9400775114
0.4216365491 2.5383403888
-0.6905481679 0.2554517213
3.6850330534 -0.9446491767
1.7671121984 2.6055311889
1.6741142392 1.2139512759
3.0960751529 -2.1610908095
3.0835027589 -1.5717456947
0.1259835868 0.4195832404
-1.8229876821 0.5527977063
2.6567790887 -1.7950397577
0.7654744035 3.5409283016
1.7551101829 -1.3240355909
-0.7663908514 0.3291531033
2.6327341667 -0.6361330147
1.0145382805 3.1471999717
2.7093897232 1.4032330571
-2.0305350569 -0.2147409750
0.5212445706 1.9143065407
1.8629425868 3.5809125593
0.1883725227 3.0413081469
-2.0123463626 0.1350882433
2.1060453945 -1.1553990334
-0.1639331828 3.0120523120
4.2111599470 -1.3485420147
-0.4491516666 1.8005162027
0.4196607125 2.6545072352
1.0119245858 2.1644247078
2.3287436307 -1.2567022527
0.8260901598 0.9218291161
-2.3414353605 -0.2866950434
3.8350523589 -0.4020561727
0.1785033740 2.4607822849
0.5843189365 2.0973324273
-0.0730197747 2.7256276763
2.7697544637 -1.0827015849
1.4792224315 0.8898454449
-2.6997150778 0.5135719208
-2.3184722889 0.2902451623
0.6678243962 3.0178937410
-2.1619570400 0.3311588050
0.5035132962 1.4332979680
2.4665036846 0.2815543739
1.0900612695 1.8179303377
0.0133260803 3.5681864065
-1.5731190236 -0.9446294410
3.3956441491 -1.3072321411
0.7394758384 1.5576091991
1.3210512329 2.5574057235
1.7552383357 2.0950553150
1.6980344555 0.5148913263
-2.1470166170 0.2706265945
1.3565250719 2.2442472930
1.4679612076 1.5234277904
2.6460480445 -2.6853942188
-0.4100176531 3.4773661667
1.2156026376 1.8673533179
1.7503738315 2.5655880522
3.6673620346 -1.0790947957
1.7875372440 0.6055810538
1.8673037668 -0.6587092889
2.4160519518 0.7371856271
1.7207990259 2.1638785463
1.2057583598 1.5486660680
1.9991771553 0.8876209378
-1.7230017793 -0.3029735364
2.1419537571 0.7920964438
2.0651101314 2.5015859678
3.7392493731 -2.0498300673
1.5135518947 2.1771864267
1.1528154764 3.1001547521
1.4096168843 0.7403322194
-2.7261471822 -0.0369476186
1.2043023006 1.8147128499
-2.2518908055 -0.0371680374
-0.1181920541 2.7986135005
2.5677885698 -1.5549950488
0.5440417191 3.1424201709
4.2595013527 0.9282587801
1.1052811705 1.2361054036
1.7732920192 0.8753611893
2.6290240364 -1.4145654026
3.5373191564 0.9253442876
0.4629565326 1.4136148635
2.6955262616 -2.1732709685
0.0844781114 2.7088891866
-0.5183194552 2.5920889850
1.2847956626 0.9307976883
2.0882864437 0.5000555686
-0.8511156062 1.0152394889
0.4607273418 1.3229350245
-0.9047513249 -0.4009853227
0.0304462491 1.4302544146
3.2497258923 -1.8014819209
-0.9099912805 0.3819053921
2.6385494113 -1.9767971785
3.8207534894 -0.8179656059
1.3094158292 1.9583230480
1.9111277361 1.0881795579
-2.2971169890 1.4901829397
2.1842297800 -1.3636385039
3.0336056956 -1.3864832015
0.0522366103 2.0003236064
2.5885243317 2.1617169830
2.4963248681 -1.1530135829
-0.3089814547 1.3119168579
-3.3211323821 -0.9480444485
2.2000802108 1.0703551814
2.4118876845 1.4532846789
-1.7367372797 1.6485064627
-2.8637098346 -0.6782409538
2.2615359819 1.3312324240
0.1452052277 2.1460334524
2.7312048418 -1.2161373841
-2.3402384983 1.4286328714
1.6393120583 3.2650944970
2.9353606304 -2.1488916332
0.4859642077 1.2380147230
2.6892679415 -0.9662576479
3.3033807042 -2.1776745603
3.2324524515 -1.5226060540
-1.8332947958 1.2436269124
2.3651984583 1.9941146001
0.2058929696 0.8244254114
2.5849309592 -0.5181730357
1.2819769201 1.0602499454
-0.7574328710 2.2959102460
3.0077505808 -1.4078487157
-2.4231989287 -0.1517297664
3.4874081890 -0.8175675443
1.0211272229 1.9342308226
-2.3996095291 -0.5235886756
-1.8268183114 -0.3703993386
-1.4289787868 -1.2502218733
1.2037249932 2.2864036090
1.3838613535 1.2122240149
0.6476075620 2.2092770913
-0.7015510263 -0.8142554017
2.4021270514 -1.9719487713
3.9870008476 -0.2533140108
-0.2201709974 1.9079981591
3.3654886299 -0.7861446926
1.9885600356 0.9983982225
-0.9302926995 0.0364083357
-0.9446490058 0.0492442550
-2.5284452100 -1.8131457644
0.9095940133 1.5469443239
-0.3188024466 3.0574821539
1.2250043295 2.2490604330
-1.8509993989 -0.7267913493
2.1538075362 0.1015022018
3.4734335301 -1.4415797468
1.2852535242 2.1268258142
0.0412231057 2.6871848015
2.7514751037 -1.1009880341
-0.7792822279 3.5741217209
0.3021597962 1.3401932213
-2.3441393512 -1.2350836832
0.9273234197 0.8786648096
2.3010694500 1.5817775582
-1.5923193489 -1.0870880513
2.4688142401 -1.6118680775
2.7898117386 -2.4059958613
2.9836091952 -1.3572159938
1.4834066870 2.1495261922
0.7702979099 3.3123137754
2.6896239309 -1.3729003330
-1.6318124341 1.9486977623
-0.4664770492 3.6927421280
-2.5145110463 0.2752905537
3.5208685034 -1.4845376796
1.0660820110 1.8099922566
-2.2635556342 -2.2413816471
2.8207774857 -0.2154209039
1.8453596582 1.3114025460
0.3538094458 1.1559015537
3.8099279870 -1.8074412340
0.3001066689 2.5199095002
3.6939017492 -2.1217371097
1.7743719447 1.5988212883
1.7320090858 1.9203310942
2.1981930488 1.1212867283
3.9187040466 -0.6863932514
2.8442099469 -1.8753298150
2.8236024739 -2.0921946471
0.7041465063 1.6792144701
-2.2212881719 -1.3424876314
3.9710475960 -1.7554572817
-0.3944851128 0.4767743038
-1.8184670180 0.6463492045
3.3557218273 -1.8576764609
3.0072188767 -1.9765665649
-2.7011748155 -1.0427811993
1.7856306187 1.2813226121
-2.4218386717 -0.1791515825
2.9764354235 -1.1764530269
0.4880912306 2.2809751515
3.1451889366 -2.6112230698
0.4984712202 2.3258745588
2.7817998796 -1.7888373843
3.5146724184 -1.7134634352
0.3789830148 2.2162725697
2.4987587252 -0.6404261016
0.6240977071 2.8973807306
1.5179229513 1.6909533215
-1.5766074229 -0.7528409757
0.2445136819 0.5591439436
0.5534673204 2.7281427813
1.0248246549 2.8915110040
0.4606736290 0.8281245362
-1.3318503843 0.6464374478
0.6038858882 3.1059758687
0.9006629448 1.5683955768
2.1359929374 3.2528724417
3.4608450770 -2.1199195135
3.0687542776 -2.0977743175
0.4992898337 2.3491857688
2.4020717463 2.2303780188
-1.1118720223 -0.0373721403
-0.0038596950 2.7031027480
2.2687855367 -0.9913211156
1.4691318430 1.4394256963
-0.3097341886 2.7777867217
-2.5445054683 0.2285688765
1.5210516739 0.7152427299
-3.3508986690 -1.7635274618
1.1853100902 3.1520963965
0.8108018099 1.7483684343
2.7937660786 -1.2616512807
2.4792735395 -1.2317043521
2.2905639841 -1.2272396210
-1.2015362956 2.7938228180
0.8844266212 3.0262149691
-1.9376041874 -0.8290351636
2.6141055645 -0.5089538472
3.3016618994 -1.6224529073
3.3038139895 -1.8717091056
3.1243468709 -0.7892422550
1.5403526082 1.1312042797
3.1799946535 -1.9723837546
2.7016044251 1.7008319086
-0.6757348412 2.9530936750
2.0715190738 3.0523357113
-0.2153437920 2.7581389415
3.2853543922 -3.2387878812
3.4763529462 -0.7894714527
0.0933502263 0.9276756807
-1.8660055717 -1.5992543475
0.9246939861 1.6888803008
-1.7594840306 -0.1222279053
2.0852690012 2.8682294708
-1.6687121277 2.3614373791
0.8010127035 3.5776270256
1.7929488336 2.5584659113
2.9518429394 -1.8471575791
0.2030475094 2.5383160874
0.5204937898 0.9442933801
2.7425242115 -1.9618389648
-0.8481884783 1.9831441400
1.8031163343 2.1460158386
-2.0117724915 0.7526344791
1.5082840808 0.8957473946
-1.4592589625 -2.2956762533
2.9801733513 -1.3304741896
2.9648223734 -1.4969746989
1.3275361689 1.7204485426
2.8153455883 0.2397770798
2.8406647761 -1.5670127115
1.9498572737 2.6824562152
-0.2109446117 3.3110221478
2.2078449772 2.1188337866
1.6364727725 0.3095036667
2.7010849382 -1.2916448051
-3.1951299675 0.2935441284
3.0517125400 -1.2824814948
1.7274687990 2.4196790059
0.9907060001 2.5454475329
-3.5067961640 -0.9737955329
3.3577977669 -2.6635442313
2.5246841543 -1.3904596113
-0.5731730961 4.1770239474
-1.0123036184 2.6707281899
1.3034039427 1.3275657822
1.3357176884 2.7494144368
2.1345791162 -1.5185106603
3.8127709695 -1.6773814877
1.8361383779 -1.4304186980
2.4939085720 -1.3339701981
0.8952350685 2.7253628949
-1.3320011404 2.8014791788
-0.0421716188 2.6527819973
3.2505855075 -1.1783844430
1.3271794595 1.6388745554
0.4025494068 0.4659277039
-0.9983099039 -0.4128548006
2.6406185391 -1.2878299814
0.8550491431 2.3223572074
3.3452313880 -1.5335014749
2.7643283776 -0.9626539891
-1.6338237842 0.0250752511
2.6228387109 0.8699777751
1.4807884345 1.4760936951
0.1010676525 4.3270140666
0.4463047736 2.5256751246
3.9106620579 -1.7494569516
0.1047501767 -0.6992123834
2.7670093496 -1.8310248700
2.6590532591 -1.8918383650
2.4128877196 -2.0971298296
0.3965738310 2.3920497197
3.1934746843 -0.7773029293
-1.8337657912 -0.4867133292
0.7139646806 3.2503817187
2.4461170854 2.0946032076
-0.8268941312 0.1794301951
-1.8508935078 1.4110848541
1.9059364434 2.4990592688
-0.0814679736 2.2363146035
-2.7587371686 -0.3613179741
-0.5930255490 -0.4910926192
1.5831444960 1.2206083219
2.6987694979 -1.3713221039
0.5607946032 2.3072340286
2.2342917838 -0.4411018199
-0.8092463426 2.4571995806
-1.7765136837 0.3249924142
1.8182961345 1.6037207766
-1.3502068773 -0.0091674027
-2.0679271821 -0.9267593125
2.5719824303 -2.0525614833
-1.3333736415 -0.6055803118
0.8282900895 1.9545226984
-2.8014482544 0.0959045014
2.2019989531 1.7545681734
-0.8572252065 -0.3027050343
2.9981129643 -1.3868300194
0.9026084494 4.2432851139
3.4448710368 -3.0469800577
2.9985545756 -2.1998327541
-2.1077834557 1.4895219478
1.4103955191 2.5274784889
2.0924079809 -3.4336003338
3.1440124070 3.3043681166
3.6939079702 -2.0836831682
2.9525557937 -1.0291103872
-1.8853423822 0.3492146954
0.7958496667 1.2715639134
-1.4378188231 0.0515160163
2.7586091477 -1.8824600823
0.5929340287 1.8576865909
0.3022707049 2.0996478550
0.1110937079 2.6272605696
2.6368590148 -1.8042417766
2.3980070101 2.6694226185
3.4383593630 -1.6434017561
-2.2617927774 0.2395249510
-0.6270464328 1.3905712002
-1.9185863130 -0.2198598264
-1.4289419311 0.4042768803
0.6535735248 4.1153169500
-1.7388059418 -0.3406632058
-1.4244057277 1.2882225023
0.0976099945 1.8999007550
2.6359449431 -0.6133732871
2.4653866087 -1.5542899716
2.2441341207 1.8573239735
1.1010948839 1.1554090834
1.7948432836 2.3976759290
-2.4609485418 -1.4726801214
-2.7588472935 0.5559051564
0.9985688587 2.5962028784
1.2974324043 3.0060940095
1.1020304531 1.0131793314
1.4323009291 1.1492467277
-1.9269810710 0.2639739688
0.6603200489 1.7953617651
0.8394160767 1.8852137299
2.5602278257 -1.1448835607
2.8863368212 -1.5246308058
0.5572396914 2.5495949446
1.3282184463 2.2019847764
0.3135018846 2.5369395581
3.5542589242 -1.1471973658
3.7890637635 2.4078980075
1.0618869605 2.5376557445
-2.5359822252 0.1565689322
2.3913438584 -0.0590389633
2.8454258263 -2.3176773840
2.2395217759 1.1422059849
2.5619682139 -2.6015097598
1.2335263573 1.6027970299
2.8252943230 -1.8116169171
1.7100337246 2.5254957011
-1.0780836466 1.5896634567
1.5853199513 2.2808076167
0.3505002885 0.2219350469
0.8233197466 3.2924056145
2.6128183815 -1.4793725800
1.3765036860 1.6330299790
-1.1407223967 0.4500425814
0.6762297543 1.6368780649
4.3063023676 -2.6943381858
1.7756696339 -1.7245251599
0.6306846759 0.6125069153
-1.7540023956 -0.3169078768
0.5781505646 1.9814903162
-1.6582053022 1.8718737058
2.6904319470 2.7547133031
2.8069529692 -2.5097179114
2.0821424256 1.7499227123
2.8428384616 1.1008772498
2.2208673561 -1.1693545987
0.6072434750 3.0606789279
0.4121546796 2.1824460991
2.9556772686 -1.0600175041
3.5065877539 -1.3631588144
0.5972121499 1.1867826477
-0.7345312192 2.8505127376
0.4754702653 1.7272676354
-0.2066864152 2.7295049676
0.0712520517 3.7233144878
-1.8721665657 0.6005418849
-0.4894436778 1.8010059621
-1.1897248723 1.1463819096
0.0957244611 2.1331834510
0.8452288986 2.9656421529
1.4858536649 2.0350455373
-0.6323717000 1.3662766740
3.1511647368 -1.7230748190
-2.0454401611 1.2038724001
0.2675322336 2.1150751783
2.2112109187 -0.4600723557
2.5353116284 -1.8484788631
0.1444349122 1.9624664997
2.4870881958 -1.6876315835
-2.6389647236 -0.5861304717
1.3008340055 1.1069327253
1.9428427991 2.8127205064
-0.2737068803 1.9756563247
2.9436131572 -1.4625661157
2.3855161915 -2.0744210628
-2.6829699695 -0.9433032865
0.9125993048 0.1032161173
2.4348719295 -0.6050068954
1.1044769880 2.3044685048
1.6520718099 1.2862595956
-2.5179099513 0.6071998684
-1.7062744409 0.2099920244
1.6956277927 1.3159525192
3.0565959972 -2.9886074408
-0.1091880734 1.6166778440
0.9917693892 4.2866787387
2.0949227744 1.9840497023
1.0049334112 1.4702833381
3.1319361207 -2.4469734253
1.2165636454 4.4261641469
2.8336852515 -1.0146362868
-1.7852007449 0.0762862004
3.0838399414 -0.3007151353
-0.1894744476 4.0428808464
-3.2887252529 0.5680012438
2.3381408015 -2.6548764641
-2.8837842797 0.1894660756
-0.2610716304 2.6100213582
0.2015197472 1.4095515918
2.9920921790 -1.9815523698
-3.3709288236 -0.0741895797
1.1987890395 1.9525959090
-2.2423156321 -0.3341991698
3.3669784275 -2.0003304384
3.6711374587 -0.6840688139
2.6926423831 -1.9390575463
1.1078472980 2.5341711688
2.4433549121 -0.9886114239
1.2732346444 1.3089256759
2.1344136306 2.6214102993
1.2182647878 2.1469396701
-1.9314009733 0.4209601510
1.3855312038 0.0645365076
3.7104845012 -2.3670496458
0.6619764035 3.2669397873
3.6108481021 -2.4363723605
0.6049125757 -0.2466836527
3.1491376797 -1.2536691505
1.6362127057 1.4546367458
-2.4287103621 -0.0821962386
2.2256189048 0.9017917036
0.9794380639 0.5571090661
0.1750806172 1.9895990965
2.6803179001 -1.2374595063
0.2179364938 2.9210019279
-2.8824924281 -0.7955389585
2.4658682432 -1.9028711318
0.0379335733 2.6211643761
3.3125458459 -1.8831099945
-2.1756271553 -0.3099215022
-0.2972461299 -1.1440807971
-0.3010316235 1.2661420735
-1.4779372712 1.0242644127
2.8402117340 1.0051555919
3.4048753992 -1.3697565843
0.3486818272 1.2982783181
-1.1286009003 1.8663442250
1.0332188867 0.9078310074
0.9438115006 2.6659693963
0.1332650631 1.6059811606
0.7990528239 2.5923263924
-0.0913703452 1.5687575465
1.4678845299 0.6930454328
-1.0765728935 2.2020328416
-0.7028420801 4.9695787678
1.6034791876 1.2946616816
-2.5086618381 -1.3735795445
0.4511430092 0.6317021113
1.5196643667 2.7139814875
-2.9681903814 -1.2777031150
-0.8973678001 -0.3494923919
1.7932119223 1.6238180875
-2.8028814949 -0.0284505019
0.9735342901 1.1120176332
1.9531855733 2.0491797994
2.5719293272 -1.9647814015
-2.4581349356 0.5965630870
-0.3918756443 2.8105847642
-0.9970137025 1.6160096806
0.2380629983 3.6859366205
1.0428986673 1.7486199224
1.2473421567 2.8166518292
-3.2809032317 0.1108226779
2.2322933720 -1.0658355580
1.4800080007 1.1307072351
2.0892246395 0.9901395301
-2.4107503963 0.2018508061
0.0838777451 0.8932193893
3.2273455774 -1.6224919371
0.8151566762 2.4894583830
-0.1507284895 3.1586835508
3.2426388604 -2.3198989035
2.4326686816 -0.7045723511
1.0814246986 0.9432615029
0.9805025996 0.9117458955
0.6055669267 1.3290707440
2.7472486823 -1.7274024400
-1.5250333438 0.3510330408
3.2339231163 -2.0902681327
-1.3756218970 1.2993082279
2.5981591838 -0.8990218767
2.6977662947 -1.6072751803
0.7703576496 2.4910393730
2.6633675090 -0.3966529808
2.8796877517 -1.2111500398
3.1525957716 -2.0998556523
2.4906199603 -1.6074104136
1.7903574260 0.1701735041
0.8208778521 2.2568109127
-1.4620283133 0.4026316924
-4.1233394928 -1.0898352432
0.1496872956 2.3283808408
3.6546079655 -0.3649162617
0.3805684784 0.5072904211
2.0172581644 1.4404132809
0.6005573916 1.3207434590
-1.3194826336 -0.1978123643
1.7495517761 2.6013149055
-4.0402913989 -0.1689394885
3.3065222668 2.3271623072
1.1778505817 1.7136885459
1.8686636376 2.1115390198
0.6937249468 2.1990611266
2.5030461053 1.8684556722
-0.0803778078 2.7660588008
0.9557800964 1.6940271846
1.5827045916 2.3152111052
0.1242312243 3.5746929632
2.4494381226 -2.2881030398
3.2802833463 -2.1089180914
3.8290906679 -2.8333961381
2.6013447860 0.9706215113
0.0616359382 2.7172672667
3.6629942803 -1.7120619893
2.5583893136 1.6257276207
-0.0640432013 3.7802659177
-1.7548669453 -0.7822764652
2.4407618540 1.4063236748
0.6097696972 1.3985767041
3.5726158599 -1.8258894589
0.5514434526 2.8553642944
0.8072984199 2.2726882453
3.6641856615 -1.3003328283
2.6417632435 -2.0521183571
3.2376685164 -2.1196384574
0.5531305485 2.4016218649
-0.9944627938 -1.2539001744
-1.8192195874 0.1476493504
-3.6161167477 -0.7332709493
2.8774551986 -1.1002368212
1.1916420704 0.0532529410
3.6107012181 -1.6900600814
2.2017161042 3.0509547172
-0.5778219088 2.5304244860
1.0394628763 2.8856639352
-1.9657518313 0.1174947133
0.2149856182 2.1802718285
3.1984634419 0.8924420752
0.7176662446 1.3454788062
2.7937047622 -1.7255650731
-0.3135417540 2.5021844673
1.7796189570 1.0007307568
-2.4639462008 -0.7563764621
2.8258761588 -2.3709486417
2.3809862737 -1.6530205472
-1.0292901847 -0.9428802985
2.6768919357 -1.5298875243
-1.3791292530 -0.0434259577
2.5664656462 2.5420198431
0.3748287157 2.4336503296
3.1418411299 -1.3602911298
1.2887667268 2.5850646996
-1.9495656561 1.2221073317
3.8549771981 -2.5151552627
1.2819747820 0.7594232713
0.2821611527 2.1827480608
-2.5852349936 -0.3974075703
2.2278067990 -1.1795258388
-1.8156541500 -0.8044813224
1.8624835423 2.0706003470
3.4492340025 -1.5631886594
1.0833933862 3.5421850892
-0.3825708249 1.4482478712
-1.6805071853 0.4792111420
3.0737422025 -1.6711638121
1.2792647335 2.4368861316
-2.3867586248 -0.3081747711
-2.0409473598 0.2075409467
1.9481522170 -1.2467488004
-2.2705691780 -0.6324857802
3.3539242690 -0.8423355147
-1.7852872371 -1.6132667736
3.1657862900 -0.3911212920
1.4232035206 1.2436305658
0.1139165438 2.4888350795
0.8894599562 3.1541258862
1.7042212930 1.7994294398
0.2066909584 2.5062780127
1.6264833090 1.2212831224
-1.3763151514 1.0236040370
-1.7765461511 1.2849057841
0.7711971288 1.8084908460
1.2002077123 2.1812106890
2.3856339593 0.2000655591
2.3597028284 -1.0409441401
1.4497474552 2.3919334522
3.1775888562 -1.6240282992
-0.3204482814 2.0465488193
0.6761253969 1.7777886237
-2.8843650423 0.9775409985
1.4463645597 1.9773158047
2.4177086732 -0.0889297820
-1.0472867752 -0.0568324369
0.9113702141 0.9748863183
1.9407145898 1.8847830516
1.6081543650 1.4068531830
-0.5324143258 2.1238909097
2.1254963011 -2.2717112864
-2.7127246433 -0.0953384736
0.2095021968 1.1968427094
3.3488072274 -1.7930547963
-2.9180335522 0.4892355757
-0.4026387811 2.4767327544
1.2272331498 1.4131535194
-0.8550860138 1.4146704415
2.9119324156 -1.8341055489
0.4735990031 1.6869374876
2.8941909603 -0.4320610820
0.3662523350 2.2054610141
-1.1384941190 2.8256524300
1.0602350702 1.4303859022
1.3461372778 2.0150457337
-0.7933258398 3.2262616088
-2.8107333145 -0.7717666062
-0.2390825631 3.8141952568
1.2627558871 0.9209420364
-1.7934817342 0.3252342351
2.1297017553 1.1426954963
3.3863310771 0.1248131175
0.6249883778 1.3587701253
1.1897607714 3.1503839008
2.8722612654 -1.8627865984
2.4676159957 2.0073879717
-2.5053327625 -1.4302134228
2.8653377675 -0.6743026193
2.3095846936 1.4172338867
3.5359546417 -1.2963651564
2.5180096349 -0.7513629609
3.1508197696 -1.2251258256
-0.1609607863 1.9946237723
1.8774765719 -1.9481337377
-2.3437148426 0.7444213393
1.2634043354 2.0628877649
3.5544059365 -2.0358761846
2.4916534662 -2.1429397741
-3.3229296632 0.0198049495
0.2464679401 1.6562741796
3.3457024632 -0.6717108453
0.7367397436 2.8912043592
-1.2062874414 2.1067397959
3.4947854580 -2.5133008731
1.1948332972 2.8724064446
3.9492912792 -2.1008481400
3.1587139438 -2.2616967225
1.8358681012 0.7771081951
3.8580102650 -1.4194060251
3.6534850164 -2.1464419031
-0.9091031173 3.3343967732
0.8084433872 2.6786718955
2.2601660643 1.8900683409
1.9833001716 2.5806452715
1.9952497293 2.1403814702
-2.4286487280 0.2279764831
1.5765645283 2.2217657019
0.1388567761 1.9359744377
1.6713540600 1.7562220125
2.2996807208 0.8780315749
-2.8005264501 -1.4113706965
-1.0355655855 -0.0312509286
2.1542468807 2.1094528566
0.4266026022 1.6963861886
1.9464001700 0.2218390295
2.8817185811 -2.0220571356
1.6525840978 3.9886360007
0.4542001762 3.4856907059
0.8264059988 -0.1153032090
-2.0333677802 1.5362493027
-2.2306263217 -0.2223637511
0.1481426620 1.8807932194
0.2034397314 1.7953229221
-2.7598568244 -0.8719911671
2.1262508893 -2.2732283426
0.1999891571 1.2416755168
0.5900649836 2.9378209546
-1.8410507839 0.2716609405
-1.3996862392 0.2757348391
-1.6271008979 -0.5256695468
-1.6455542347 0.3500749990
2.2245960416 -2.4418572061
2.4319750086 -1.7529718824
-1.0923488624 -0.5609656682
3.1262496139 1.3019692849
1.5849425623 1.6422781784
1.4696839934 -1.0922860884
2.8058812528 -1.7763091263
3.2368611790 -2.6188278919
2.8394752507 -2.4764170385
0.1614133642 3.1349853593
0.7602949313 2.6823582116
2.4183108901 -1.5190574732
2.5866829580 -1.6109144821
1.1007981220 1.5371249361
3.0404365959 2.2845675777
1.3545783983 1.5643706523
0.9309972785 2.6396597448
1.0634603509 1.9772332023
-1.8231070680 -0.4732391919
2.2271588120 3.1471708474
1.8133150000 3.1026410098
-2.0818016275 0.4390311186
2.6696941063 -1.4115193421
3.4207674725 -1.4480711408
-2.6072155608 0.2074781797
1.3694184400 1.0661519023
1.2099084198 1.6917569749
0.4711909860 3.0893426330
2.5046384784 1.7942021618
-3.0477504335 1.0223366330
3.2860552101 -2.6449699160
-1.8764346045 -0.3761278085
1.8691923384 2.0004753575
-1.9427957426 0.1155357212
3.0080058829 -0.7443692643
0.1566679977 1.5834515863
-1.5073319890 1.0480752561
1.8551870337 1.5039480756
1.0055122855 3.3520923580
0.9484693485 0.6427707547
-1.2703751806 -1.4584695938
0.1548146386 2.3821415837
3.8050463184 -1.1865814044
3.1212594074 -1.6371334850
-1.6872990074 0.1789917421
-2.0664893110 -1.7948959753
1.9428408513 -1.4801845253
2.8913362166 -1.2921811803
1.4996016237 1.9546353794
1.9389669868 1.8756893740
-1.6987852573 1.5583920241
0.6832297742 2.3118561414
-0.2638110538 1.6436167699
1.1232620920 2.0798109500
2.3821416352 1.3350767570
4.0131453978 -1.2462205721
2.6949118791 -1.9173008801
3.0314555622 -1.8389980825
3.3530387619 -1.0007838205
0.8807076755 3.3826637071
1.5470521567 2.3846151069
-1.3409002412 -0.0679951132
1.6920815371 2.2582851753
0.3590210830 1.1692635161
-2.0108359803 1.1987191294
1.0106767930 2.0754755887
2.4325620427 0.3045414518
1.7475185710 0.4159906721
2.8357064057 -0.4855081307
0.2084729688 4.0038405682
3.5787402584 -0.6543150464
2.6086067960 -1.7659036941
3.3826459266 -2.0242741206
-2.8657703450 0.0472209824
2.9329470407 -1.8257438342
-1.2107228599 0.4773117610
3.7127785236 -1.8765898559
-2.0268096376 -0.1972428664
-0.0562817642 2.7051077837
0.4271557728 1.6259947383
1.2513506256 2.2357463206
3.4402007261 -2.4089060106
1.8218348942 2.3256872604
1.7457463360 3.2235243420
-2.3835929311 0.4402587032
1.0311473703 2.5449876100
2.3899131335 1.8572038094
-2.1073523133 0.2201875029
2.5342662234 -1.5331803726
-3.0564262053 -0.5004300967
-0.0990855489 2.0028544345
2.9640019888 -1.3854518270
0.6647538411 2.7515475919
3.2240506238 -1.1642112688
-2.6078812517 0.5821438028
0.8560176786 1.7984651298
1.8645988319 0.9573906405
-2.4368795320 0.7431979331
-3.2421715146 -0.8013818745
2.8655786565 -2.1307828914
2.9357162831 -2.2665127886
0.6692083498 2.8574280500
1.4068058246 2.1238251361
1.5405838977 2.7769933002
0.5014734876 1.6989921837
3.3128763324 -1.5540021788
2.1012428911 -1.0296906554
3.2111546490 -1.7913474662
0.6681085218 2.2634734029
3.0119183071 -1.3779600237
0.6059223193 3.6851181385
0.5695557611 1.4656775791
1.7096350718 2.3305815222
0.5244930688 2.1406434709
-1.1600154170 0.1088717893
3.0151916845 -2.2226612923
1.8088147887 0.9940590525
-1.5140496535 0.1274391317
2.1694140210 1.8462432503
2.9857881570 -2.9028367368
-1.8968331606 0.3084532630
1.2744642198 1.3839922821
2.1191122660 1.4325442007
3.1883563238 -1.9333912313
2.6076280807 1.7078209483
2.1333343656 2.4804165455
-1.7364023417 0.4348659912
1.8210591425 2.6588581590
3.8283551275 -1.7607793888
-1.4354873378 0.5692257387
-0.3570900126 2.3050072670
-2.0146567296 -0.0695921584
0.2191648605 1.2899096970
2.4812781295 -1.5669623725
3.6594437262 -0.9794174020
3.3379884992 -1.2353530476
1.9821252106 2.0177077604
3.1374015093 -0.7865916938
-2.3497748591 -0.3112690140
1.4470918608 1.0424981443
0.2114274855 1.8646099912
2.3020684681 -0.7701326621
3.4402649172 -1.5947580149
3.0948440796 -2.1074107540
-3.1041226022 -0.0771350569
2.5803002210 1.0678630450
3.6503092398 -1.4979867971
2.6307929360 -0.8270948728
3.5993822593 -1.6650011667
0.9513530042 1.8168387962
-0.0415057583 3.4386855568
0.1278237866 2.9576524866
2.3619855135 -0.4270448859
1.4146709941 2.0687935956
3.3067805899 -1.7375348729
1.9068545110 3.2111555145
2.0957269199 2.3991508158
2.2562359719 -1.9555349881
3.5076463861 -1.7975585560
-0.9620057769 3.0564046931
2.9145161205 -0.5691768827
1.2015632617 0.9043488905
-2.1991871801 0.2099737742
2.5146031305 -2.3605115899
3.5225323936 -2.1352019469
1.7157590271 0.9055851557
2.7431238620 -2.4765617792
-1.7789214046 -0.6528220389
2.3809346713 1.7034179942
-1.5019080569 -0.3241916229
2.8560261445 -0.9655219736
0.6092146298 1.7882006561
2.8667267476 -1.4535220840
-0.3301177231 1.4691479626
1.7458020216 1.5818487030
-1.4543907575 -1.1611425537
-2.2084637490 0.3105743376
1.9954636354 2.0168623393
2.3756913059 1.5779814254
2.5477730051 -0.7347062774
1.1349599241 1.9550458631
3.4619469516 -0.9449945887
1.2506260051 3.2661947638
-1.8878482897 -1.1701354746
-0.5827933888 -0.1873333957
2.5140957632 1.9396978425
0.8707894494 1.7318929455
1.3638641372 2.2564810424
1.1932858478 1.4715891596
-0.6431289455 4.8788745540
3.3570008452 -1.8552906771
0.7989947869 0.8130951705
2.8215853413 2.6256568382
2.2551763017 0.9305618046
3.6641698573 -1.7087979592
0.3087701173 1.3252827597
2.7741905507 0.2354013985
3.6660181692 -0.3683695508
-0.1242521218 2.1019320024
-2.2662819750 -2.6736985742
-2.1458212682 0.9719615614
1.5802948850 1.0113588387
2.3852656373 -2.1215919032
-1.2766874420 0.6574772868
0.9178676611 1.8619379812
2.9248552247 -1.1530459189
-0.7529749397 2.8091143891
3.0723809754 -0.6914433084
0.1562027033 1.7757894555
-1.8325451150 -0.8474193163
0.1397703896 1.9899783916
-2.2978141903 -0.2097874624
1.1979882259 1.9687578401
2.7559336853 -1.5196017124
2.6772725335 -0.9052593949
0.0298842735 1.3498661368
-0.7070382645 1.5832833933
-2.3833882172 0.0754382579
-3.3174105460 -2.2470699024
-2.0218832713 0.8987892484
-0.1284975560 1.4114320500
2.9401045314 -1.4823369550
-1.4469193511 -0.4734043394
0.1303152940 1.2858610869
-1.4281702316 -0.1213531167
-1.8518174654 0.6397894675
3.5402872410 0.6963965624
2.4236819351 -0.5706652574
0.7503891088 1.9302259865
1.8976058733 1.4077738338
-0.2559634879 1.2116217350
1.3755889947 2.2833967735
3.4045239219 -2.4450394672
3.3413489634 -1.3139688680
4.4565270025 -0.3854635615
4.0175982375 -0.7466424133
2.5799266559 -1.5409344322
0.6715151667 2.3674108500
0.2999826077 1.7537083810
0.1064511422 2.4659382378
2.3997305976 -1.9875270886
-1.9525990730 -0.6671097344
0.5050462393 1.6412129338
-2.0835842917 -0.6412555181
1.0240106886 2.6576979988
-0.7012256772 1.6418738435
3.1546600137 -1.5709539548
-1.8016469419 -0.5545171275
-0.9184581569 1.9772846153
0.6386494896 0.3209456904
1.3879106530 0.3582446994
1.9272748479 -1.5613477515
0.4206488490 3.4638279449
2.2493657874 1.0621222244
3.4133369531 -0.4103227622
1.8962940649 2.7272402818
-0.4537803514 4.0424728745
-0.4359043508 2.6230265969
1.5004875630 1.6750639094
2.5349173353 -1.7164959114
0.1880422064 2.8702750542
0.8711622663 1.4829786092
0.7257016619 1.3483426767
0.4109894500 2.0172994988
-0.9042687794 3.5488582105
3.9100882237 -1.0200671579
-1.6618831260 0.8330448973
3.8890425185 -1.2274397548
4.1941188906 -1.9059284924
-1.7834340929 0.6953194414
0.7272004157 1.2394384729
1.8838754072 -1.5176154359
2.0896889137 2.0201474758
1.1267567312 1.7178184907
2.8255295849 -1.4393431172
-1.5076648848 -0.9578300617
2.4707047241 -2.1969369986
3.1078877219 -1.3326702631
1.8420580500 2.9480506749
-0.9174222817 2.9736296179
0.2232159946 3.7121335911
-1.2651119199 0.3607476700
3.0839635838 -2.0724549514
2.9185029754 -1.8604591736
2.5362142811 0.5924452698
-2.3174112177 -0.9100955396
-2.1014493886 -0.7984514484
0.3524186070 1.8491608655
-2.0611133082 1.2698918730
1.9306954010 -1.4612284273
-1.1387803498 0.7590423676
1.2786532673 1.1612995217
2.8178268278 -1.8343745906
1.5462480211 2.7748833920
2.0427359198 -2.3648239887
2.3654347370 -2.2531507336
3.5099715196 -1.6336887854
0.8823785239 2.1503331066
-0.0071110353 0.9997603941
0.9364884345 1.0860325158
0.4739315496 3.0526345680
3.4583199533 -0.0126741816
3.3936114347 -1.3315063275
0.4400049116 0.7679584212
1.5136127683 1.1053937925
0.3189666307 -0.1175504400
0.1530685368 2.3781669121
1.5561434469 1.4536134059
3.0507999956 1.1914388565
1.2502054128 0.5605324721
2.5153605974 -0.4303117870
1.1352676470 2.9985223036
1.9420428813 1.4569876810
0.9247986033 -2.2951599083
2.5613568241 -1.3565420208
-2.8337246610 0.3464292711
2.0320620242 -1.1543261513
1.7032325901 2.5927950397
-0.4910239764 3.4931644430
-2.8861040276 0.5400596154
-0.9145440055 2.6101445654
-2.6354424008 -0.2362511275
1.0845266773 2.5122538592
1.4440467301 2.3831200546
-2.6907733884 0.3019521248
2.9633268563 0.4348090792
1.0598144562 3.0025277410
2.4892484333 -2.4553604184
-2.1047215328 -0.6487908467
3.2558759831 -1.2481339929
-0.2599972762 2.6089417077
1.0889964193 1.0800260671
0.8653975089 2.3437878780
3.6341463906 -1.5932695411
3.2098134443 -1.5406365253
-2.4053911783 0.5677186391
1.3250034043 0.2628736033
0.4659726295 2.3288134732
-2.5545788575 -0.9259005645
1.5678279574 2.0610767193
0.6967641819 1.8463366331
1.0656215453 2.3622206223
-3.2573548427 -0.2681006599
3.0357182152 -0.7891505473
2.9198329231 -2.3492045419
-1.2056808173 -0.8766993691
-2.4952376903 0.6572112659
2.4905936945 -2.2826088126
-2.6266175401 -0.2944845432
0.1699158420 1.3072665112
1.0407796411 2.3916013753
-1.7595759528 0.2802109026
-1.3397466032 -0.5552408729
2.6412671264 -1.3893164200
1.3425715804 2.7219142165
-1.7177442890 -0.3442876169
-2.2446969062 -0.7524049748
2.6002220182 1.9377728785
3.6697796753 -2.2619482075
1.3031495441 3.0220704306
1.2164911035 2.3271612420
-1.1282852693 -0.2440019521
0.9728397039 1.9871934185
3.6125436468 -0.8611229989
0.3295980688 2.4486986343
-1.9018991612 0.9065406618
0.9364545292 1.8691793652
0.6559785836 1.6876758751
2.5186284882 2.0286031560
2.8761530799 2.1302361068
2.4478372741 0.1447514013
0.9855699457 3.2703509588
-1.3051607074 3.5103019479
-2.5050068972 0.4606736252
2.1282123614 2.3977066139
2.5357759796 -1.4611200105
-3.1172356075 -0.1682202459
-0.5535098514 1.2103335114
3.6997861666 -1.4895536969
-1.1743040647 0.7285351920
-0.6219839499 2.3430524606
3.3180815586 -2.4566635050
2.8093421708 -1.4579899295
3.8776677730 -1.0097810479
3.3145264638 -2.1561275261
2.4199795862 1.1611114812
-2.8361676299 -0.9114665410
1.2803675232 2.6186942237
-0.6985453503 3.0951055195
3.2140365851 -1.4396561758
0.3854552385 2.3686854964
-1.0920306017 0.8845072070
2.2233841193 2.2007992250
0.0986983540 3.5548013202
0.3999173080 2.3138448629
3.4002762494 -1.1725743719
0.3939433468 2.0929009275
2.8756541917 -0.5226510118
2.8711738019 -1.1604045161
3.2028919461 -0.7068184896
-3.4282223972 0.9513612301
2.4262497242 2.2279918953
2.7747145789 -2.5367224808
1.0049278214 1.2320145509
3.0943202270 2.2598726728
0.1834384249 2.1892939304
3.2290417828 1.0113116655
2.5908604705 1.3158332600
2.6526342489 -1.6807057271
2.6621267424 -1.9470136918
1.9985513501 1.3851170776
0.3211411797 1.7805085006
2.4396399384 0.8993663812
2.8707553795 -1.4989982734
3.1006736751 -1.0000271403
-1.7016968047 -0.7344816620
-1.4769692403 2.9602846235
3.7240609247 -1.3475311347
-1.5087249810 -0.7521865640
2.2792859080 2.3005477657
1.4121494493 1.5058245168
0.2554228713 2.0747599040
0.6335102545 2.8133840763
3.4442521222 -1.7872340366
3.2563986918 1.5668545680
1.3121124441 1.7275096138
3.5928707418 -1.5732553928
2.8311369549 1.4122650519
2.0910232151 1.8871571082
0.0051406250 3.3921900659
-2.3539862813 0.9925304707
1.1869467575 3.3055718884
2.2238970872 0.9749732740
0.6207435255 2.8711161435
4.8278008390 -0.2441309627
1.8699901983 1.8500527689
2.6210892757 -1.8622710689
3.2033372962 -2.3915560865
1.9914214296 1.1276412120
0.6240854716 1.2109080120
-1.6692375959 -0.6097534692
-2.8464781801 -0.3125630047
0.7939591098 1.7361647657
-2.5218404819 -1.1223040992
3.4115300165 -2.5942349501
1.4869298113 1.6546305382
2.8273394385 -1.3889316092
-2.6217814064 -0.8184360779
0.6378409172 3.9872624637
2.7158485127 2.5163911847
1.0354286519 2.8654906527
3.5494532239 -1.1248567093
1.5718884848 2.4553337057
1.8141554360 3.4640585592
1.1482666807 1.9214961262
3.1658659236 -2.4536914127
1.5731246680 2.3861325634
1.6670753118 2.8558539284
2.6457365459 -2.1303923277
3.8769873285 -1.6718922733
-0.4502726694 0.6965448599
0.8099618780 0.6591126011
2.8908189430 -1.2535430624
3.1964286567 -2.5603198447
1.3515428590 2.4933213798
1.6448673872 1.8431710823
0.8307190604 1.7399418803
-0.1044105303 2.1804787253
3.5343502327 -2.6976041671
0.5905171581 2.8106042454
2.5043451337 -1.5265583895
1.8688157608 2.8907013774
0.1855467951 3.5536530204
0.7192689721 2.3875846527
0.0839149780 2.7234545711
1.1981142266 -1.7952917218
2.8626748894 -1.3062718543
-2.3141642862 -0.3935487966
2.3073170072 0.4494632733
0.5861512071 3.4391231002
2.1835682345 1.3292960829
-3.1933885312 0.2537929598
2.5837043224 1.7887414035
-1.7696942378 -0.6203661086
-2.7734535795 0.7760246483
3.6527297347 -1.3771545199
1.0220501444 3.2358500910
2.9227548302 1.9538768932
2.9359222482 -0.6455967402
2.5799098473 -1.2451548783
3.8787756868 -1.5407558904
-1.8773125087 -0.6609481117
-1.5834424527 0.9088975140
0.5220273047 3.0495034600
1.3718117562 0.8405548723
3.6348951111 -1.8692811310
-0.4255114976 2.6945049414
1.2851962380 2.4232012802
-1.3579130730 -0.0589757149
-0.8094705714 0.8756543695
2.0454244528 -1.3094335839
1.1695481299 2.8970409075
1.9890730590 2.7726698453
-0.0888866258 3.4630473804
2.0739445674 0.7519305103
1.8183566113 0.9221451058
-1.9952128900 -1.5409008509
1.3703967421 2.1317159161
2.8813897055 -2.8878657091
1.3153517308 1.6784074636
0.9566500823 1.1359056230
2.8792650375 -1.6313750792
2.9926857036 -0.7292242753
-2.2251566416 2.7222884554
2.8803084079 -1.3114351167
0.8882134328 2.9287379323
-1.5383944039 0.2052053247
1.5546331043 2.5978492627
-0.7489417904 3.2722632934
2.7751585916 2.2133396149
-0.7044768519 2.6041264420
-2.7548963586 -1.2292305242
0.1615167288 3.2510985250
3.8835593234 -1.5888484783
-1.8714012381 -2.0381164483
3.4209208873 -1.5451145999
2.9560027368 -1.7904026559
-0.4613629992 0.1738356306
0.6294422082 2.5293413767
2.7997051886 -1.8335079980
2.6938009249 -1.5470099910
1.4396730500 1.8607788156
3.2330656974 -0.7712264678
2.2741525763 1.4122433406
3.6645513795 -1.8450440137
1.1853820882 1.5131927932
3.1162630206 -1.2593011666
-0.2328710276 3.2571014272
1.5427313939 1.5946056733
2.3721214046 1.1915863463
-1.5521209378 -0.2839273509
1.0068447851 3.4506255983
-1.4028838169 -0.3629163212
2.2734031434 1.2251632197
1.2511634301 2.2534672805
2.1719784679 -0.9813365249
-1.6949037920 1.3567937404
-2.0046187619 0.3710860568
-2.4934791667 -0.6847479961
1.1699306587 1.8341806870
0.0602489675 1.2414986718
0.0963219959 2.0146674850
-2.5118920929 -0.5662602259
1.2364197696 1.1738264365
-0.1011053113 2.6474809384
2.4523822240 -2.1357754441
3.2571505766 -1.6900733661
-2.5305504788 -1.4209579345
4.0872695713 -0.5714318863
2.6626773805 -0.3399451081
-2.3816704973 0.1141578362
0.5077007810 1.5481092176
1.5484607194 2.8554363120
0.7232368068 1.0581181088
2.6135949398 1.9014414344
0.8045881394 2.2624269299
-0.1011460789 2.4858992010
-1.9732659100 0.5456284277
1.6144459616 2.4282902743
-2.9452590266 -0.2226004259
-0.6993943150 1.6563042148
1.9946236222 2.9729016066
-2.0617524140 0.8899410027
1.7266485026 1.6418016693
2.8605897295 -1.7477079171
1.3174141643 0.0305039948
0.0679507495 2.5007451937
2.5657131969 -1.8563096276
0.7304354254 0.9326809207
0.0225966374 1.7054762838
-1.6251951607 2.1642528619
2.6488982728 -0.9134815628
-2.0362870024 0.9636904317
3.5972922440 -1.3449882277
2.9268621059 -2.2955946991
0.8801778882 3.3725625369
1.0911676124 1.5461730883
2.6478511933 -0.8636803154
3.1036334988 -2.3385115091
1.5075178332 -0.4627445239
-3.0726520901 0.5506410577
2.5220806473 -2.8494079573
1.0768391623 1.6541024953
-1.9073912835 0.0681842714
-0.3696237520 2.6297242175
1.4479983598 1.0028924381
1.7777954943 2.2768200122
-2.0933827140 0.5856890915
0.1291494664 1.9386203357
3.6175772337 2.5428919084
0.3103214360 2.9777532388
2.1799855131 -1.4993236078
3.2718129484 -1.7911119065
-2.6787563011 -1.3162087613
2.6704360918 -1.2838188396
3.0014069721 -2.7534733022
-1.8653658904 -0.3596645175
0.5260037585 2.3124328575
0.7085664303 2.4752333075
3.1247863795 -0.7139753791
0.0177468568 2.5833951152
1.5794522599 1.6171670588
1.7182857350 1.2122013452
1.8749037471 1.4351288725
-3.0736860198 1.0183837095
0.3949317182 1.7667370310
2.0828580318 -0.9782414352
2.5766511638 -1.8282938770
2.6910725373 -2.5091325671
1.7973361053 1.0819274114
1.0357310766 3.3299933267
3.4464868774 -2.2907591472
4.1607553060 -1.0861833761
-2.8731816759 -1.0303501037
3.0018856754 -0.4890176752
3.0786823662 -0.5294481382
-0.5447803489 2.3011162807
-1.7996536655 -0.4217905570
2.6841387670 1.6868139866
2.2454333577 1.1864794003
-2.6347034251 -0.6033456870
3.3389333598 -0.9206713051
1.7613879673 0.5711159195
1.8448785650 -0.3616619020
-1.2301176847 2.0530433240
-2.2132196953 -0.7429551191
-1.8347517810 0.3733537343
3.0539899375 -0.9116935125
0.8431308756 1.5080532882
-1.2980951920 0.6095153575
2.8176231166 -2.3318580749
2.5155963252 -1.3743906181
-1.3310974246 0.7133493769
0.9257386197 1.7627746833
-1.6275118554 3.4782436605
2.7427914586 1.9628173521
2.1807802959 2.1272913317
1.5177292601 2.7387291363
2.9426339897 -1.8304198668
2.2179081673 -1.4455526705
0.3802061135 2.8593011648
1.9347154104 0.7051311718
-1.4007408161 -0.4401652039
0.4500967409 2.5635578325
-2.4870066070 0.1905049261
1.6698646913 2.3913596015
2.9818127721 -0.9738398239
2.4800710302 -1.1546340575
3.6641541193 -1.0506802597
1.8316447596 1.7033247629
3.0661199366 -1.9875878484
3.1970464507 -1.3439616428
0.4337018816 3.0021522316
0.0042381555 2.3519803971
1.2508916889 2.5057195392
1.6254842726 2.3558357506
-0.9496857343 -0.6117678554
-1.2306325300 0.4879427145
-0.5830271844 1.6946376887
3.0637623930 -1.1441021782
4.0316147451 -2.0859641793
3.2550048125 -0.1097744386
0.9566690129 1.8674212898
-2.7027101327 -0.8398586520
3.2670099023 -1.7228266441
-0.2088069017 0.2786097731
3.1247996255 -1.3710470386
2.1008496532 -1.4359031390
-1.3843182781 -0.6577678734
-2.3731176865 -1.5766671781
0.8609186805 1.5758084455
0.8279861301 1.1458153754
-1.0579222408 2.2567643191
-1.8021002184 0.1655713504
3.8619793169 -0.8417496478
3.5677027382 -2.2890761081
1.2166006369 0.6516008234
0.2288601026 3.1338459224
0.9155199723 2.5077114471
3.7487030951 -1.8093712123
1.2314032359 3.3390197405
0.6143119257 1.5306695611
2.4291112385 -1.2031604329
-0.4702160049 2.6164153341
-1.6890373073 0.2089333107
2.7615353648 -0.7772695919
2.5667308733 -1.2040060780
2.8784065420 -1.7339151485
-1.6647416454 0.6433432619
2.4432955724 -1.3571322903
2.1116072503 1.7475018389
-0.8840662294 3.5404547059
2.0508629818 -0.4526620141
0.7020231540 1.4169505822
0.6135344266 1.9653411969
1.9794704430 2.2165710701
0.4873274406 1.4349455928
-0.1775626875 2.6261174672
2.9682541939 -3.4011339954
-2.6296407071 -0.7028863015
2.6703931958 -1.4510014176
-2.0063280868 -1.1986851142
0.6534170088 2.9385257681
1.3230150045 1.3124774706
1.5511119951 2.3450218327
1.3002785853 0.8008071558
3.3219540674 -2.0684922737
-0.0076326504 1.5621544180
-1.8327094638 -0.7692251674
-2.2889222340 -0.0644554928
-0.1079277489 2.6984152937
-2.1212088127 0.8385628642
3.0285240800 -2.2004814368
0.8705182739 2.8578010122
2.5125465224 0.9123790202
2.3806244536 -0.5661497639
2.4104805475 -1.9600665911
-0.9755432599 1.2448152224
-0.2338902604 2.7454839246
-0.3954623810 -0.1375694884
-1.4410603427 -0.2660987232
0.2670478367 2.0032960489
3.5700960767 -2.3607791227
0.9087782062 2.2450346575
-2.0570199710 0.5869587036
-2.4166442572 0.9075788702
2.8686382474 -2.7075701889
-1.4684995096 0.9271392496
-2.4606562633 -0.0558443860
0.2876119683 1.4344848947
-2.5755083473 -0.4447187522
1.2278972520 1.1731985491
1.0048032730 1.4146452899
-1.3479679110 2.6982822400
1.0883184395 2.9507152317
1.0461010865 1.7188682012
-0.8843264203 3.2065885573
1.1494867579 1.7605816792
-1.1572226046 1.4941347563
2.4920052338 1.5385671022
1.8077071411 3.0506863621
3.8519291220 -1.7946880558
0.3413703906 0.8551490991
-0.6331142158 1.9377763107
3.0490237426 -2.2864050766
1.5024578010 3.3200595505
0.7266046865 2.7400298466
-0.8263348698 -1.0556101476
0.6361607280 3.0483668246
1.9092909769 2.2346311461
2.5878021376 -0.6884668980
0.5905540076 2.4257205402
2.5336805142 -1.5461781090
-2.7917195121 -1.1032122629
2.3868470560 1.4567565459
-1.7679829901 1.8828708938
3.2231602402 -2.6054661808
-2.7212176648 0.4105648804
0.6883217222 2.8657504566
3.6081716983 -1.5927798303
0.1069034575 1.7303753668
-0.7343476505 3.1877533361
2.0482967029 -1.4080925900
1.2984466572 2.3872308801
0.8628164297 1.7316975745
1.7086396919 -1.0564654985
-3.2704939989 -1.8200652666
-2.2055242366 -0.0859133475
2.4883249401 -1.6664781876
2.1049974440 -1.0581575225
2.4228392059 -1.8496196843
-0.0507510344 2.5530613609
-3.2202167037 -0.4859750495
-1.6546483765 0.5444110086
-0.1427700431 2.9181171534
0.2686524223 2.9980891690
1.0138102650 0.7656759228
2.8464727451 -2.5924083009
2.3533463977 -1.1572353520
-2.3375898331 -0.2870827029
2.1269669845 1.2069030578
-0.0151940726 2.9013744098
0.4877637213 2.6303332158
-1.5591810697 -0.5941218945
0.6821939911 1.5539391776
-1.0749793368 2.8325729192
0.7413853153 1.8639988086
2.6633808541 -1.1867926387
-2.8255532491 -1.1406218045
0.4551028291 1.5969387850
4.3269581182 -1.4767426362
3.3142553461 -2.0037783322
1.8267133465 1.5478222811
3.0561474254 -1.5890222141
0.8435226875 1.2704260969
3.2843961869 -0.5451778010
1.8814012425 0.8108201941
2.9840154970 -1.2029257248
2.2084441851 -0.1705941706
2.6233653725 -1.8314866200
1.2165620715 1.6976929476
3.0091285080 -1.9182429665
3.8042706795 -1.6453154023
3.3194971069 -0.9771238652
3.3195034254 -2.1736378769
-2.6277278769 1.3322404491
2.2249739159 -2.6553000017
-2.3596962579 -0.4129633165
0.2797870727 3.2652132405
0.4812432528 4.7744281124
0.7905132086 0.8547860923
1.5539471094 3.3294759497
2.3930167002 -2.0615667816
1.2013059456 0.5319065390
0.1788377333 2.7587026590
1.7264973067 2.1274571167
1.8413957561 2.1699705374
2.4283099865 1.8955899383
0.7798167187 1.7872107873
-1.7128905297 0.0482647133
4.0075361337 -1.0264910297
-0.2759800376 1.4192262587
1.3007145844 3.8868426259
3.4308614865 2.4602336232
1.7588689645 2.1168802397
1.6320164642 1.1679362553
-2.2173943747 -2.6130209565
-3.6471828227 -0.0898155965
-2.5477698518 0.8896957586
1.3003377153 0.2303242138
2.3463792487 2.0413432320
3.1468058936 -2.4579960546
2.5482497255 -1.7996050121
3.3219961542 -1.7489226550
1.8019134386 0.3327894978
-2.4320178846 -1.0704442416
2.0057902577 -2.2868532379
0.6158292244 1.0130742751
0.8956601035 2.4334818907
1.7916590858 -2.4721504566
-1.3183823349 -1.3512668076
0.2429291202 0.1131225405
-2.6908233079 -0.3827634584
-1.5015512313 0.1418037511
0.0673631561 2.3460019012
0.1253403108 3.0117618439
2.1259136872 1.5024993660
-1.3329066183 2.3482890319
2.9827070300 -2.9713494430
-2.3481389574 -0.7867291107
3.6892763695 -1.1650338308
3.7772109533 -1.1224247931
3.1402421680 -0.8029609093
1.4128792900 0.6932289744
2.2401284634 -1.2549614953
1.9553081045 2.3385189544
0.7018673786 0.7722695988
1.3068246019 1.2125438289
3.1628640889 2.9003757199
1.7845409577 1.9185354133
0.3525018977 2.3557784588
1.8618330142 1.8786282891
2.1293368670 1.6156732314
0.3416981762 0.2620475884
2.6469458360 2.2119071979
-1.1373219943 3.6082962453
2.9746516370 -1.5174381705
1.8482810393 4.0421378758
3.0868615479 -0.7431248817
-0.6268827854 1.9079491969
2.3145936914 3.5506158179
0.7746206886 0.8837210348
2.4341905500 -0.5591304552
0.3129607107 2.9197540937
3.9159182789 -1.6412381129
-2.8103252254 -0.3872314433
2.0733384932 1.2574102713
-3.3720474498 -0.9202193940
2.9899826667 -1.1507375068
3.1106900584 -2.4656735061
2.0511124485 -0.6384632141
1.7305219954 -0.0775438596
2.8244448911 -0.9608081452
1.7246491436 -1.4450442990
-0.2853564272 1.4856195793
3.0695640009 0.7866739758
2.8359883075 -1.8788025912
3.2454981830 -1.5882243115
-0.5880779157 0.1002964504
2.7259964498 -1.8891656488
-2.8048827297 -0.6134333237
2.5458114423 -1.1865047910
1.4267660440 0.5921595070
1.7773550358 2.0063057483
-1.2023039623 1.1568547496
1.3510080556 2.6205384514
0.3122748487 3.2615724892
1.2019127142 1.9300049028
-0.9252502007 0.9708083506
1.0612302061 3.2646010923
0.8060086891 2.0330077196
-1.5185221859 0.8015273317
1.7905216161 2.5386750629
-0.4512762809 2.2196431550
3.2996222423 -0.5808802168
1.5149683625 2.9866579287
1.9352127584 0.7187713674
2.5449243454 -0.3503077783
1.8431060177 1.4730151764
1.5592732859 -2.0955393521
-2.6792313329 -0.6630124950
1.6041083407 2.4750778231
-0.7647988712 3.2483114738
3.0383579197 -1.5426808274
-1.3455212938 0.7974640679
-2.1856398576 -0.3777721061
2.7060169830 -1.8654923816
1.6185918250 1.6862520628
-1.6440016910 3.5655279202
1.6976701911 1.5330505451
-1.1304200539 0.2965789040
2.5582531444 -2.2777064788
3.0842487059 -1.3788195498
2.6493494959 -0.4838623948
-0.0258261606 1.5377921364
-0.7875398525 2.3115213482
1.7544174733 2.6575861936
2.9199984598 -0.5441223854
0.2698588620 1.6838095440
3.6403066353 -1.9550664398
-1.6864144779 0.2171636360
-1.7250689065 -0.3946656651
1.5151586957 2.6748513192
1.0695639703 2.6147694095
0.2680605994 1.1517024452
-0.5882542296 2.6036372840
2.1881939032 -2.2037354568
-1.3107306920 0.2116283392
4.8171016486 -0.5843843868
2.8046349118 -0.7888057974
3.4426128783 -2.0307125768
0.9513187534 2.5285245431
-3.2626904802 0.0541527540
1.3495297837 0.9766626042
2.2099403935 1.9478222333
0.1515331557 1.2046949817
2.1474973750 1.4274672919
0.4501777023 2.1593926531
1.6885749248 0.8480770770
1.2841965055 1.1654487612
1.3282999912 3.5847294270
1.7359090540 2.6985144852
3.7054613360 -1.0106438543
-2.5992620184 -0.5486246431
2.5634755705 -0.8331722189
2.8024029917 -1.1950204110
2.9063839698 -1.8230975162
1.5886348474 0.3834917738
-1.5221300035 0.4576318609
-2.3869698329 -1.5421625381
3.4437242561 -1.5071175866
1.9862015822 2.3617438078
-1.8442518003 0.1591514805
0.0584069859 2.1172388725
2.1478918353 -2.0428469000
2.6555063187 1.1484850725
3.2760900692 -0.4603436492
-1.7497826026 -1.6385950587
0.9275002348 0.9334305193
1.7285788691 -1.1572512532
-0.1033031809 3.0560054593
2.2885389875 -1.2262756010
2.9342430811 -2.0524034201
2.1204052834 2.5655926174
2.6748167875 -1.8152321716
0.5734082721 1.3154563830
-2.2390524276 0.6811602072
-1.1633237750 1.1249415828
-2.0873397918 1.1867449994
1.6655192539 1.9365895027
3.0580757598 -1.5459500246
1.2685918240 0.3213263328
0.7659461375 1.4364436492
1.9173702552 1.4661800885
2.9435418088 -1.2637434372
2.2747823698 1.8879649286
-0.4538080026 2.9166221273
2.3346448833 -1.3522373793
0.8181350989 1.6745361514
2.4275002612 -0.8139971685
3.2018645143 -2.3885670794
2.7978986584 -1.3872351976
-1.1193221268 -0.4314243304
-1.0380402400 0.8074943870
2.1885242003 3.1401265538
-2.2321548051 1.3620621434
0.0521111357 3.3124962879
-2.4290726346 -1.5502644274
3.3937289482 -1.6423789589
2.5547370563 1.2673920281
2.7095701050 -2.4484123283
-1.8455254285 -0.1399226493
-0.4756100402 2.7057208616
-1.4910559661 0.3324843674
-0.1656665263 2.0750711911
2.2617633606 1.7513784811
2.2688420193 -1.1454377919
1.3554984262 0.6280126723
3.9058393556 -2.1250042359
-0.0199259887 1.6523233129
2.3107099335 1.6565690141
0.4932773514 1.1770940481
1.9121070123 1.3141962145
-1.0909498540 0.4395905982
-1.8710994060 -1.3906354401
3.1125110966 -1.8736430055
1.9332972557 1.4616510247
3.5112233302 -2.0745538077
-2.9570488367 -0.9084083730
-0.4847418802 3.1243973607
3.2087875947 -1.7415195720
3.2761470295 -1.9950236008
1.9473172282 -1.3570977530
2.3747054563 -1.6809016736
1.1012763913 1.1402456284
-0.7175185223 0.2117383700
0.1157938893 3.4879992984
-2.7347925649 -0.2159236739
1.6573984371 1.4269435798
-2.2343895877 -0.4575141214
-0.0722946870 2.0391455342
-2.3363431005 0.7694664532
2.5312978999 2.2886112923
-1.6160814045 0.2034591329
0.1619061048 2.5651510041
0.9783484084 1.2271891042
3.0283312366 -1.2757851268
1.0404982151 1.0863460967
-2.4774434038 -0.8834575166
1.1483556117 2.3806227226
-0.9918460323 0.3895926552
0.2787827058 0.8517353432
-0.4423894211 -1.1008632940
2.3130213089 1.8115936794
1.0938583811 1.3178180369
1.0672370989 3.4806557045
3.6834306777 -0.6253883988
-2.6233537784 -0.7768304190
2.3521276948 -0.5446320418
0.7056500359 3.5736382804
3.6720728241 -1.1500740385
-1.5802429084 1.0690562062
2.6498915266 -0.7113973296
1.2902189967 2.4403613145
-1.7162973451 0.3784080032
2.8640288430 -1.6132691798
0.4998292827 2.4501798034
3.1088222237 -0.2777195346
-2.4923666787 1.8240556303
2.7614943588 -0.6725937852
2.6053682572 -0.7129194921
1.5784627696 2.6348634313
-0.2640519025 -0.0802268847
2.5510728732 -1.3894579264
0.3024225585 1.5308979579
0.7123134042 1.6455143235
3.2136505330 -1.7722663558
2.9291546053 2.2906983310
0.1753326470 2.7092280305
1.2853591005 2.1575789466
3.0407994467 -0.8505712224
-2.1383210270 0.0698457713
0.7773915023 1.3159657537
-2.3739303029 -0.5929223267
-0.3829641580 1.3403293163
2.9462681631 -1.4602169274
2.1326622215 -2.2759491592
2.5867731582 -1.2521975477
-0.8200096380 0.5780195385
-2.1998739968 -0.0861954965
-1.9153313859 0.5163100934
2.3911078803 -1.7462840904
0.2787226839 1.9794514435
-1.2240333483 0.1302419625
2.4671480746 -1.4675070248
2.0820706809 -0.6379663142
-1.8632845131 0.5929301631
0.5056268538 2.5929273543
0.3366311481 0.5428118315
0.5859710279 0.4847156108
-2.3645720637 -0.3329455406
-1.6216142654 -1.6720273468
0.9031976644 4.4421604427
1.2604589372 1.3826624652
-1.8063716226 -1.1418511787
-2.1299981999 -0.7398921011
3.3346772711 -0.4665323229
3.4309092517 0.6981179564
1.7683924903 1.0169125836
0.5200919615 1.6379811465
-1.3850862827 0.3231173519
3.8405177978 -2.8973627986
2.8855767587 -1.0469235015
4.0837291313 -1.6081050801
2.0922732738 1.0946688955
1.2055175993 2.6948210127
1.7737242884 -0.4594114855
-0.2456072046 1.0919287368
0.5067619035 0.2331533825
0.4276769871 1.8095835613
-0.5618866191 1.7055201614
1.0665949017 3.8912968715
3.2986920410 -0.9143754350
2.0701749418 1.0280507703
2.1163913502 -1.9641724429
3.3310543312 -1.1462653213
2.3197033595 -1.4560910149
2.6713124359 1.5080610208
-2.4897142767 -0.2230022302
1.3903875006 2.7659242958
2.8689207769 -1.4264177767
3.5472101054 -0.9261889367
1.6762417694 0.7960161565
2.2814640565 -2.1743337152
2.1144008048 1.0435383236
1.3112836735 2.3817449479
2.5761394558 -1.0672576457
0.7986175484 0.2261696836
-0.1892745629 1.0689097716
2.7220415699 -0.6272810672
-0.3733601886 2.3869663609
1.0361973510 2.7618776871
0.1661467071 1.9744985259
0.7506939471 2.3462735203
1.6685133184 4.4688072033
-1.0008180432 2.9567931195
1.4353073459 1.7261309206
1.9165894523 2.0257322814
3.0193205038 -0.4287275643
2.7055931369 -0.7074036576
1.8219908121 1.2583461134
0.2258016124 1.3783730299
-2.4189373404 -0.3974898987
2.1424596433 1.5037370492
0.7380979608 2.3972300478
-0.2146721205 2.9477950881
2.1940589569 1.2573662788
2.5842267277 -2.0706289251
-0.7555635344 -0.4518638957
-0.4234550069 3.3294367371
2.6663532936 0.7483187527
-2.3831981308 -0.1017385902
2.4684339239 -0.7163094849
-1.9943816514 0.2757213627
0.0529353561 2.6783025232
3.2112009278 -2.3228069409
2.6502701896 0.3806697203
1.5675301918 0.8227656792
-2.7798610766 -0.0463534122
-1.5568847486 -0.3088285700
1.0812300390 1.0229674626
-3.5180223045 0.7217219847
1.1862959845 2.7350812137
2.6169243766 -0.9313932414
-0.3222979987 2.1992888985
-0.2228486030 3.4400629382
2.4153320558 1.2363155915
2.7108758696 -1.4767857685
-3.1967427538 -0.4736981666
4.3894523832 1.7774709105
1.2520759703 2.8981320031
1.5249759887 0.7801006725
-1.1766671099 0.3264629499
2.4062444935 -1.0102723624
-0.9268046689 -0.0420152118
-2.4699100747 0.0213225147
-0.2563786416 0.3724653724
1.3588679498 0.0206052487
0.0081022709 2.9621025232
2.5901663158 -2.1052886027
2.5418966993 1.2325763566
2.8638164835 -0.5932312973
3.3486575504 -1.3870841163
0.4998838928 2.1147499531
0.7675532840 1.4416688313
3.2747288749 -0.7423036756
-2.7053244280 -0.2691170846
-0.0405749342 1.7516849467
3.2106617446 -2.9429928279
1.5616889118 -1.8098030908
-2.6553621429 -0.6566057256
1.5079630312 0.9050558819
0.3703921305 1.1409061854
0.3483700653 2.7154994922
1.7273895698 3.3953266583
2.0275342072 0.2151756028
1.8832511675 1.5615719308
1.3721634171 1.1380328617
2.9468456077 2.4737975012
2.9721724899 -1.8831873143
2.8485715833 -1.4591446602
-2.2132024936 -0.3497345721
-2.9093788007 -0.4397021738
-0.1336888721 -0.5053730685
0.3456000613 2.5466413168
1.6161519552 1.6499534150
-2.5921845617 -0.5387909087
-3.0146271200 -0.6360680421
3.0330817775 -1.2319346732
-1.5009510157 -0.3198729437
2.2997047096 -1.5728480790
1.8666237492 2.7319840911
0.3256049169 1.1298613728
3.0640176958 -1.3444822624
-0.4500155096 4.0588810765
-0.3515075944 2.9185391203
0.0840364811 1.2658289838
-1.5705915244 0.0330451426
3.5711350080 -1.1610678542
2.3880062564 -1.3356497578
-2.2862773513 0.8645859094
3.3213391107 -1.1623009977
-1.7226544451 1.1689616377
1.2764876298 1.2198105949
1.4991904202 1.9627501294
-1.9913338195 2.2467723051
0.4136510238 2.2513177531
-0.8036947026 1.7542540001
0.2174339721 2.3894137417
1.9327808772 1.7461906393
-2.8280256321 -0.3796619403
4.1233870138 -1.3802570778
3.9589217204 -1.9866365587
0.0006522371 1.6770403858
0.9595775130 2.2948513813
1.4046464500 3.0664864203
0.3567809265 0.7751091185
1.0750119357 3.6357452737
2.1777088944 -2.1388896316
2.0804233735 1.8635271612
-0.6247551109 1.5718633794
1.4593350411 1.6336719609
1.6526225572 2.4375418407
1.7916296865 2.9802788614
-2.1457987526 0.4846334029
1.8940604579 0.9617752846
-0.2600704421 4.7594559184
0.8586456748 2.8727397417
3.0952934768 -1.4983337474
-0.6594545920 3.0932950355
-2.6179416985 -1.3052550919
-0.0766265437 2.0560852235
-0.0475288561 3.7764427819
-0.9708514657 0.1794233762
-0.0319214189 3.8602380412
3.6030611190 -1.8054513759
0.0678509372 0.9737925661
-2.9112389162 -0.6524309312
2.9460832049 -1.7756624136
-1.0990995169 -0.3500836561
1.0028984080 1.8895644461
0.5813992905 0.8101244034
-3.0474419705 -0.5750478465
3.3299872184 -2.3850457635
2.6393866147 -2.5763373834
0.9665182096 2.1165816546
2.5894391547 -0.9093584657
2.7523878731 -2.6552500193
3.5723390571 -1.0311525352
1.3171100130 2.0438404028
-2.8675281723 -1.1630410159
-1.5381900308 0.1314625694
2.7980323457 -1.0552685395
0.2042981560 2.8212077244
2.5584594588 -2.3600069148
0.8894170707 2.2698944594
0.2162450222 2.9845094462
0.7555623096 1.1595440882
3.0622309647 -3.1810542190
2.6247206370 2.0964930535
3.0353061584 -1.5768436604
0.1751529260 3.2142527024
-0.0304198912 3.7007895723
0.9400525269 3.4604455363
2.2368871009 2.4735384665
3.4404571239 -0.6012006910
2.7569966885 -2.5237959021
-1.0400565349 0.5823816956
-2.5472184018 -1.5285099568
1.5683562619 1.3361670918
3.0054622096 -2.4471071647
-2.1006476474 0.5803671244
2.8231763060 1.5710321515
-2.0760193983 0.4001843837
1.3435247588 1.9014307246
2.2835369303 -0.3683889350
1.5914070430 1.9914072382
0.4527613593 4.3187197348
0.8128635747 1.2192902685
3.9103109683 -2.9994829657
-0.0881111778 2.5468489620
4.1261493308 -1.7978394360
0.9772544672 1.8802224600
-2.4480065165 0.3549259222
-2.0192794722 -0.6367006799
1.8483320450 2.2798809711
-1.1313258358 0.4945669450
-2.0420440289 -0.2035460110
0.3183463245 2.0601435889
1.1027826643 1.5556252535
0.8694322365 2.5045161383
0.4914844366 3.8356495300
-2.7145908158 0.5606344870
2.8222973776 -1.0447944401
1.8640375757 1.8123923856
2.4248429233 -1.6784159666
2.7536222223 -1.6193549408
2.1604847056 -0.2784753264
-2.0859593994 -0.3951984673
3.3998783907 -1.3223047960
-1.4317798815 0.2148224701
2.9524072983 -2.2557494375
0.7998885230 2.6144550178
1.6119072412 0.4438295189
1.5876121220 0.6499034771
1.4887673247 2.3458988916
2.4452186939 0.6576479009
0.1305942790 1.5596079268
